ISO-10303-21;
HEADER;
/* Generated by software containing ST-Developer
 * from STEP Tools, Inc. (www.steptools.com) 
 */
/* OPTION: using custom renumber hook */

FILE_DESCRIPTION(
/* description */ ('STEP AP242 Edition 2',
'CAx-IF Rec.Pracs.---Representation and Presentation of Product Manufa
cturing Information (PMI)---4.0---2014-10-13',
'CAx-IF Rec.Pracs.---3D Tessellated Geometry---0.4---2014-09-14','2;1',
'CAx-IF Rec.Pracs.---User Defined Attributes---1.5---2016-08-15'),
/* implementation_level */ '2;1');

FILE_NAME(
/* name */ 'Cover',
/* time_stamp */ '2026-09-06T18:33:06Z',
/* author */ (''),
/* organization */ (''),
/* preprocessor_version */ 'ST-DEVELOPER v20',
/* originating_system */ 'ONSHAPE BY PTC INC, 1.220',
/* authorisation */ '  ');

FILE_SCHEMA (('AP242_MANAGED_MODEL_BASED_3D_ENGINEERING_MIM_LF { 1 0 10303 442 3 1 4 }'));
ENDSEC;

DATA;
#10=SHAPE_REPRESENTATION_RELATIONSHIP('','',#3142,#11);
#11=ADVANCED_BREP_SHAPE_REPRESENTATION('',(#3140),#5470);
#12=B_SPLINE_SURFACE_WITH_KNOTS('',3,1,((#4251,#4252),(#4253,#4254),(#4255,
#4256),(#4257,#4258)),.SURF_OF_LINEAR_EXTRUSION.,.F.,.F.,.F.,(4,4),(2,2),
(0.,1.),(0.,1.),.PIECEWISE_BEZIER_KNOTS.);
#13=B_SPLINE_SURFACE_WITH_KNOTS('',3,1,((#4268,#4269),(#4270,#4271),(#4272,
#4273),(#4274,#4275)),.SURF_OF_LINEAR_EXTRUSION.,.F.,.F.,.F.,(4,4),(2,2),
(0.,1.),(0.,1.),.PIECEWISE_BEZIER_KNOTS.);
#14=B_SPLINE_SURFACE_WITH_KNOTS('',3,1,((#4285,#4286),(#4287,#4288),(#4289,
#4290),(#4291,#4292)),.SURF_OF_LINEAR_EXTRUSION.,.F.,.F.,.F.,(4,4),(2,2),
(0.,1.),(0.,1.),.PIECEWISE_BEZIER_KNOTS.);
#15=B_SPLINE_SURFACE_WITH_KNOTS('',3,1,((#4298,#4299),(#4300,#4301),(#4302,
#4303),(#4304,#4305)),.SURF_OF_LINEAR_EXTRUSION.,.F.,.F.,.F.,(4,4),(2,2),
(0.,1.),(0.,1.),.PIECEWISE_BEZIER_KNOTS.);
#16=B_SPLINE_SURFACE_WITH_KNOTS('',3,1,((#4315,#4316),(#4317,#4318),(#4319,
#4320),(#4321,#4322)),.SURF_OF_LINEAR_EXTRUSION.,.F.,.F.,.F.,(4,4),(2,2),
(0.,1.),(0.,1.),.PIECEWISE_BEZIER_KNOTS.);
#17=B_SPLINE_SURFACE_WITH_KNOTS('',3,1,((#4332,#4333),(#4334,#4335),(#4336,
#4337),(#4338,#4339)),.SURF_OF_LINEAR_EXTRUSION.,.F.,.F.,.F.,(4,4),(2,2),
(0.,1.),(0.,1.),.PIECEWISE_BEZIER_KNOTS.);
#18=B_SPLINE_SURFACE_WITH_KNOTS('',3,1,((#4349,#4350),(#4351,#4352),(#4353,
#4354),(#4355,#4356)),.SURF_OF_LINEAR_EXTRUSION.,.F.,.F.,.F.,(4,4),(2,2),
(0.,1.),(0.,1.),.PIECEWISE_BEZIER_KNOTS.);
#19=B_SPLINE_SURFACE_WITH_KNOTS('',3,1,((#4366,#4367),(#4368,#4369),(#4370,
#4371),(#4372,#4373)),.SURF_OF_LINEAR_EXTRUSION.,.F.,.F.,.F.,(4,4),(2,2),
(0.,1.),(0.,1.),.PIECEWISE_BEZIER_KNOTS.);
#20=B_SPLINE_SURFACE_WITH_KNOTS('',3,1,((#4387,#4388),(#4389,#4390),(#4391,
#4392),(#4393,#4394)),.SURF_OF_LINEAR_EXTRUSION.,.F.,.F.,.F.,(4,4),(2,2),
(0.,1.),(0.,1.),.PIECEWISE_BEZIER_KNOTS.);
#21=B_SPLINE_SURFACE_WITH_KNOTS('',3,1,((#4404,#4405),(#4406,#4407),(#4408,
#4409),(#4410,#4411)),.SURF_OF_LINEAR_EXTRUSION.,.F.,.F.,.F.,(4,4),(2,2),
(0.,1.),(0.,1.),.PIECEWISE_BEZIER_KNOTS.);
#22=B_SPLINE_SURFACE_WITH_KNOTS('',3,1,((#4421,#4422),(#4423,#4424),(#4425,
#4426),(#4427,#4428)),.SURF_OF_LINEAR_EXTRUSION.,.F.,.F.,.F.,(4,4),(2,2),
(0.,1.),(0.,1.),.PIECEWISE_BEZIER_KNOTS.);
#23=B_SPLINE_SURFACE_WITH_KNOTS('',3,1,((#4439,#4440),(#4441,#4442),(#4443,
#4444),(#4445,#4446)),.SURF_OF_LINEAR_EXTRUSION.,.F.,.F.,.F.,(4,4),(2,2),
(0.,1.),(0.,1.),.PIECEWISE_BEZIER_KNOTS.);
#24=B_SPLINE_SURFACE_WITH_KNOTS('',3,1,((#4464,#4465),(#4466,#4467),(#4468,
#4469),(#4470,#4471)),.SURF_OF_LINEAR_EXTRUSION.,.F.,.F.,.F.,(4,4),(2,2),
(0.,1.),(0.,1.),.PIECEWISE_BEZIER_KNOTS.);
#25=B_SPLINE_SURFACE_WITH_KNOTS('',3,1,((#4481,#4482),(#4483,#4484),(#4485,
#4486),(#4487,#4488)),.SURF_OF_LINEAR_EXTRUSION.,.F.,.F.,.F.,(4,4),(2,2),
(0.,1.),(0.,1.),.PIECEWISE_BEZIER_KNOTS.);
#26=B_SPLINE_SURFACE_WITH_KNOTS('',3,1,((#4494,#4495),(#4496,#4497),(#4498,
#4499),(#4500,#4501)),.SURF_OF_LINEAR_EXTRUSION.,.F.,.F.,.F.,(4,4),(2,2),
(0.,1.),(0.,1.),.PIECEWISE_BEZIER_KNOTS.);
#27=B_SPLINE_SURFACE_WITH_KNOTS('',3,1,((#4519,#4520),(#4521,#4522),(#4523,
#4524),(#4525,#4526)),.SURF_OF_LINEAR_EXTRUSION.,.F.,.F.,.F.,(4,4),(2,2),
(0.,1.),(0.,1.),.PIECEWISE_BEZIER_KNOTS.);
#28=B_SPLINE_SURFACE_WITH_KNOTS('',3,1,((#4536,#4537),(#4538,#4539),(#4540,
#4541),(#4542,#4543)),.SURF_OF_LINEAR_EXTRUSION.,.F.,.F.,.F.,(4,4),(2,2),
(0.,1.),(0.,1.),.PIECEWISE_BEZIER_KNOTS.);
#29=B_SPLINE_SURFACE_WITH_KNOTS('',3,1,((#4561,#4562),(#4563,#4564),(#4565,
#4566),(#4567,#4568)),.SURF_OF_LINEAR_EXTRUSION.,.F.,.F.,.F.,(4,4),(2,2),
(0.,1.),(0.,1.),.PIECEWISE_BEZIER_KNOTS.);
#30=B_SPLINE_SURFACE_WITH_KNOTS('',3,1,((#4578,#4579),(#4580,#4581),(#4582,
#4583),(#4584,#4585)),.SURF_OF_LINEAR_EXTRUSION.,.F.,.F.,.F.,(4,4),(2,2),
(0.,1.),(0.,1.),.PIECEWISE_BEZIER_KNOTS.);
#31=B_SPLINE_SURFACE_WITH_KNOTS('',3,1,((#4591,#4592),(#4593,#4594),(#4595,
#4596),(#4597,#4598)),.SURF_OF_LINEAR_EXTRUSION.,.F.,.F.,.F.,(4,4),(2,2),
(0.,1.),(0.,1.),.PIECEWISE_BEZIER_KNOTS.);
#32=B_SPLINE_SURFACE_WITH_KNOTS('',3,1,((#4612,#4613),(#4614,#4615),(#4616,
#4617),(#4618,#4619)),.SURF_OF_LINEAR_EXTRUSION.,.F.,.F.,.F.,(4,4),(2,2),
(0.,1.),(0.,1.),.PIECEWISE_BEZIER_KNOTS.);
#33=B_SPLINE_SURFACE_WITH_KNOTS('',3,1,((#4625,#4626),(#4627,#4628),(#4629,
#4630),(#4631,#4632)),.SURF_OF_LINEAR_EXTRUSION.,.F.,.F.,.F.,(4,4),(2,2),
(0.,1.),(0.,1.),.PIECEWISE_BEZIER_KNOTS.);
#34=B_SPLINE_SURFACE_WITH_KNOTS('',3,1,((#4646,#4647),(#4648,#4649),(#4650,
#4651),(#4652,#4653)),.SURF_OF_LINEAR_EXTRUSION.,.F.,.F.,.F.,(4,4),(2,2),
(0.,1.),(0.,1.),.PIECEWISE_BEZIER_KNOTS.);
#35=B_SPLINE_SURFACE_WITH_KNOTS('',3,1,((#4669,#4670),(#4671,#4672),(#4673,
#4674),(#4675,#4676)),.SURF_OF_LINEAR_EXTRUSION.,.F.,.F.,.F.,(4,4),(2,2),
(0.,1.),(0.,1.),.PIECEWISE_BEZIER_KNOTS.);
#36=B_SPLINE_SURFACE_WITH_KNOTS('',3,1,((#4686,#4687),(#4688,#4689),(#4690,
#4691),(#4692,#4693)),.SURF_OF_LINEAR_EXTRUSION.,.F.,.F.,.F.,(4,4),(2,2),
(0.,1.),(0.,1.),.PIECEWISE_BEZIER_KNOTS.);
#37=B_SPLINE_SURFACE_WITH_KNOTS('',3,1,((#4709,#4710),(#4711,#4712),(#4713,
#4714),(#4715,#4716)),.SURF_OF_LINEAR_EXTRUSION.,.F.,.F.,.F.,(4,4),(2,2),
(0.,1.),(0.,1.),.PIECEWISE_BEZIER_KNOTS.);
#38=B_SPLINE_SURFACE_WITH_KNOTS('',3,1,((#4726,#4727),(#4728,#4729),(#4730,
#4731),(#4732,#4733)),.SURF_OF_LINEAR_EXTRUSION.,.F.,.F.,.F.,(4,4),(2,2),
(0.,1.),(0.,1.),.PIECEWISE_BEZIER_KNOTS.);
#39=B_SPLINE_SURFACE_WITH_KNOTS('',3,1,((#4759,#4760),(#4761,#4762),(#4763,
#4764),(#4765,#4766)),.SURF_OF_LINEAR_EXTRUSION.,.F.,.F.,.F.,(4,4),(2,2),
(0.,1.),(0.,1.),.PIECEWISE_BEZIER_KNOTS.);
#40=B_SPLINE_SURFACE_WITH_KNOTS('',3,1,((#4780,#4781),(#4782,#4783),(#4784,
#4785),(#4786,#4787)),.SURF_OF_LINEAR_EXTRUSION.,.F.,.F.,.F.,(4,4),(2,2),
(0.,1.),(0.,1.),.PIECEWISE_BEZIER_KNOTS.);
#41=B_SPLINE_SURFACE_WITH_KNOTS('',3,1,((#4797,#4798),(#4799,#4800),(#4801,
#4802),(#4803,#4804)),.SURF_OF_LINEAR_EXTRUSION.,.F.,.F.,.F.,(4,4),(2,2),
(0.,1.),(0.,1.),.PIECEWISE_BEZIER_KNOTS.);
#42=B_SPLINE_SURFACE_WITH_KNOTS('',3,1,((#4814,#4815),(#4816,#4817),(#4818,
#4819),(#4820,#4821)),.SURF_OF_LINEAR_EXTRUSION.,.F.,.F.,.F.,(4,4),(2,2),
(0.,1.),(0.,1.),.PIECEWISE_BEZIER_KNOTS.);
#43=B_SPLINE_SURFACE_WITH_KNOTS('',3,1,((#4831,#4832),(#4833,#4834),(#4835,
#4836),(#4837,#4838)),.SURF_OF_LINEAR_EXTRUSION.,.F.,.F.,.F.,(4,4),(2,2),
(0.,1.),(0.,1.),.PIECEWISE_BEZIER_KNOTS.);
#44=B_SPLINE_SURFACE_WITH_KNOTS('',3,1,((#4844,#4845),(#4846,#4847),(#4848,
#4849),(#4850,#4851)),.SURF_OF_LINEAR_EXTRUSION.,.F.,.F.,.F.,(4,4),(2,2),
(0.,1.),(0.,1.),.PIECEWISE_BEZIER_KNOTS.);
#45=B_SPLINE_SURFACE_WITH_KNOTS('',3,1,((#4861,#4862),(#4863,#4864),(#4865,
#4866),(#4867,#4868)),.SURF_OF_LINEAR_EXTRUSION.,.F.,.F.,.F.,(4,4),(2,2),
(0.,1.),(0.,1.),.PIECEWISE_BEZIER_KNOTS.);
#46=B_SPLINE_SURFACE_WITH_KNOTS('',3,1,((#4874,#4875),(#4876,#4877),(#4878,
#4879),(#4880,#4881)),.SURF_OF_LINEAR_EXTRUSION.,.F.,.F.,.F.,(4,4),(2,2),
(0.,1.),(0.,1.),.PIECEWISE_BEZIER_KNOTS.);
#47=B_SPLINE_SURFACE_WITH_KNOTS('',3,1,((#4885,#4886),(#4887,#4888),(#4889,
#4890),(#4891,#4892)),.SURF_OF_LINEAR_EXTRUSION.,.F.,.F.,.F.,(4,4),(2,2),
(0.,1.),(0.,1.),.PIECEWISE_BEZIER_KNOTS.);
#48=B_SPLINE_SURFACE_WITH_KNOTS('',3,1,((#4909,#4910),(#4911,#4912),(#4913,
#4914),(#4915,#4916)),.SURF_OF_LINEAR_EXTRUSION.,.F.,.F.,.F.,(4,4),(2,2),
(0.,1.),(0.,1.),.PIECEWISE_BEZIER_KNOTS.);
#49=B_SPLINE_SURFACE_WITH_KNOTS('',3,1,((#4932,#4933),(#4934,#4935),(#4936,
#4937),(#4938,#4939)),.SURF_OF_LINEAR_EXTRUSION.,.F.,.F.,.F.,(4,4),(2,2),
(0.,1.),(0.,1.),.PIECEWISE_BEZIER_KNOTS.);
#50=B_SPLINE_SURFACE_WITH_KNOTS('',3,1,((#4955,#4956),(#4957,#4958),(#4959,
#4960),(#4961,#4962)),.SURF_OF_LINEAR_EXTRUSION.,.F.,.F.,.F.,(4,4),(2,2),
(0.,1.),(0.,1.),.PIECEWISE_BEZIER_KNOTS.);
#51=B_SPLINE_SURFACE_WITH_KNOTS('',3,1,((#4972,#4973),(#4974,#4975),(#4976,
#4977),(#4978,#4979)),.SURF_OF_LINEAR_EXTRUSION.,.F.,.F.,.F.,(4,4),(2,2),
(0.,1.),(0.,1.),.PIECEWISE_BEZIER_KNOTS.);
#52=B_SPLINE_SURFACE_WITH_KNOTS('',3,1,((#4995,#4996),(#4997,#4998),(#4999,
#5000),(#5001,#5002)),.SURF_OF_LINEAR_EXTRUSION.,.F.,.F.,.F.,(4,4),(2,2),
(0.,1.),(0.,1.),.PIECEWISE_BEZIER_KNOTS.);
#53=B_SPLINE_SURFACE_WITH_KNOTS('',3,1,((#5018,#5019),(#5020,#5021),(#5022,
#5023),(#5024,#5025)),.SURF_OF_LINEAR_EXTRUSION.,.F.,.F.,.F.,(4,4),(2,2),
(0.,1.),(0.,1.),.PIECEWISE_BEZIER_KNOTS.);
#54=B_SPLINE_SURFACE_WITH_KNOTS('',3,1,((#5039,#5040),(#5041,#5042),(#5043,
#5044),(#5045,#5046)),.SURF_OF_LINEAR_EXTRUSION.,.F.,.F.,.F.,(4,4),(2,2),
(0.,1.),(0.,1.),.PIECEWISE_BEZIER_KNOTS.);
#55=B_SPLINE_SURFACE_WITH_KNOTS('',3,1,((#5060,#5061),(#5062,#5063),(#5064,
#5065),(#5066,#5067)),.SURF_OF_LINEAR_EXTRUSION.,.F.,.F.,.F.,(4,4),(2,2),
(0.,1.),(0.,1.),.PIECEWISE_BEZIER_KNOTS.);
#56=B_SPLINE_SURFACE_WITH_KNOTS('',3,1,((#5073,#5074),(#5075,#5076),(#5077,
#5078),(#5079,#5080)),.SURF_OF_LINEAR_EXTRUSION.,.F.,.F.,.F.,(4,4),(2,2),
(0.,1.),(0.,1.),.PIECEWISE_BEZIER_KNOTS.);
#57=B_SPLINE_SURFACE_WITH_KNOTS('',3,1,((#5090,#5091),(#5092,#5093),(#5094,
#5095),(#5096,#5097)),.SURF_OF_LINEAR_EXTRUSION.,.F.,.F.,.F.,(4,4),(2,2),
(0.,1.),(0.,1.),.PIECEWISE_BEZIER_KNOTS.);
#58=B_SPLINE_SURFACE_WITH_KNOTS('',3,1,((#5103,#5104),(#5105,#5106),(#5107,
#5108),(#5109,#5110)),.SURF_OF_LINEAR_EXTRUSION.,.F.,.F.,.F.,(4,4),(2,2),
(0.,1.),(0.,1.),.PIECEWISE_BEZIER_KNOTS.);
#59=B_SPLINE_SURFACE_WITH_KNOTS('',3,1,((#5124,#5125),(#5126,#5127),(#5128,
#5129),(#5130,#5131)),.SURF_OF_LINEAR_EXTRUSION.,.F.,.F.,.F.,(4,4),(2,2),
(0.,1.),(0.,1.),.PIECEWISE_BEZIER_KNOTS.);
#60=B_SPLINE_SURFACE_WITH_KNOTS('',3,1,((#5145,#5146),(#5147,#5148),(#5149,
#5150),(#5151,#5152)),.SURF_OF_LINEAR_EXTRUSION.,.F.,.F.,.F.,(4,4),(2,2),
(0.,1.),(0.,1.),.PIECEWISE_BEZIER_KNOTS.);
#61=B_SPLINE_SURFACE_WITH_KNOTS('',3,1,((#5162,#5163),(#5164,#5165),(#5166,
#5167),(#5168,#5169)),.SURF_OF_LINEAR_EXTRUSION.,.F.,.F.,.F.,(4,4),(2,2),
(0.,1.),(0.,1.),.PIECEWISE_BEZIER_KNOTS.);
#62=B_SPLINE_SURFACE_WITH_KNOTS('',3,1,((#5179,#5180),(#5181,#5182),(#5183,
#5184),(#5185,#5186)),.SURF_OF_LINEAR_EXTRUSION.,.F.,.F.,.F.,(4,4),(2,2),
(0.,1.),(0.,1.),.PIECEWISE_BEZIER_KNOTS.);
#63=B_SPLINE_SURFACE_WITH_KNOTS('',3,1,((#5190,#5191),(#5192,#5193),(#5194,
#5195),(#5196,#5197)),.SURF_OF_LINEAR_EXTRUSION.,.F.,.F.,.F.,(4,4),(2,2),
(0.,1.),(0.,1.),.PIECEWISE_BEZIER_KNOTS.);
#64=B_SPLINE_SURFACE_WITH_KNOTS('',3,1,((#5211,#5212),(#5213,#5214),(#5215,
#5216),(#5217,#5218)),.SURF_OF_LINEAR_EXTRUSION.,.F.,.F.,.F.,(4,4),(2,2),
(0.,1.),(0.,1.),.PIECEWISE_BEZIER_KNOTS.);
#65=B_SPLINE_SURFACE_WITH_KNOTS('',3,1,((#5224,#5225),(#5226,#5227),(#5228,
#5229),(#5230,#5231)),.SURF_OF_LINEAR_EXTRUSION.,.F.,.F.,.F.,(4,4),(2,2),
(0.,1.),(0.,1.),.PIECEWISE_BEZIER_KNOTS.);
#66=B_SPLINE_SURFACE_WITH_KNOTS('',3,1,((#5237,#5238),(#5239,#5240),(#5241,
#5242),(#5243,#5244)),.SURF_OF_LINEAR_EXTRUSION.,.F.,.F.,.F.,(4,4),(2,2),
(0.,1.),(0.,1.),.PIECEWISE_BEZIER_KNOTS.);
#67=B_SPLINE_SURFACE_WITH_KNOTS('',3,1,((#5254,#5255),(#5256,#5257),(#5258,
#5259),(#5260,#5261)),.SURF_OF_LINEAR_EXTRUSION.,.F.,.F.,.F.,(4,4),(2,2),
(0.,1.),(0.,1.),.PIECEWISE_BEZIER_KNOTS.);
#68=B_SPLINE_SURFACE_WITH_KNOTS('',3,1,((#5271,#5272),(#5273,#5274),(#5275,
#5276),(#5277,#5278)),.SURF_OF_LINEAR_EXTRUSION.,.F.,.F.,.F.,(4,4),(2,2),
(0.,1.),(0.,1.),.PIECEWISE_BEZIER_KNOTS.);
#69=B_SPLINE_SURFACE_WITH_KNOTS('',3,1,((#5288,#5289),(#5290,#5291),(#5292,
#5293),(#5294,#5295)),.SURF_OF_LINEAR_EXTRUSION.,.F.,.F.,.F.,(4,4),(2,2),
(0.,1.),(0.,1.),.PIECEWISE_BEZIER_KNOTS.);
#70=B_SPLINE_SURFACE_WITH_KNOTS('',3,1,((#5301,#5302),(#5303,#5304),(#5305,
#5306),(#5307,#5308)),.SURF_OF_LINEAR_EXTRUSION.,.F.,.F.,.F.,(4,4),(2,2),
(0.,1.),(0.,1.),.PIECEWISE_BEZIER_KNOTS.);
#71=B_SPLINE_SURFACE_WITH_KNOTS('',3,1,((#5318,#5319),(#5320,#5321),(#5322,
#5323),(#5324,#5325)),.SURF_OF_LINEAR_EXTRUSION.,.F.,.F.,.F.,(4,4),(2,2),
(0.,1.),(0.,1.),.PIECEWISE_BEZIER_KNOTS.);
#72=B_SPLINE_SURFACE_WITH_KNOTS('',3,1,((#5335,#5336),(#5337,#5338),(#5339,
#5340),(#5341,#5342)),.SURF_OF_LINEAR_EXTRUSION.,.F.,.F.,.F.,(4,4),(2,2),
(0.,1.),(0.,1.),.PIECEWISE_BEZIER_KNOTS.);
#73=B_SPLINE_SURFACE_WITH_KNOTS('',3,1,((#5348,#5349),(#5350,#5351),(#5352,
#5353),(#5354,#5355)),.SURF_OF_LINEAR_EXTRUSION.,.F.,.F.,.F.,(4,4),(2,2),
(0.,1.),(0.,1.),.PIECEWISE_BEZIER_KNOTS.);
#74=B_SPLINE_SURFACE_WITH_KNOTS('',3,1,((#5361,#5362),(#5363,#5364),(#5365,
#5366),(#5367,#5368)),.SURF_OF_LINEAR_EXTRUSION.,.F.,.F.,.F.,(4,4),(2,2),
(0.,1.),(0.,1.),.PIECEWISE_BEZIER_KNOTS.);
#75=B_SPLINE_SURFACE_WITH_KNOTS('',3,1,((#5374,#5375),(#5376,#5377),(#5378,
#5379),(#5380,#5381)),.SURF_OF_LINEAR_EXTRUSION.,.F.,.F.,.F.,(4,4),(2,2),
(0.,1.),(0.,1.),.PIECEWISE_BEZIER_KNOTS.);
#76=B_SPLINE_SURFACE_WITH_KNOTS('',3,1,((#5391,#5392),(#5393,#5394),(#5395,
#5396),(#5397,#5398)),.SURF_OF_LINEAR_EXTRUSION.,.F.,.F.,.F.,(4,4),(2,2),
(0.,1.),(0.,1.),.PIECEWISE_BEZIER_KNOTS.);
#77=B_SPLINE_SURFACE_WITH_KNOTS('',3,1,((#5408,#5409),(#5410,#5411),(#5412,
#5413),(#5414,#5415)),.SURF_OF_LINEAR_EXTRUSION.,.F.,.F.,.F.,(4,4),(2,2),
(0.,1.),(0.,1.),.PIECEWISE_BEZIER_KNOTS.);
#78=B_SPLINE_SURFACE_WITH_KNOTS('',3,1,((#5425,#5426),(#5427,#5428),(#5429,
#5430),(#5431,#5432)),.SURF_OF_LINEAR_EXTRUSION.,.F.,.F.,.F.,(4,4),(2,2),
(0.,1.),(0.,1.),.PIECEWISE_BEZIER_KNOTS.);
#79=B_SPLINE_SURFACE_WITH_KNOTS('',3,1,((#5438,#5439),(#5440,#5441),(#5442,
#5443),(#5444,#5445)),.SURF_OF_LINEAR_EXTRUSION.,.F.,.F.,.F.,(4,4),(2,2),
(0.,1.),(0.,1.),.PIECEWISE_BEZIER_KNOTS.);
#80=B_SPLINE_SURFACE_WITH_KNOTS('',3,1,((#5455,#5456),(#5457,#5458),(#5459,
#5460),(#5461,#5462)),.SURF_OF_LINEAR_EXTRUSION.,.F.,.F.,.F.,(4,4),(2,2),
(0.,1.),(0.,1.),.PIECEWISE_BEZIER_KNOTS.);
#81=CYLINDRICAL_SURFACE('',#3175,0.004953);
#82=CYLINDRICAL_SURFACE('',#3176,0.004953);
#83=CYLINDRICAL_SURFACE('',#3177,0.004953);
#84=CYLINDRICAL_SURFACE('',#3178,0.004953);
#85=CYLINDRICAL_SURFACE('',#3198,0.000279164679974392);
#86=CYLINDRICAL_SURFACE('',#3213,0.00250024043248046);
#87=CYLINDRICAL_SURFACE('',#3229,0.00250652929680906);
#88=CYLINDRICAL_SURFACE('',#3234,0.00250652929680901);
#89=B_SPLINE_CURVE_WITH_KNOTS('',2,(#3788,#3789,#3790),.UNSPECIFIED.,.F.,
 .F.,(3,3),(0.,1.),.PIECEWISE_BEZIER_KNOTS.);
#90=B_SPLINE_CURVE_WITH_KNOTS('',2,(#3792,#3793,#3794),.UNSPECIFIED.,.F.,
 .F.,(3,3),(0.,1.),.PIECEWISE_BEZIER_KNOTS.);
#91=B_SPLINE_CURVE_WITH_KNOTS('',2,(#3798,#3799,#3800),.UNSPECIFIED.,.F.,
 .F.,(3,3),(0.,1.),.PIECEWISE_BEZIER_KNOTS.);
#92=B_SPLINE_CURVE_WITH_KNOTS('',2,(#3802,#3803,#3804),.UNSPECIFIED.,.F.,
 .F.,(3,3),(0.,1.),.PIECEWISE_BEZIER_KNOTS.);
#93=B_SPLINE_CURVE_WITH_KNOTS('',2,(#3808,#3809,#3810),.UNSPECIFIED.,.F.,
 .F.,(3,3),(0.,1.),.PIECEWISE_BEZIER_KNOTS.);
#94=B_SPLINE_CURVE_WITH_KNOTS('',2,(#3814,#3815,#3816),.UNSPECIFIED.,.F.,
 .F.,(3,3),(0.,1.),.PIECEWISE_BEZIER_KNOTS.);
#95=B_SPLINE_CURVE_WITH_KNOTS('',2,(#3820,#3821,#3822),.UNSPECIFIED.,.F.,
 .F.,(3,3),(0.,1.),.PIECEWISE_BEZIER_KNOTS.);
#96=B_SPLINE_CURVE_WITH_KNOTS('',2,(#3828,#3829,#3830),.UNSPECIFIED.,.F.,
 .F.,(3,3),(0.,1.),.PIECEWISE_BEZIER_KNOTS.);
#97=B_SPLINE_CURVE_WITH_KNOTS('',2,(#3855,#3856,#3857),.UNSPECIFIED.,.F.,
 .F.,(3,3),(0.,1.),.PIECEWISE_BEZIER_KNOTS.);
#98=B_SPLINE_CURVE_WITH_KNOTS('',2,(#3862,#3863,#3864),.UNSPECIFIED.,.F.,
 .F.,(3,3),(0.,1.),.PIECEWISE_BEZIER_KNOTS.);
#99=B_SPLINE_CURVE_WITH_KNOTS('',2,(#3868,#3869,#3870),.UNSPECIFIED.,.F.,
 .F.,(3,3),(0.,1.),.PIECEWISE_BEZIER_KNOTS.);
#100=B_SPLINE_CURVE_WITH_KNOTS('',2,(#3874,#3875,#3876),.UNSPECIFIED.,.F.,
 .F.,(3,3),(0.,1.),.PIECEWISE_BEZIER_KNOTS.);
#101=B_SPLINE_CURVE_WITH_KNOTS('',2,(#3882,#3883,#3884),.UNSPECIFIED.,.F.,
 .F.,(3,3),(0.,1.),.PIECEWISE_BEZIER_KNOTS.);
#102=B_SPLINE_CURVE_WITH_KNOTS('',2,(#3888,#3889,#3890),.UNSPECIFIED.,.F.,
 .F.,(3,3),(0.,1.),.PIECEWISE_BEZIER_KNOTS.);
#103=B_SPLINE_CURVE_WITH_KNOTS('',2,(#3894,#3895,#3896),.UNSPECIFIED.,.F.,
 .F.,(3,3),(0.,1.),.PIECEWISE_BEZIER_KNOTS.);
#104=B_SPLINE_CURVE_WITH_KNOTS('',2,(#3900,#3901,#3902),.UNSPECIFIED.,.F.,
 .F.,(3,3),(0.,1.),.PIECEWISE_BEZIER_KNOTS.);
#105=B_SPLINE_CURVE_WITH_KNOTS('',2,(#3906,#3907,#3908),.UNSPECIFIED.,.F.,
 .F.,(3,3),(0.,1.),.PIECEWISE_BEZIER_KNOTS.);
#106=B_SPLINE_CURVE_WITH_KNOTS('',2,(#3910,#3911,#3912),.UNSPECIFIED.,.F.,
 .F.,(3,3),(0.,1.),.PIECEWISE_BEZIER_KNOTS.);
#107=B_SPLINE_CURVE_WITH_KNOTS('',2,(#3916,#3917,#3918),.UNSPECIFIED.,.F.,
 .F.,(3,3),(0.,1.),.PIECEWISE_BEZIER_KNOTS.);
#108=B_SPLINE_CURVE_WITH_KNOTS('',2,(#3921,#3922,#3923),.UNSPECIFIED.,.F.,
 .F.,(3,3),(0.,1.),.PIECEWISE_BEZIER_KNOTS.);
#109=B_SPLINE_CURVE_WITH_KNOTS('',2,(#3928,#3929,#3930),.UNSPECIFIED.,.F.,
 .F.,(3,3),(0.,1.),.PIECEWISE_BEZIER_KNOTS.);
#110=B_SPLINE_CURVE_WITH_KNOTS('',2,(#3932,#3933,#3934),.UNSPECIFIED.,.F.,
 .F.,(3,3),(0.,1.),.PIECEWISE_BEZIER_KNOTS.);
#111=B_SPLINE_CURVE_WITH_KNOTS('',2,(#3940,#3941,#3942),.UNSPECIFIED.,.F.,
 .F.,(3,3),(0.,1.),.PIECEWISE_BEZIER_KNOTS.);
#112=B_SPLINE_CURVE_WITH_KNOTS('',2,(#3944,#3945,#3946),.UNSPECIFIED.,.F.,
 .F.,(3,3),(0.,1.),.PIECEWISE_BEZIER_KNOTS.);
#113=B_SPLINE_CURVE_WITH_KNOTS('',2,(#3950,#3951,#3952),.UNSPECIFIED.,.F.,
 .F.,(3,3),(0.,1.),.PIECEWISE_BEZIER_KNOTS.);
#114=B_SPLINE_CURVE_WITH_KNOTS('',2,(#3960,#3961,#3962),.UNSPECIFIED.,.F.,
 .F.,(3,3),(0.,1.),.PIECEWISE_BEZIER_KNOTS.);
#115=B_SPLINE_CURVE_WITH_KNOTS('',2,(#3966,#3967,#3968),.UNSPECIFIED.,.F.,
 .F.,(3,3),(0.,1.),.PIECEWISE_BEZIER_KNOTS.);
#116=B_SPLINE_CURVE_WITH_KNOTS('',2,(#3976,#3977,#3978),.UNSPECIFIED.,.F.,
 .F.,(3,3),(0.,1.),.PIECEWISE_BEZIER_KNOTS.);
#117=B_SPLINE_CURVE_WITH_KNOTS('',2,(#3980,#3981,#3982),.UNSPECIFIED.,.F.,
 .F.,(3,3),(0.,1.),.PIECEWISE_BEZIER_KNOTS.);
#118=B_SPLINE_CURVE_WITH_KNOTS('',2,(#3986,#3987,#3988),.UNSPECIFIED.,.F.,
 .F.,(3,3),(0.,1.),.PIECEWISE_BEZIER_KNOTS.);
#119=B_SPLINE_CURVE_WITH_KNOTS('',2,(#3995,#3996,#3997),.UNSPECIFIED.,.F.,
 .F.,(3,3),(0.,1.),.PIECEWISE_BEZIER_KNOTS.);
#120=B_SPLINE_CURVE_WITH_KNOTS('',2,(#4002,#4003,#4004),.UNSPECIFIED.,.F.,
 .F.,(3,3),(0.,1.),.PIECEWISE_BEZIER_KNOTS.);
#121=B_SPLINE_CURVE_WITH_KNOTS('',2,(#4008,#4009,#4010),.UNSPECIFIED.,.F.,
 .F.,(3,3),(0.,1.),.PIECEWISE_BEZIER_KNOTS.);
#122=B_SPLINE_CURVE_WITH_KNOTS('',2,(#4014,#4015,#4016),.UNSPECIFIED.,.F.,
 .F.,(3,3),(0.,1.),.PIECEWISE_BEZIER_KNOTS.);
#123=B_SPLINE_CURVE_WITH_KNOTS('',2,(#4022,#4023,#4024),.UNSPECIFIED.,.F.,
 .F.,(3,3),(0.,1.),.PIECEWISE_BEZIER_KNOTS.);
#124=B_SPLINE_CURVE_WITH_KNOTS('',2,(#4030,#4031,#4032),.UNSPECIFIED.,.F.,
 .F.,(3,3),(0.,1.),.PIECEWISE_BEZIER_KNOTS.);
#125=B_SPLINE_CURVE_WITH_KNOTS('',2,(#4034,#4035,#4036),.UNSPECIFIED.,.F.,
 .F.,(3,3),(0.,1.),.PIECEWISE_BEZIER_KNOTS.);
#126=B_SPLINE_CURVE_WITH_KNOTS('',2,(#4040,#4041,#4042),.UNSPECIFIED.,.F.,
 .F.,(3,3),(0.,1.),.PIECEWISE_BEZIER_KNOTS.);
#127=B_SPLINE_CURVE_WITH_KNOTS('',2,(#4044,#4045,#4046),.UNSPECIFIED.,.F.,
 .F.,(3,3),(0.,1.),.PIECEWISE_BEZIER_KNOTS.);
#128=B_SPLINE_CURVE_WITH_KNOTS('',2,(#4052,#4053,#4054),.UNSPECIFIED.,.F.,
 .F.,(3,3),(0.,1.),.PIECEWISE_BEZIER_KNOTS.);
#129=B_SPLINE_CURVE_WITH_KNOTS('',2,(#4059,#4060,#4061),.UNSPECIFIED.,.F.,
 .F.,(3,3),(0.,1.),.PIECEWISE_BEZIER_KNOTS.);
#130=B_SPLINE_CURVE_WITH_KNOTS('',2,(#4066,#4067,#4068),.UNSPECIFIED.,.F.,
 .F.,(3,3),(0.,1.),.PIECEWISE_BEZIER_KNOTS.);
#131=B_SPLINE_CURVE_WITH_KNOTS('',2,(#4072,#4073,#4074),.UNSPECIFIED.,.F.,
 .F.,(3,3),(0.,1.),.PIECEWISE_BEZIER_KNOTS.);
#132=B_SPLINE_CURVE_WITH_KNOTS('',2,(#4076,#4077,#4078),.UNSPECIFIED.,.F.,
 .F.,(3,3),(0.,1.),.PIECEWISE_BEZIER_KNOTS.);
#133=B_SPLINE_CURVE_WITH_KNOTS('',2,(#4082,#4083,#4084),.UNSPECIFIED.,.F.,
 .F.,(3,3),(0.,1.),.PIECEWISE_BEZIER_KNOTS.);
#134=B_SPLINE_CURVE_WITH_KNOTS('',2,(#4088,#4089,#4090),.UNSPECIFIED.,.F.,
 .F.,(3,3),(0.,1.),.PIECEWISE_BEZIER_KNOTS.);
#135=B_SPLINE_CURVE_WITH_KNOTS('',2,(#4094,#4095,#4096),.UNSPECIFIED.,.F.,
 .F.,(3,3),(0.,1.),.PIECEWISE_BEZIER_KNOTS.);
#136=B_SPLINE_CURVE_WITH_KNOTS('',2,(#4098,#4099,#4100),.UNSPECIFIED.,.F.,
 .F.,(3,3),(0.,1.),.PIECEWISE_BEZIER_KNOTS.);
#137=B_SPLINE_CURVE_WITH_KNOTS('',2,(#4102,#4103,#4104),.UNSPECIFIED.,.F.,
 .F.,(3,3),(0.,1.),.PIECEWISE_BEZIER_KNOTS.);
#138=B_SPLINE_CURVE_WITH_KNOTS('',2,(#4106,#4107,#4108),.UNSPECIFIED.,.F.,
 .F.,(3,3),(0.,1.),.PIECEWISE_BEZIER_KNOTS.);
#139=B_SPLINE_CURVE_WITH_KNOTS('',2,(#4112,#4113,#4114),.UNSPECIFIED.,.F.,
 .F.,(3,3),(0.,1.),.PIECEWISE_BEZIER_KNOTS.);
#140=B_SPLINE_CURVE_WITH_KNOTS('',2,(#4118,#4119,#4120),.UNSPECIFIED.,.F.,
 .F.,(3,3),(0.,1.),.PIECEWISE_BEZIER_KNOTS.);
#141=B_SPLINE_CURVE_WITH_KNOTS('',2,(#4122,#4123,#4124),.UNSPECIFIED.,.F.,
 .F.,(3,3),(0.,1.),.PIECEWISE_BEZIER_KNOTS.);
#142=B_SPLINE_CURVE_WITH_KNOTS('',2,(#4128,#4129,#4130),.UNSPECIFIED.,.F.,
 .F.,(3,3),(0.,1.),.PIECEWISE_BEZIER_KNOTS.);
#143=B_SPLINE_CURVE_WITH_KNOTS('',2,(#4134,#4135,#4136),.UNSPECIFIED.,.F.,
 .F.,(3,3),(0.,1.),.PIECEWISE_BEZIER_KNOTS.);
#144=B_SPLINE_CURVE_WITH_KNOTS('',2,(#4140,#4141,#4142),.UNSPECIFIED.,.F.,
 .F.,(3,3),(0.,1.),.PIECEWISE_BEZIER_KNOTS.);
#145=B_SPLINE_CURVE_WITH_KNOTS('',2,(#4144,#4145,#4146),.UNSPECIFIED.,.F.,
 .F.,(3,3),(0.,1.),.PIECEWISE_BEZIER_KNOTS.);
#146=B_SPLINE_CURVE_WITH_KNOTS('',2,(#4261,#4262,#4263),.UNSPECIFIED.,.F.,
 .F.,(3,3),(0.,1.),.PIECEWISE_BEZIER_KNOTS.);
#147=B_SPLINE_CURVE_WITH_KNOTS('',2,(#4278,#4279,#4280),.UNSPECIFIED.,.F.,
 .F.,(3,3),(0.,1.),.PIECEWISE_BEZIER_KNOTS.);
#148=B_SPLINE_CURVE_WITH_KNOTS('',2,(#4295,#4296,#4297),.UNSPECIFIED.,.F.,
 .F.,(3,3),(0.,1.),.PIECEWISE_BEZIER_KNOTS.);
#149=B_SPLINE_CURVE_WITH_KNOTS('',2,(#4308,#4309,#4310),.UNSPECIFIED.,.F.,
 .F.,(3,3),(0.,1.),.PIECEWISE_BEZIER_KNOTS.);
#150=B_SPLINE_CURVE_WITH_KNOTS('',2,(#4325,#4326,#4327),.UNSPECIFIED.,.F.,
 .F.,(3,3),(0.,1.),.PIECEWISE_BEZIER_KNOTS.);
#151=B_SPLINE_CURVE_WITH_KNOTS('',2,(#4342,#4343,#4344),.UNSPECIFIED.,.F.,
 .F.,(3,3),(0.,1.),.PIECEWISE_BEZIER_KNOTS.);
#152=B_SPLINE_CURVE_WITH_KNOTS('',2,(#4359,#4360,#4361),.UNSPECIFIED.,.F.,
 .F.,(3,3),(0.,1.),.PIECEWISE_BEZIER_KNOTS.);
#153=B_SPLINE_CURVE_WITH_KNOTS('',2,(#4376,#4377,#4378),.UNSPECIFIED.,.F.,
 .F.,(3,3),(0.,1.),.PIECEWISE_BEZIER_KNOTS.);
#154=B_SPLINE_CURVE_WITH_KNOTS('',2,(#4397,#4398,#4399),.UNSPECIFIED.,.F.,
 .F.,(3,3),(0.,1.),.PIECEWISE_BEZIER_KNOTS.);
#155=B_SPLINE_CURVE_WITH_KNOTS('',2,(#4414,#4415,#4416),.UNSPECIFIED.,.F.,
 .F.,(3,3),(0.,1.),.PIECEWISE_BEZIER_KNOTS.);
#156=B_SPLINE_CURVE_WITH_KNOTS('',2,(#4429,#4430,#4431),.UNSPECIFIED.,.F.,
 .F.,(3,3),(0.,1.),.PIECEWISE_BEZIER_KNOTS.);
#157=B_SPLINE_CURVE_WITH_KNOTS('',2,(#4449,#4450,#4451),.UNSPECIFIED.,.F.,
 .F.,(3,3),(0.,1.),.PIECEWISE_BEZIER_KNOTS.);
#158=B_SPLINE_CURVE_WITH_KNOTS('',2,(#4474,#4475,#4476),.UNSPECIFIED.,.F.,
 .F.,(3,3),(0.,1.),.PIECEWISE_BEZIER_KNOTS.);
#159=B_SPLINE_CURVE_WITH_KNOTS('',2,(#4491,#4492,#4493),.UNSPECIFIED.,.F.,
 .F.,(3,3),(0.,1.),.PIECEWISE_BEZIER_KNOTS.);
#160=B_SPLINE_CURVE_WITH_KNOTS('',2,(#4504,#4505,#4506),.UNSPECIFIED.,.F.,
 .F.,(3,3),(0.,1.),.PIECEWISE_BEZIER_KNOTS.);
#161=B_SPLINE_CURVE_WITH_KNOTS('',2,(#4529,#4530,#4531),.UNSPECIFIED.,.F.,
 .F.,(3,3),(0.,1.),.PIECEWISE_BEZIER_KNOTS.);
#162=B_SPLINE_CURVE_WITH_KNOTS('',2,(#4546,#4547,#4548),.UNSPECIFIED.,.F.,
 .F.,(3,3),(0.,1.),.PIECEWISE_BEZIER_KNOTS.);
#163=B_SPLINE_CURVE_WITH_KNOTS('',2,(#4571,#4572,#4573),.UNSPECIFIED.,.F.,
 .F.,(3,3),(0.,1.),.PIECEWISE_BEZIER_KNOTS.);
#164=B_SPLINE_CURVE_WITH_KNOTS('',2,(#4588,#4589,#4590),.UNSPECIFIED.,.F.,
 .F.,(3,3),(0.,1.),.PIECEWISE_BEZIER_KNOTS.);
#165=B_SPLINE_CURVE_WITH_KNOTS('',2,(#4601,#4602,#4603),.UNSPECIFIED.,.F.,
 .F.,(3,3),(0.,1.),.PIECEWISE_BEZIER_KNOTS.);
#166=B_SPLINE_CURVE_WITH_KNOTS('',2,(#4622,#4623,#4624),.UNSPECIFIED.,.F.,
 .F.,(3,3),(0.,1.),.PIECEWISE_BEZIER_KNOTS.);
#167=B_SPLINE_CURVE_WITH_KNOTS('',2,(#4633,#4634,#4635),.UNSPECIFIED.,.F.,
 .F.,(3,3),(0.,1.),.PIECEWISE_BEZIER_KNOTS.);
#168=B_SPLINE_CURVE_WITH_KNOTS('',2,(#4654,#4655,#4656),.UNSPECIFIED.,.F.,
 .F.,(3,3),(0.,1.),.PIECEWISE_BEZIER_KNOTS.);
#169=B_SPLINE_CURVE_WITH_KNOTS('',2,(#4660,#4661,#4662),.UNSPECIFIED.,.F.,
 .F.,(3,3),(0.,1.),.PIECEWISE_BEZIER_KNOTS.);
#170=B_SPLINE_CURVE_WITH_KNOTS('',2,(#4677,#4678,#4679),.UNSPECIFIED.,.F.,
 .F.,(3,3),(0.,1.),.PIECEWISE_BEZIER_KNOTS.);
#171=B_SPLINE_CURVE_WITH_KNOTS('',2,(#4683,#4684,#4685),.UNSPECIFIED.,.F.,
 .F.,(3,3),(0.,1.),.PIECEWISE_BEZIER_KNOTS.);
#172=B_SPLINE_CURVE_WITH_KNOTS('',2,(#4694,#4695,#4696),.UNSPECIFIED.,.F.,
 .F.,(3,3),(0.,1.),.PIECEWISE_BEZIER_KNOTS.);
#173=B_SPLINE_CURVE_WITH_KNOTS('',2,(#4700,#4701,#4702),.UNSPECIFIED.,.F.,
 .F.,(3,3),(0.,1.),.PIECEWISE_BEZIER_KNOTS.);
#174=B_SPLINE_CURVE_WITH_KNOTS('',2,(#4717,#4718,#4719),.UNSPECIFIED.,.F.,
 .F.,(3,3),(0.,1.),.PIECEWISE_BEZIER_KNOTS.);
#175=B_SPLINE_CURVE_WITH_KNOTS('',2,(#4723,#4724,#4725),.UNSPECIFIED.,.F.,
 .F.,(3,3),(0.,1.),.PIECEWISE_BEZIER_KNOTS.);
#176=B_SPLINE_CURVE_WITH_KNOTS('',2,(#4734,#4735,#4736),.UNSPECIFIED.,.F.,
 .F.,(3,3),(0.,1.),.PIECEWISE_BEZIER_KNOTS.);
#177=B_SPLINE_CURVE_WITH_KNOTS('',2,(#4740,#4741,#4742),.UNSPECIFIED.,.F.,
 .F.,(3,3),(0.,1.),.PIECEWISE_BEZIER_KNOTS.);
#178=B_SPLINE_CURVE_WITH_KNOTS('',2,(#4769,#4770,#4771),.UNSPECIFIED.,.F.,
 .F.,(3,3),(0.,1.),.PIECEWISE_BEZIER_KNOTS.);
#179=B_SPLINE_CURVE_WITH_KNOTS('',2,(#4790,#4791,#4792),.UNSPECIFIED.,.F.,
 .F.,(3,3),(0.,1.),.PIECEWISE_BEZIER_KNOTS.);
#180=B_SPLINE_CURVE_WITH_KNOTS('',2,(#4807,#4808,#4809),.UNSPECIFIED.,.F.,
 .F.,(3,3),(0.,1.),.PIECEWISE_BEZIER_KNOTS.);
#181=B_SPLINE_CURVE_WITH_KNOTS('',2,(#4824,#4825,#4826),.UNSPECIFIED.,.F.,
 .F.,(3,3),(0.,1.),.PIECEWISE_BEZIER_KNOTS.);
#182=B_SPLINE_CURVE_WITH_KNOTS('',2,(#4841,#4842,#4843),.UNSPECIFIED.,.F.,
 .F.,(3,3),(0.,1.),.PIECEWISE_BEZIER_KNOTS.);
#183=B_SPLINE_CURVE_WITH_KNOTS('',2,(#4854,#4855,#4856),.UNSPECIFIED.,.F.,
 .F.,(3,3),(0.,1.),.PIECEWISE_BEZIER_KNOTS.);
#184=B_SPLINE_CURVE_WITH_KNOTS('',2,(#4871,#4872,#4873),.UNSPECIFIED.,.F.,
 .F.,(3,3),(0.,1.),.PIECEWISE_BEZIER_KNOTS.);
#185=B_SPLINE_CURVE_WITH_KNOTS('',2,(#4882,#4883,#4884),.UNSPECIFIED.,.F.,
 .F.,(3,3),(0.,1.),.PIECEWISE_BEZIER_KNOTS.);
#186=B_SPLINE_CURVE_WITH_KNOTS('',2,(#4893,#4894,#4895),.UNSPECIFIED.,.F.,
 .F.,(3,3),(0.,1.),.PIECEWISE_BEZIER_KNOTS.);
#187=B_SPLINE_CURVE_WITH_KNOTS('',2,(#4896,#4897,#4898),.UNSPECIFIED.,.F.,
 .F.,(3,3),(0.,1.),.PIECEWISE_BEZIER_KNOTS.);
#188=B_SPLINE_CURVE_WITH_KNOTS('',2,(#4917,#4918,#4919),.UNSPECIFIED.,.F.,
 .F.,(3,3),(0.,1.),.PIECEWISE_BEZIER_KNOTS.);
#189=B_SPLINE_CURVE_WITH_KNOTS('',2,(#4923,#4924,#4925),.UNSPECIFIED.,.F.,
 .F.,(3,3),(0.,1.),.PIECEWISE_BEZIER_KNOTS.);
#190=B_SPLINE_CURVE_WITH_KNOTS('',2,(#4940,#4941,#4942),.UNSPECIFIED.,.F.,
 .F.,(3,3),(0.,1.),.PIECEWISE_BEZIER_KNOTS.);
#191=B_SPLINE_CURVE_WITH_KNOTS('',2,(#4946,#4947,#4948),.UNSPECIFIED.,.F.,
 .F.,(3,3),(0.,1.),.PIECEWISE_BEZIER_KNOTS.);
#192=B_SPLINE_CURVE_WITH_KNOTS('',2,(#4963,#4964,#4965),.UNSPECIFIED.,.F.,
 .F.,(3,3),(0.,1.),.PIECEWISE_BEZIER_KNOTS.);
#193=B_SPLINE_CURVE_WITH_KNOTS('',2,(#4969,#4970,#4971),.UNSPECIFIED.,.F.,
 .F.,(3,3),(0.,1.),.PIECEWISE_BEZIER_KNOTS.);
#194=B_SPLINE_CURVE_WITH_KNOTS('',2,(#4980,#4981,#4982),.UNSPECIFIED.,.F.,
 .F.,(3,3),(0.,1.),.PIECEWISE_BEZIER_KNOTS.);
#195=B_SPLINE_CURVE_WITH_KNOTS('',2,(#4986,#4987,#4988),.UNSPECIFIED.,.F.,
 .F.,(3,3),(0.,1.),.PIECEWISE_BEZIER_KNOTS.);
#196=B_SPLINE_CURVE_WITH_KNOTS('',2,(#5003,#5004,#5005),.UNSPECIFIED.,.F.,
 .F.,(3,3),(0.,1.),.PIECEWISE_BEZIER_KNOTS.);
#197=B_SPLINE_CURVE_WITH_KNOTS('',2,(#5009,#5010,#5011),.UNSPECIFIED.,.F.,
 .F.,(3,3),(0.,1.),.PIECEWISE_BEZIER_KNOTS.);
#198=B_SPLINE_CURVE_WITH_KNOTS('',2,(#5028,#5029,#5030),.UNSPECIFIED.,.F.,
 .F.,(3,3),(0.,1.),.PIECEWISE_BEZIER_KNOTS.);
#199=B_SPLINE_CURVE_WITH_KNOTS('',2,(#5049,#5050,#5051),.UNSPECIFIED.,.F.,
 .F.,(3,3),(0.,1.),.PIECEWISE_BEZIER_KNOTS.);
#200=B_SPLINE_CURVE_WITH_KNOTS('',2,(#5070,#5071,#5072),.UNSPECIFIED.,.F.,
 .F.,(3,3),(0.,1.),.PIECEWISE_BEZIER_KNOTS.);
#201=B_SPLINE_CURVE_WITH_KNOTS('',2,(#5083,#5084,#5085),.UNSPECIFIED.,.F.,
 .F.,(3,3),(0.,1.),.PIECEWISE_BEZIER_KNOTS.);
#202=B_SPLINE_CURVE_WITH_KNOTS('',2,(#5100,#5101,#5102),.UNSPECIFIED.,.F.,
 .F.,(3,3),(0.,1.),.PIECEWISE_BEZIER_KNOTS.);
#203=B_SPLINE_CURVE_WITH_KNOTS('',2,(#5113,#5114,#5115),.UNSPECIFIED.,.F.,
 .F.,(3,3),(0.,1.),.PIECEWISE_BEZIER_KNOTS.);
#204=B_SPLINE_CURVE_WITH_KNOTS('',2,(#5134,#5135,#5136),.UNSPECIFIED.,.F.,
 .F.,(3,3),(0.,1.),.PIECEWISE_BEZIER_KNOTS.);
#205=B_SPLINE_CURVE_WITH_KNOTS('',2,(#5155,#5156,#5157),.UNSPECIFIED.,.F.,
 .F.,(3,3),(0.,1.),.PIECEWISE_BEZIER_KNOTS.);
#206=B_SPLINE_CURVE_WITH_KNOTS('',2,(#5172,#5173,#5174),.UNSPECIFIED.,.F.,
 .F.,(3,3),(0.,1.),.PIECEWISE_BEZIER_KNOTS.);
#207=B_SPLINE_CURVE_WITH_KNOTS('',2,(#5187,#5188,#5189),.UNSPECIFIED.,.F.,
 .F.,(3,3),(0.,1.),.PIECEWISE_BEZIER_KNOTS.);
#208=B_SPLINE_CURVE_WITH_KNOTS('',2,(#5198,#5199,#5200),.UNSPECIFIED.,.F.,
 .F.,(3,3),(0.,1.),.PIECEWISE_BEZIER_KNOTS.);
#209=B_SPLINE_CURVE_WITH_KNOTS('',2,(#5201,#5202,#5203),.UNSPECIFIED.,.F.,
 .F.,(3,3),(0.,1.),.PIECEWISE_BEZIER_KNOTS.);
#210=B_SPLINE_CURVE_WITH_KNOTS('',2,(#5221,#5222,#5223),.UNSPECIFIED.,.F.,
 .F.,(3,3),(0.,1.),.PIECEWISE_BEZIER_KNOTS.);
#211=B_SPLINE_CURVE_WITH_KNOTS('',2,(#5234,#5235,#5236),.UNSPECIFIED.,.F.,
 .F.,(3,3),(0.,1.),.PIECEWISE_BEZIER_KNOTS.);
#212=B_SPLINE_CURVE_WITH_KNOTS('',2,(#5247,#5248,#5249),.UNSPECIFIED.,.F.,
 .F.,(3,3),(0.,1.),.PIECEWISE_BEZIER_KNOTS.);
#213=B_SPLINE_CURVE_WITH_KNOTS('',2,(#5264,#5265,#5266),.UNSPECIFIED.,.F.,
 .F.,(3,3),(0.,1.),.PIECEWISE_BEZIER_KNOTS.);
#214=B_SPLINE_CURVE_WITH_KNOTS('',2,(#5281,#5282,#5283),.UNSPECIFIED.,.F.,
 .F.,(3,3),(0.,1.),.PIECEWISE_BEZIER_KNOTS.);
#215=B_SPLINE_CURVE_WITH_KNOTS('',2,(#5298,#5299,#5300),.UNSPECIFIED.,.F.,
 .F.,(3,3),(0.,1.),.PIECEWISE_BEZIER_KNOTS.);
#216=B_SPLINE_CURVE_WITH_KNOTS('',2,(#5311,#5312,#5313),.UNSPECIFIED.,.F.,
 .F.,(3,3),(0.,1.),.PIECEWISE_BEZIER_KNOTS.);
#217=B_SPLINE_CURVE_WITH_KNOTS('',2,(#5328,#5329,#5330),.UNSPECIFIED.,.F.,
 .F.,(3,3),(0.,1.),.PIECEWISE_BEZIER_KNOTS.);
#218=B_SPLINE_CURVE_WITH_KNOTS('',2,(#5345,#5346,#5347),.UNSPECIFIED.,.F.,
 .F.,(3,3),(0.,1.),.PIECEWISE_BEZIER_KNOTS.);
#219=B_SPLINE_CURVE_WITH_KNOTS('',2,(#5358,#5359,#5360),.UNSPECIFIED.,.F.,
 .F.,(3,3),(0.,1.),.PIECEWISE_BEZIER_KNOTS.);
#220=B_SPLINE_CURVE_WITH_KNOTS('',2,(#5371,#5372,#5373),.UNSPECIFIED.,.F.,
 .F.,(3,3),(0.,1.),.PIECEWISE_BEZIER_KNOTS.);
#221=B_SPLINE_CURVE_WITH_KNOTS('',2,(#5384,#5385,#5386),.UNSPECIFIED.,.F.,
 .F.,(3,3),(0.,1.),.PIECEWISE_BEZIER_KNOTS.);
#222=B_SPLINE_CURVE_WITH_KNOTS('',2,(#5401,#5402,#5403),.UNSPECIFIED.,.F.,
 .F.,(3,3),(0.,1.),.PIECEWISE_BEZIER_KNOTS.);
#223=B_SPLINE_CURVE_WITH_KNOTS('',2,(#5418,#5419,#5420),.UNSPECIFIED.,.F.,
 .F.,(3,3),(0.,1.),.PIECEWISE_BEZIER_KNOTS.);
#224=B_SPLINE_CURVE_WITH_KNOTS('',2,(#5435,#5436,#5437),.UNSPECIFIED.,.F.,
 .F.,(3,3),(0.,1.),.PIECEWISE_BEZIER_KNOTS.);
#225=B_SPLINE_CURVE_WITH_KNOTS('',2,(#5448,#5449,#5450),.UNSPECIFIED.,.F.,
 .F.,(3,3),(0.,1.),.PIECEWISE_BEZIER_KNOTS.);
#226=B_SPLINE_CURVE_WITH_KNOTS('',2,(#5463,#5464,#5465),.UNSPECIFIED.,.F.,
 .F.,(3,3),(0.,1.),.PIECEWISE_BEZIER_KNOTS.);
#227=LINE('',#3786,#532);
#228=LINE('',#3796,#533);
#229=LINE('',#3806,#534);
#230=LINE('',#3812,#535);
#231=LINE('',#3818,#536);
#232=LINE('',#3824,#537);
#233=LINE('',#3826,#538);
#234=LINE('',#3831,#539);
#235=LINE('',#3834,#540);
#236=LINE('',#3836,#541);
#237=LINE('',#3838,#542);
#238=LINE('',#3839,#543);
#239=LINE('',#3844,#544);
#240=LINE('',#3848,#545);
#241=LINE('',#3852,#546);
#242=LINE('',#3860,#547);
#243=LINE('',#3866,#548);
#244=LINE('',#3872,#549);
#245=LINE('',#3878,#550);
#246=LINE('',#3880,#551);
#247=LINE('',#3886,#552);
#248=LINE('',#3892,#553);
#249=LINE('',#3898,#554);
#250=LINE('',#3904,#555);
#251=LINE('',#3914,#556);
#252=LINE('',#3920,#557);
#253=LINE('',#3926,#558);
#254=LINE('',#3936,#559);
#255=LINE('',#3938,#560);
#256=LINE('',#3948,#561);
#257=LINE('',#3954,#562);
#258=LINE('',#3956,#563);
#259=LINE('',#3958,#564);
#260=LINE('',#3964,#565);
#261=LINE('',#3972,#566);
#262=LINE('',#3974,#567);
#263=LINE('',#3984,#568);
#264=LINE('',#3990,#569);
#265=LINE('',#3992,#570);
#266=LINE('',#3994,#571);
#267=LINE('',#4000,#572);
#268=LINE('',#4006,#573);
#269=LINE('',#4012,#574);
#270=LINE('',#4018,#575);
#271=LINE('',#4020,#576);
#272=LINE('',#4028,#577);
#273=LINE('',#4038,#578);
#274=LINE('',#4048,#579);
#275=LINE('',#4056,#580);
#276=LINE('',#4058,#581);
#277=LINE('',#4064,#582);
#278=LINE('',#4070,#583);
#279=LINE('',#4080,#584);
#280=LINE('',#4086,#585);
#281=LINE('',#4092,#586);
#282=LINE('',#4110,#587);
#283=LINE('',#4116,#588);
#284=LINE('',#4126,#589);
#285=LINE('',#4132,#590);
#286=LINE('',#4138,#591);
#287=LINE('',#4148,#592);
#288=LINE('',#4151,#593);
#289=LINE('',#4153,#594);
#290=LINE('',#4155,#595);
#291=LINE('',#4157,#596);
#292=LINE('',#4159,#597);
#293=LINE('',#4161,#598);
#294=LINE('',#4163,#599);
#295=LINE('',#4166,#600);
#296=LINE('',#4167,#601);
#297=LINE('',#4169,#602);
#298=LINE('',#4170,#603);
#299=LINE('',#4172,#604);
#300=LINE('',#4174,#605);
#301=LINE('',#4176,#606);
#302=LINE('',#4178,#607);
#303=LINE('',#4180,#608);
#304=LINE('',#4183,#609);
#305=LINE('',#4185,#610);
#306=LINE('',#4187,#611);
#307=LINE('',#4188,#612);
#308=LINE('',#4190,#613);
#309=LINE('',#4192,#614);
#310=LINE('',#4194,#615);
#311=LINE('',#4195,#616);
#312=LINE('',#4197,#617);
#313=LINE('',#4199,#618);
#314=LINE('',#4202,#619);
#315=LINE('',#4204,#620);
#316=LINE('',#4206,#621);
#317=LINE('',#4208,#622);
#318=LINE('',#4210,#623);
#319=LINE('',#4213,#624);
#320=LINE('',#4215,#625);
#321=LINE('',#4217,#626);
#322=LINE('',#4219,#627);
#323=LINE('',#4221,#628);
#324=LINE('',#4223,#629);
#325=LINE('',#4225,#630);
#326=LINE('',#4228,#631);
#327=LINE('',#4229,#632);
#328=LINE('',#4231,#633);
#329=LINE('',#4233,#634);
#330=LINE('',#4235,#635);
#331=LINE('',#4246,#636);
#332=LINE('',#4248,#637);
#333=LINE('',#4250,#638);
#334=LINE('',#4259,#639);
#335=LINE('',#4265,#640);
#336=LINE('',#4267,#641);
#337=LINE('',#4276,#642);
#338=LINE('',#4282,#643);
#339=LINE('',#4284,#644);
#340=LINE('',#4293,#645);
#341=LINE('',#4306,#646);
#342=LINE('',#4312,#647);
#343=LINE('',#4314,#648);
#344=LINE('',#4323,#649);
#345=LINE('',#4329,#650);
#346=LINE('',#4331,#651);
#347=LINE('',#4340,#652);
#348=LINE('',#4346,#653);
#349=LINE('',#4348,#654);
#350=LINE('',#4357,#655);
#351=LINE('',#4363,#656);
#352=LINE('',#4365,#657);
#353=LINE('',#4374,#658);
#354=LINE('',#4380,#659);
#355=LINE('',#4382,#660);
#356=LINE('',#4384,#661);
#357=LINE('',#4386,#662);
#358=LINE('',#4395,#663);
#359=LINE('',#4401,#664);
#360=LINE('',#4403,#665);
#361=LINE('',#4412,#666);
#362=LINE('',#4418,#667);
#363=LINE('',#4420,#668);
#364=LINE('',#4434,#669);
#365=LINE('',#4436,#670);
#366=LINE('',#4438,#671);
#367=LINE('',#4447,#672);
#368=LINE('',#4453,#673);
#369=LINE('',#4455,#674);
#370=LINE('',#4457,#675);
#371=LINE('',#4459,#676);
#372=LINE('',#4461,#677);
#373=LINE('',#4463,#678);
#374=LINE('',#4472,#679);
#375=LINE('',#4478,#680);
#376=LINE('',#4480,#681);
#377=LINE('',#4489,#682);
#378=LINE('',#4502,#683);
#379=LINE('',#4508,#684);
#380=LINE('',#4510,#685);
#381=LINE('',#4512,#686);
#382=LINE('',#4514,#687);
#383=LINE('',#4516,#688);
#384=LINE('',#4527,#689);
#385=LINE('',#4533,#690);
#386=LINE('',#4535,#691);
#387=LINE('',#4544,#692);
#388=LINE('',#4550,#693);
#389=LINE('',#4552,#694);
#390=LINE('',#4554,#695);
#391=LINE('',#4556,#696);
#392=LINE('',#4558,#697);
#393=LINE('',#4560,#698);
#394=LINE('',#4569,#699);
#395=LINE('',#4575,#700);
#396=LINE('',#4577,#701);
#397=LINE('',#4586,#702);
#398=LINE('',#4599,#703);
#399=LINE('',#4605,#704);
#400=LINE('',#4607,#705);
#401=LINE('',#4609,#706);
#402=LINE('',#4611,#707);
#403=LINE('',#4620,#708);
#404=LINE('',#4638,#709);
#405=LINE('',#4641,#710);
#406=LINE('',#4643,#711);
#407=LINE('',#4645,#712);
#408=LINE('',#4658,#713);
#409=LINE('',#4664,#714);
#410=LINE('',#4666,#715);
#411=LINE('',#4668,#716);
#412=LINE('',#4681,#717);
#413=LINE('',#4698,#718);
#414=LINE('',#4704,#719);
#415=LINE('',#4706,#720);
#416=LINE('',#4708,#721);
#417=LINE('',#4721,#722);
#418=LINE('',#4738,#723);
#419=LINE('',#4744,#724);
#420=LINE('',#4746,#725);
#421=LINE('',#4748,#726);
#422=LINE('',#4750,#727);
#423=LINE('',#4752,#728);
#424=LINE('',#4754,#729);
#425=LINE('',#4756,#730);
#426=LINE('',#4767,#731);
#427=LINE('',#4773,#732);
#428=LINE('',#4775,#733);
#429=LINE('',#4777,#734);
#430=LINE('',#4779,#735);
#431=LINE('',#4788,#736);
#432=LINE('',#4794,#737);
#433=LINE('',#4796,#738);
#434=LINE('',#4805,#739);
#435=LINE('',#4811,#740);
#436=LINE('',#4813,#741);
#437=LINE('',#4822,#742);
#438=LINE('',#4828,#743);
#439=LINE('',#4830,#744);
#440=LINE('',#4839,#745);
#441=LINE('',#4852,#746);
#442=LINE('',#4858,#747);
#443=LINE('',#4860,#748);
#444=LINE('',#4869,#749);
#445=LINE('',#4901,#750);
#446=LINE('',#4904,#751);
#447=LINE('',#4906,#752);
#448=LINE('',#4908,#753);
#449=LINE('',#4921,#754);
#450=LINE('',#4927,#755);
#451=LINE('',#4929,#756);
#452=LINE('',#4931,#757);
#453=LINE('',#4944,#758);
#454=LINE('',#4950,#759);
#455=LINE('',#4952,#760);
#456=LINE('',#4954,#761);
#457=LINE('',#4967,#762);
#458=LINE('',#4984,#763);
#459=LINE('',#4990,#764);
#460=LINE('',#4992,#765);
#461=LINE('',#4994,#766);
#462=LINE('',#5007,#767);
#463=LINE('',#5013,#768);
#464=LINE('',#5015,#769);
#465=LINE('',#5017,#770);
#466=LINE('',#5026,#771);
#467=LINE('',#5032,#772);
#468=LINE('',#5034,#773);
#469=LINE('',#5036,#774);
#470=LINE('',#5038,#775);
#471=LINE('',#5047,#776);
#472=LINE('',#5053,#777);
#473=LINE('',#5057,#778);
#474=LINE('',#5059,#779);
#475=LINE('',#5068,#780);
#476=LINE('',#5081,#781);
#477=LINE('',#5087,#782);
#478=LINE('',#5089,#783);
#479=LINE('',#5098,#784);
#480=LINE('',#5111,#785);
#481=LINE('',#5117,#786);
#482=LINE('',#5119,#787);
#483=LINE('',#5121,#788);
#484=LINE('',#5132,#789);
#485=LINE('',#5138,#790);
#486=LINE('',#5140,#791);
#487=LINE('',#5142,#792);
#488=LINE('',#5144,#793);
#489=LINE('',#5153,#794);
#490=LINE('',#5159,#795);
#491=LINE('',#5161,#796);
#492=LINE('',#5170,#797);
#493=LINE('',#5176,#798);
#494=LINE('',#5178,#799);
#495=LINE('',#5206,#800);
#496=LINE('',#5208,#801);
#497=LINE('',#5210,#802);
#498=LINE('',#5219,#803);
#499=LINE('',#5232,#804);
#500=LINE('',#5245,#805);
#501=LINE('',#5251,#806);
#502=LINE('',#5253,#807);
#503=LINE('',#5262,#808);
#504=LINE('',#5268,#809);
#505=LINE('',#5270,#810);
#506=LINE('',#5279,#811);
#507=LINE('',#5285,#812);
#508=LINE('',#5287,#813);
#509=LINE('',#5296,#814);
#510=LINE('',#5309,#815);
#511=LINE('',#5315,#816);
#512=LINE('',#5317,#817);
#513=LINE('',#5326,#818);
#514=LINE('',#5332,#819);
#515=LINE('',#5334,#820);
#516=LINE('',#5343,#821);
#517=LINE('',#5356,#822);
#518=LINE('',#5369,#823);
#519=LINE('',#5382,#824);
#520=LINE('',#5388,#825);
#521=LINE('',#5390,#826);
#522=LINE('',#5399,#827);
#523=LINE('',#5405,#828);
#524=LINE('',#5407,#829);
#525=LINE('',#5416,#830);
#526=LINE('',#5422,#831);
#527=LINE('',#5424,#832);
#528=LINE('',#5433,#833);
#529=LINE('',#5446,#834);
#530=LINE('',#5452,#835);
#531=LINE('',#5454,#836);
#532=VECTOR('',#3260,1.);
#533=VECTOR('',#3261,1.);
#534=VECTOR('',#3262,1.);
#535=VECTOR('',#3263,1.);
#536=VECTOR('',#3264,1.);
#537=VECTOR('',#3265,1.);
#538=VECTOR('',#3266,1.);
#539=VECTOR('',#3267,1.);
#540=VECTOR('',#3268,1.);
#541=VECTOR('',#3269,1.);
#542=VECTOR('',#3270,1.);
#543=VECTOR('',#3271,1.);
#544=VECTOR('',#3274,1.);
#545=VECTOR('',#3277,1.);
#546=VECTOR('',#3280,1.);
#547=VECTOR('',#3283,1.);
#548=VECTOR('',#3284,1.);
#549=VECTOR('',#3285,1.);
#550=VECTOR('',#3286,1.);
#551=VECTOR('',#3287,1.);
#552=VECTOR('',#3288,1.);
#553=VECTOR('',#3289,1.);
#554=VECTOR('',#3290,1.);
#555=VECTOR('',#3291,1.);
#556=VECTOR('',#3292,1.);
#557=VECTOR('',#3293,1.);
#558=VECTOR('',#3294,1.);
#559=VECTOR('',#3295,1.);
#560=VECTOR('',#3296,1.);
#561=VECTOR('',#3297,1.);
#562=VECTOR('',#3298,1.);
#563=VECTOR('',#3299,1.);
#564=VECTOR('',#3300,1.);
#565=VECTOR('',#3301,1.);
#566=VECTOR('',#3304,1.);
#567=VECTOR('',#3305,1.);
#568=VECTOR('',#3306,1.);
#569=VECTOR('',#3307,1.);
#570=VECTOR('',#3308,1.);
#571=VECTOR('',#3309,1.);
#572=VECTOR('',#3310,1.);
#573=VECTOR('',#3311,1.);
#574=VECTOR('',#3312,1.);
#575=VECTOR('',#3313,1.);
#576=VECTOR('',#3314,1.);
#577=VECTOR('',#3317,1.);
#578=VECTOR('',#3318,1.);
#579=VECTOR('',#3319,1.);
#580=VECTOR('',#3322,1.);
#581=VECTOR('',#3323,1.);
#582=VECTOR('',#3324,1.);
#583=VECTOR('',#3325,1.);
#584=VECTOR('',#3326,1.);
#585=VECTOR('',#3327,1.);
#586=VECTOR('',#3328,1.);
#587=VECTOR('',#3329,1.);
#588=VECTOR('',#3330,1.);
#589=VECTOR('',#3331,1.);
#590=VECTOR('',#3332,1.);
#591=VECTOR('',#3333,1.);
#592=VECTOR('',#3336,1.);
#593=VECTOR('',#3337,1.);
#594=VECTOR('',#3338,1.);
#595=VECTOR('',#3339,1.);
#596=VECTOR('',#3342,1.);
#597=VECTOR('',#3343,1.);
#598=VECTOR('',#3344,1.);
#599=VECTOR('',#3347,1.);
#600=VECTOR('',#3348,1.);
#601=VECTOR('',#3349,1.);
#602=VECTOR('',#3352,1.);
#603=VECTOR('',#3353,1.);
#604=VECTOR('',#3354,1.);
#605=VECTOR('',#3355,1.);
#606=VECTOR('',#3356,1.);
#607=VECTOR('',#3357,1.);
#608=VECTOR('',#3360,1.);
#609=VECTOR('',#3361,1.);
#610=VECTOR('',#3362,1.);
#611=VECTOR('',#3363,1.);
#612=VECTOR('',#3364,1.);
#613=VECTOR('',#3365,1.);
#614=VECTOR('',#3366,1.);
#615=VECTOR('',#3369,1.);
#616=VECTOR('',#3370,1.);
#617=VECTOR('',#3373,1.);
#618=VECTOR('',#3376,1.);
#619=VECTOR('',#3381,1.);
#620=VECTOR('',#3382,1.);
#621=VECTOR('',#3385,1.);
#622=VECTOR('',#3386,1.);
#623=VECTOR('',#3389,1.);
#624=VECTOR('',#3394,1.);
#625=VECTOR('',#3395,1.);
#626=VECTOR('',#3396,1.);
#627=VECTOR('',#3399,1.);
#628=VECTOR('',#3400,1.);
#629=VECTOR('',#3401,1.);
#630=VECTOR('',#3404,1.);
#631=VECTOR('',#3405,1.);
#632=VECTOR('',#3406,1.);
#633=VECTOR('',#3409,1.);
#634=VECTOR('',#3410,1.);
#635=VECTOR('',#3411,1.);
#636=VECTOR('',#3432,1.);
#637=VECTOR('',#3433,1.);
#638=VECTOR('',#3434,1.);
#639=VECTOR('',#3435,1.);
#640=VECTOR('',#3438,1.);
#641=VECTOR('',#3439,1.);
#642=VECTOR('',#3440,1.);
#643=VECTOR('',#3443,1.);
#644=VECTOR('',#3444,1.);
#645=VECTOR('',#3445,1.);
#646=VECTOR('',#3446,1.);
#647=VECTOR('',#3449,1.);
#648=VECTOR('',#3450,1.);
#649=VECTOR('',#3451,1.);
#650=VECTOR('',#3454,1.);
#651=VECTOR('',#3455,1.);
#652=VECTOR('',#3456,1.);
#653=VECTOR('',#3459,1.);
#654=VECTOR('',#3460,1.);
#655=VECTOR('',#3461,1.);
#656=VECTOR('',#3464,1.);
#657=VECTOR('',#3465,1.);
#658=VECTOR('',#3466,1.);
#659=VECTOR('',#3469,1.);
#660=VECTOR('',#3470,1.);
#661=VECTOR('',#3473,1.);
#662=VECTOR('',#3474,1.);
#663=VECTOR('',#3475,1.);
#664=VECTOR('',#3478,1.);
#665=VECTOR('',#3479,1.);
#666=VECTOR('',#3480,1.);
#667=VECTOR('',#3483,1.);
#668=VECTOR('',#3484,1.);
#669=VECTOR('',#3489,1.);
#670=VECTOR('',#3490,1.);
#671=VECTOR('',#3491,1.);
#672=VECTOR('',#3492,1.);
#673=VECTOR('',#3495,1.);
#674=VECTOR('',#3496,1.);
#675=VECTOR('',#3499,1.);
#676=VECTOR('',#3500,1.);
#677=VECTOR('',#3503,1.);
#678=VECTOR('',#3504,1.);
#679=VECTOR('',#3505,1.);
#680=VECTOR('',#3508,1.);
#681=VECTOR('',#3509,1.);
#682=VECTOR('',#3510,1.);
#683=VECTOR('',#3511,1.);
#684=VECTOR('',#3514,1.);
#685=VECTOR('',#3515,1.);
#686=VECTOR('',#3518,1.);
#687=VECTOR('',#3519,1.);
#688=VECTOR('',#3522,1.);
#689=VECTOR('',#3525,1.);
#690=VECTOR('',#3528,1.);
#691=VECTOR('',#3529,1.);
#692=VECTOR('',#3530,1.);
#693=VECTOR('',#3533,1.);
#694=VECTOR('',#3534,1.);
#695=VECTOR('',#3537,1.);
#696=VECTOR('',#3538,1.);
#697=VECTOR('',#3541,1.);
#698=VECTOR('',#3542,1.);
#699=VECTOR('',#3543,1.);
#700=VECTOR('',#3546,1.);
#701=VECTOR('',#3547,1.);
#702=VECTOR('',#3548,1.);
#703=VECTOR('',#3549,1.);
#704=VECTOR('',#3552,1.);
#705=VECTOR('',#3553,1.);
#706=VECTOR('',#3556,1.);
#707=VECTOR('',#3557,1.);
#708=VECTOR('',#3558,1.);
#709=VECTOR('',#3563,1.);
#710=VECTOR('',#3564,1.);
#711=VECTOR('',#3565,1.);
#712=VECTOR('',#3566,1.);
#713=VECTOR('',#3567,1.);
#714=VECTOR('',#3570,1.);
#715=VECTOR('',#3571,1.);
#716=VECTOR('',#3572,1.);
#717=VECTOR('',#3573,1.);
#718=VECTOR('',#3574,1.);
#719=VECTOR('',#3577,1.);
#720=VECTOR('',#3578,1.);
#721=VECTOR('',#3579,1.);
#722=VECTOR('',#3580,1.);
#723=VECTOR('',#3581,1.);
#724=VECTOR('',#3584,1.);
#725=VECTOR('',#3585,1.);
#726=VECTOR('',#3586,1.);
#727=VECTOR('',#3589,1.);
#728=VECTOR('',#3590,1.);
#729=VECTOR('',#3591,1.);
#730=VECTOR('',#3594,1.);
#731=VECTOR('',#3597,1.);
#732=VECTOR('',#3600,1.);
#733=VECTOR('',#3601,1.);
#734=VECTOR('',#3604,1.);
#735=VECTOR('',#3605,1.);
#736=VECTOR('',#3606,1.);
#737=VECTOR('',#3609,1.);
#738=VECTOR('',#3610,1.);
#739=VECTOR('',#3611,1.);
#740=VECTOR('',#3614,1.);
#741=VECTOR('',#3615,1.);
#742=VECTOR('',#3616,1.);
#743=VECTOR('',#3619,1.);
#744=VECTOR('',#3620,1.);
#745=VECTOR('',#3621,1.);
#746=VECTOR('',#3622,1.);
#747=VECTOR('',#3625,1.);
#748=VECTOR('',#3626,1.);
#749=VECTOR('',#3627,1.);
#750=VECTOR('',#3632,1.);
#751=VECTOR('',#3633,1.);
#752=VECTOR('',#3634,1.);
#753=VECTOR('',#3635,1.);
#754=VECTOR('',#3636,1.);
#755=VECTOR('',#3639,1.);
#756=VECTOR('',#3640,1.);
#757=VECTOR('',#3641,1.);
#758=VECTOR('',#3642,1.);
#759=VECTOR('',#3645,1.);
#760=VECTOR('',#3646,1.);
#761=VECTOR('',#3647,1.);
#762=VECTOR('',#3648,1.);
#763=VECTOR('',#3649,1.);
#764=VECTOR('',#3652,1.);
#765=VECTOR('',#3653,1.);
#766=VECTOR('',#3654,1.);
#767=VECTOR('',#3655,1.);
#768=VECTOR('',#3658,1.);
#769=VECTOR('',#3659,1.);
#770=VECTOR('',#3660,1.);
#771=VECTOR('',#3661,1.);
#772=VECTOR('',#3664,1.);
#773=VECTOR('',#3665,1.);
#774=VECTOR('',#3668,1.);
#775=VECTOR('',#3669,1.);
#776=VECTOR('',#3670,1.);
#777=VECTOR('',#3673,1.);
#778=VECTOR('',#3678,1.);
#779=VECTOR('',#3679,1.);
#780=VECTOR('',#3680,1.);
#781=VECTOR('',#3681,1.);
#782=VECTOR('',#3684,1.);
#783=VECTOR('',#3685,1.);
#784=VECTOR('',#3686,1.);
#785=VECTOR('',#3687,1.);
#786=VECTOR('',#3690,1.);
#787=VECTOR('',#3691,1.);
#788=VECTOR('',#3694,1.);
#789=VECTOR('',#3697,1.);
#790=VECTOR('',#3700,1.);
#791=VECTOR('',#3701,1.);
#792=VECTOR('',#3704,1.);
#793=VECTOR('',#3705,1.);
#794=VECTOR('',#3706,1.);
#795=VECTOR('',#3709,1.);
#796=VECTOR('',#3710,1.);
#797=VECTOR('',#3711,1.);
#798=VECTOR('',#3714,1.);
#799=VECTOR('',#3715,1.);
#800=VECTOR('',#3720,1.);
#801=VECTOR('',#3721,1.);
#802=VECTOR('',#3722,1.);
#803=VECTOR('',#3723,1.);
#804=VECTOR('',#3724,1.);
#805=VECTOR('',#3725,1.);
#806=VECTOR('',#3728,1.);
#807=VECTOR('',#3729,1.);
#808=VECTOR('',#3730,1.);
#809=VECTOR('',#3733,1.);
#810=VECTOR('',#3734,1.);
#811=VECTOR('',#3735,1.);
#812=VECTOR('',#3738,1.);
#813=VECTOR('',#3739,1.);
#814=VECTOR('',#3740,1.);
#815=VECTOR('',#3741,1.);
#816=VECTOR('',#3744,1.);
#817=VECTOR('',#3745,1.);
#818=VECTOR('',#3746,1.);
#819=VECTOR('',#3749,1.);
#820=VECTOR('',#3750,1.);
#821=VECTOR('',#3751,1.);
#822=VECTOR('',#3752,1.);
#823=VECTOR('',#3753,1.);
#824=VECTOR('',#3754,1.);
#825=VECTOR('',#3757,1.);
#826=VECTOR('',#3758,1.);
#827=VECTOR('',#3759,1.);
#828=VECTOR('',#3762,1.);
#829=VECTOR('',#3763,1.);
#830=VECTOR('',#3764,1.);
#831=VECTOR('',#3767,1.);
#832=VECTOR('',#3768,1.);
#833=VECTOR('',#3769,1.);
#834=VECTOR('',#3770,1.);
#835=VECTOR('',#3773,1.);
#836=VECTOR('',#3774,1.);
#837=ORIENTED_EDGE('',*,*,#1755,.T.);
#838=ORIENTED_EDGE('',*,*,#1756,.T.);
#839=ORIENTED_EDGE('',*,*,#1757,.T.);
#840=ORIENTED_EDGE('',*,*,#1758,.T.);
#841=ORIENTED_EDGE('',*,*,#1759,.T.);
#842=ORIENTED_EDGE('',*,*,#1760,.T.);
#843=ORIENTED_EDGE('',*,*,#1761,.T.);
#844=ORIENTED_EDGE('',*,*,#1762,.T.);
#845=ORIENTED_EDGE('',*,*,#1763,.T.);
#846=ORIENTED_EDGE('',*,*,#1764,.T.);
#847=ORIENTED_EDGE('',*,*,#1765,.T.);
#848=ORIENTED_EDGE('',*,*,#1766,.T.);
#849=ORIENTED_EDGE('',*,*,#1767,.T.);
#850=ORIENTED_EDGE('',*,*,#1768,.T.);
#851=ORIENTED_EDGE('',*,*,#1769,.T.);
#852=ORIENTED_EDGE('',*,*,#1770,.T.);
#853=ORIENTED_EDGE('',*,*,#1771,.T.);
#854=ORIENTED_EDGE('',*,*,#1772,.T.);
#855=ORIENTED_EDGE('',*,*,#1773,.F.);
#856=ORIENTED_EDGE('',*,*,#1774,.F.);
#857=ORIENTED_EDGE('',*,*,#1775,.F.);
#858=ORIENTED_EDGE('',*,*,#1776,.T.);
#859=ORIENTED_EDGE('',*,*,#1777,.F.);
#860=ORIENTED_EDGE('',*,*,#1778,.T.);
#861=ORIENTED_EDGE('',*,*,#1779,.F.);
#862=ORIENTED_EDGE('',*,*,#1780,.T.);
#863=ORIENTED_EDGE('',*,*,#1781,.T.);
#864=ORIENTED_EDGE('',*,*,#1782,.T.);
#865=ORIENTED_EDGE('',*,*,#1783,.T.);
#866=ORIENTED_EDGE('',*,*,#1784,.T.);
#867=ORIENTED_EDGE('',*,*,#1785,.T.);
#868=ORIENTED_EDGE('',*,*,#1786,.T.);
#869=ORIENTED_EDGE('',*,*,#1787,.T.);
#870=ORIENTED_EDGE('',*,*,#1788,.T.);
#871=ORIENTED_EDGE('',*,*,#1789,.T.);
#872=ORIENTED_EDGE('',*,*,#1790,.T.);
#873=ORIENTED_EDGE('',*,*,#1791,.T.);
#874=ORIENTED_EDGE('',*,*,#1792,.T.);
#875=ORIENTED_EDGE('',*,*,#1793,.T.);
#876=ORIENTED_EDGE('',*,*,#1794,.T.);
#877=ORIENTED_EDGE('',*,*,#1795,.T.);
#878=ORIENTED_EDGE('',*,*,#1796,.T.);
#879=ORIENTED_EDGE('',*,*,#1797,.T.);
#880=ORIENTED_EDGE('',*,*,#1798,.T.);
#881=ORIENTED_EDGE('',*,*,#1799,.T.);
#882=ORIENTED_EDGE('',*,*,#1800,.T.);
#883=ORIENTED_EDGE('',*,*,#1801,.T.);
#884=ORIENTED_EDGE('',*,*,#1802,.T.);
#885=ORIENTED_EDGE('',*,*,#1803,.T.);
#886=ORIENTED_EDGE('',*,*,#1804,.T.);
#887=ORIENTED_EDGE('',*,*,#1805,.T.);
#888=ORIENTED_EDGE('',*,*,#1806,.T.);
#889=ORIENTED_EDGE('',*,*,#1807,.T.);
#890=ORIENTED_EDGE('',*,*,#1808,.T.);
#891=ORIENTED_EDGE('',*,*,#1809,.T.);
#892=ORIENTED_EDGE('',*,*,#1810,.T.);
#893=ORIENTED_EDGE('',*,*,#1811,.T.);
#894=ORIENTED_EDGE('',*,*,#1812,.T.);
#895=ORIENTED_EDGE('',*,*,#1813,.T.);
#896=ORIENTED_EDGE('',*,*,#1814,.T.);
#897=ORIENTED_EDGE('',*,*,#1815,.T.);
#898=ORIENTED_EDGE('',*,*,#1816,.T.);
#899=ORIENTED_EDGE('',*,*,#1817,.T.);
#900=ORIENTED_EDGE('',*,*,#1818,.T.);
#901=ORIENTED_EDGE('',*,*,#1819,.T.);
#902=ORIENTED_EDGE('',*,*,#1820,.T.);
#903=ORIENTED_EDGE('',*,*,#1821,.T.);
#904=ORIENTED_EDGE('',*,*,#1822,.T.);
#905=ORIENTED_EDGE('',*,*,#1823,.T.);
#906=ORIENTED_EDGE('',*,*,#1824,.T.);
#907=ORIENTED_EDGE('',*,*,#1825,.T.);
#908=ORIENTED_EDGE('',*,*,#1826,.T.);
#909=ORIENTED_EDGE('',*,*,#1827,.T.);
#910=ORIENTED_EDGE('',*,*,#1828,.T.);
#911=ORIENTED_EDGE('',*,*,#1829,.T.);
#912=ORIENTED_EDGE('',*,*,#1830,.T.);
#913=ORIENTED_EDGE('',*,*,#1831,.T.);
#914=ORIENTED_EDGE('',*,*,#1832,.T.);
#915=ORIENTED_EDGE('',*,*,#1833,.T.);
#916=ORIENTED_EDGE('',*,*,#1834,.T.);
#917=ORIENTED_EDGE('',*,*,#1835,.T.);
#918=ORIENTED_EDGE('',*,*,#1836,.T.);
#919=ORIENTED_EDGE('',*,*,#1837,.T.);
#920=ORIENTED_EDGE('',*,*,#1838,.T.);
#921=ORIENTED_EDGE('',*,*,#1839,.T.);
#922=ORIENTED_EDGE('',*,*,#1840,.T.);
#923=ORIENTED_EDGE('',*,*,#1841,.T.);
#924=ORIENTED_EDGE('',*,*,#1842,.T.);
#925=ORIENTED_EDGE('',*,*,#1843,.T.);
#926=ORIENTED_EDGE('',*,*,#1844,.T.);
#927=ORIENTED_EDGE('',*,*,#1845,.T.);
#928=ORIENTED_EDGE('',*,*,#1846,.T.);
#929=ORIENTED_EDGE('',*,*,#1847,.T.);
#930=ORIENTED_EDGE('',*,*,#1848,.T.);
#931=ORIENTED_EDGE('',*,*,#1849,.T.);
#932=ORIENTED_EDGE('',*,*,#1850,.T.);
#933=ORIENTED_EDGE('',*,*,#1851,.T.);
#934=ORIENTED_EDGE('',*,*,#1852,.T.);
#935=ORIENTED_EDGE('',*,*,#1853,.T.);
#936=ORIENTED_EDGE('',*,*,#1854,.T.);
#937=ORIENTED_EDGE('',*,*,#1855,.T.);
#938=ORIENTED_EDGE('',*,*,#1856,.T.);
#939=ORIENTED_EDGE('',*,*,#1857,.T.);
#940=ORIENTED_EDGE('',*,*,#1858,.T.);
#941=ORIENTED_EDGE('',*,*,#1859,.T.);
#942=ORIENTED_EDGE('',*,*,#1860,.T.);
#943=ORIENTED_EDGE('',*,*,#1861,.T.);
#944=ORIENTED_EDGE('',*,*,#1862,.T.);
#945=ORIENTED_EDGE('',*,*,#1863,.T.);
#946=ORIENTED_EDGE('',*,*,#1864,.T.);
#947=ORIENTED_EDGE('',*,*,#1865,.T.);
#948=ORIENTED_EDGE('',*,*,#1866,.T.);
#949=ORIENTED_EDGE('',*,*,#1867,.T.);
#950=ORIENTED_EDGE('',*,*,#1868,.T.);
#951=ORIENTED_EDGE('',*,*,#1869,.T.);
#952=ORIENTED_EDGE('',*,*,#1870,.T.);
#953=ORIENTED_EDGE('',*,*,#1871,.T.);
#954=ORIENTED_EDGE('',*,*,#1872,.T.);
#955=ORIENTED_EDGE('',*,*,#1873,.T.);
#956=ORIENTED_EDGE('',*,*,#1874,.T.);
#957=ORIENTED_EDGE('',*,*,#1875,.T.);
#958=ORIENTED_EDGE('',*,*,#1876,.T.);
#959=ORIENTED_EDGE('',*,*,#1877,.T.);
#960=ORIENTED_EDGE('',*,*,#1878,.T.);
#961=ORIENTED_EDGE('',*,*,#1879,.T.);
#962=ORIENTED_EDGE('',*,*,#1880,.F.);
#963=ORIENTED_EDGE('',*,*,#1881,.T.);
#964=ORIENTED_EDGE('',*,*,#1882,.T.);
#965=ORIENTED_EDGE('',*,*,#1883,.F.);
#966=ORIENTED_EDGE('',*,*,#1884,.F.);
#967=ORIENTED_EDGE('',*,*,#1883,.T.);
#968=ORIENTED_EDGE('',*,*,#1885,.T.);
#969=ORIENTED_EDGE('',*,*,#1886,.F.);
#970=ORIENTED_EDGE('',*,*,#1887,.F.);
#971=ORIENTED_EDGE('',*,*,#1888,.T.);
#972=ORIENTED_EDGE('',*,*,#1886,.T.);
#973=ORIENTED_EDGE('',*,*,#1889,.F.);
#974=ORIENTED_EDGE('',*,*,#1881,.F.);
#975=ORIENTED_EDGE('',*,*,#1890,.T.);
#976=ORIENTED_EDGE('',*,*,#1887,.T.);
#977=ORIENTED_EDGE('',*,*,#1891,.F.);
#978=ORIENTED_EDGE('',*,*,#1892,.F.);
#979=ORIENTED_EDGE('',*,*,#1893,.F.);
#980=ORIENTED_EDGE('',*,*,#1894,.T.);
#981=ORIENTED_EDGE('',*,*,#1895,.F.);
#982=ORIENTED_EDGE('',*,*,#1896,.T.);
#983=ORIENTED_EDGE('',*,*,#1897,.T.);
#984=ORIENTED_EDGE('',*,*,#1898,.F.);
#985=ORIENTED_EDGE('',*,*,#1899,.F.);
#986=ORIENTED_EDGE('',*,*,#1900,.F.);
#987=ORIENTED_EDGE('',*,*,#1891,.T.);
#988=ORIENTED_EDGE('',*,*,#1889,.T.);
#989=ORIENTED_EDGE('',*,*,#1885,.F.);
#990=ORIENTED_EDGE('',*,*,#1882,.F.);
#991=ORIENTED_EDGE('',*,*,#1895,.T.);
#992=ORIENTED_EDGE('',*,*,#1901,.T.);
#993=ORIENTED_EDGE('',*,*,#1902,.F.);
#994=ORIENTED_EDGE('',*,*,#1896,.F.);
#995=ORIENTED_EDGE('',*,*,#1903,.F.);
#996=ORIENTED_EDGE('',*,*,#1774,.T.);
#997=ORIENTED_EDGE('',*,*,#1904,.T.);
#998=ORIENTED_EDGE('',*,*,#1905,.F.);
#999=ORIENTED_EDGE('',*,*,#1771,.F.);
#1000=ORIENTED_EDGE('',*,*,#1903,.T.);
#1001=ORIENTED_EDGE('',*,*,#1899,.T.);
#1002=ORIENTED_EDGE('',*,*,#1898,.T.);
#1003=ORIENTED_EDGE('',*,*,#1906,.F.);
#1004=ORIENTED_EDGE('',*,*,#1772,.F.);
#1005=ORIENTED_EDGE('',*,*,#1905,.T.);
#1006=ORIENTED_EDGE('',*,*,#1897,.F.);
#1007=ORIENTED_EDGE('',*,*,#1904,.F.);
#1008=ORIENTED_EDGE('',*,*,#1773,.T.);
#1009=ORIENTED_EDGE('',*,*,#1906,.T.);
#1010=ORIENTED_EDGE('',*,*,#1900,.T.);
#1011=ORIENTED_EDGE('',*,*,#1907,.F.);
#1012=ORIENTED_EDGE('',*,*,#1908,.F.);
#1013=ORIENTED_EDGE('',*,*,#1892,.T.);
#1014=ORIENTED_EDGE('',*,*,#1902,.T.);
#1015=ORIENTED_EDGE('',*,*,#1909,.F.);
#1016=ORIENTED_EDGE('',*,*,#1910,.F.);
#1017=ORIENTED_EDGE('',*,*,#1907,.T.);
#1018=ORIENTED_EDGE('',*,*,#1901,.F.);
#1019=ORIENTED_EDGE('',*,*,#1894,.F.);
#1020=ORIENTED_EDGE('',*,*,#1911,.T.);
#1021=ORIENTED_EDGE('',*,*,#1909,.T.);
#1022=ORIENTED_EDGE('',*,*,#1893,.T.);
#1023=ORIENTED_EDGE('',*,*,#1908,.T.);
#1024=ORIENTED_EDGE('',*,*,#1910,.T.);
#1025=ORIENTED_EDGE('',*,*,#1911,.F.);
#1026=ORIENTED_EDGE('',*,*,#1775,.T.);
#1027=ORIENTED_EDGE('',*,*,#1912,.T.);
#1028=ORIENTED_EDGE('',*,*,#1913,.F.);
#1029=ORIENTED_EDGE('',*,*,#1914,.T.);
#1030=ORIENTED_EDGE('',*,*,#1777,.T.);
#1031=ORIENTED_EDGE('',*,*,#1915,.T.);
#1032=ORIENTED_EDGE('',*,*,#1916,.F.);
#1033=ORIENTED_EDGE('',*,*,#1917,.T.);
#1034=ORIENTED_EDGE('',*,*,#1918,.F.);
#1035=ORIENTED_EDGE('',*,*,#1919,.T.);
#1036=ORIENTED_EDGE('',*,*,#1779,.T.);
#1037=ORIENTED_EDGE('',*,*,#1920,.T.);
#1038=ORIENTED_EDGE('',*,*,#1781,.F.);
#1039=ORIENTED_EDGE('',*,*,#1921,.T.);
#1040=ORIENTED_EDGE('',*,*,#1922,.T.);
#1041=ORIENTED_EDGE('',*,*,#1923,.T.);
#1042=ORIENTED_EDGE('',*,*,#1890,.F.);
#1043=ORIENTED_EDGE('',*,*,#1880,.T.);
#1044=ORIENTED_EDGE('',*,*,#1884,.T.);
#1045=ORIENTED_EDGE('',*,*,#1888,.F.);
#1046=ORIENTED_EDGE('',*,*,#1916,.T.);
#1047=ORIENTED_EDGE('',*,*,#1924,.T.);
#1048=ORIENTED_EDGE('',*,*,#1913,.T.);
#1049=ORIENTED_EDGE('',*,*,#1925,.T.);
#1050=ORIENTED_EDGE('',*,*,#1922,.F.);
#1051=ORIENTED_EDGE('',*,*,#1926,.T.);
#1052=ORIENTED_EDGE('',*,*,#1918,.T.);
#1053=ORIENTED_EDGE('',*,*,#1927,.T.);
#1054=ORIENTED_EDGE('',*,*,#1926,.F.);
#1055=ORIENTED_EDGE('',*,*,#1921,.F.);
#1056=ORIENTED_EDGE('',*,*,#1780,.F.);
#1057=ORIENTED_EDGE('',*,*,#1919,.F.);
#1058=ORIENTED_EDGE('',*,*,#1925,.F.);
#1059=ORIENTED_EDGE('',*,*,#1912,.F.);
#1060=ORIENTED_EDGE('',*,*,#1782,.F.);
#1061=ORIENTED_EDGE('',*,*,#1923,.F.);
#1062=ORIENTED_EDGE('',*,*,#1924,.F.);
#1063=ORIENTED_EDGE('',*,*,#1915,.F.);
#1064=ORIENTED_EDGE('',*,*,#1776,.F.);
#1065=ORIENTED_EDGE('',*,*,#1914,.F.);
#1066=ORIENTED_EDGE('',*,*,#1927,.F.);
#1067=ORIENTED_EDGE('',*,*,#1920,.F.);
#1068=ORIENTED_EDGE('',*,*,#1778,.F.);
#1069=ORIENTED_EDGE('',*,*,#1917,.F.);
#1070=ORIENTED_EDGE('',*,*,#1784,.F.);
#1071=ORIENTED_EDGE('',*,*,#1928,.F.);
#1072=ORIENTED_EDGE('',*,*,#1929,.T.);
#1073=ORIENTED_EDGE('',*,*,#1930,.T.);
#1074=ORIENTED_EDGE('',*,*,#1783,.F.);
#1075=ORIENTED_EDGE('',*,*,#1931,.F.);
#1076=ORIENTED_EDGE('',*,*,#1932,.T.);
#1077=ORIENTED_EDGE('',*,*,#1928,.T.);
#1078=ORIENTED_EDGE('',*,*,#1804,.F.);
#1079=ORIENTED_EDGE('',*,*,#1933,.F.);
#1080=ORIENTED_EDGE('',*,*,#1934,.T.);
#1081=ORIENTED_EDGE('',*,*,#1931,.T.);
#1082=ORIENTED_EDGE('',*,*,#1803,.F.);
#1083=ORIENTED_EDGE('',*,*,#1935,.F.);
#1084=ORIENTED_EDGE('',*,*,#1936,.T.);
#1085=ORIENTED_EDGE('',*,*,#1933,.T.);
#1086=ORIENTED_EDGE('',*,*,#1802,.F.);
#1087=ORIENTED_EDGE('',*,*,#1937,.F.);
#1088=ORIENTED_EDGE('',*,*,#1938,.T.);
#1089=ORIENTED_EDGE('',*,*,#1935,.T.);
#1090=ORIENTED_EDGE('',*,*,#1801,.F.);
#1091=ORIENTED_EDGE('',*,*,#1939,.F.);
#1092=ORIENTED_EDGE('',*,*,#1940,.T.);
#1093=ORIENTED_EDGE('',*,*,#1937,.T.);
#1094=ORIENTED_EDGE('',*,*,#1800,.F.);
#1095=ORIENTED_EDGE('',*,*,#1941,.F.);
#1096=ORIENTED_EDGE('',*,*,#1942,.T.);
#1097=ORIENTED_EDGE('',*,*,#1939,.T.);
#1098=ORIENTED_EDGE('',*,*,#1799,.F.);
#1099=ORIENTED_EDGE('',*,*,#1943,.F.);
#1100=ORIENTED_EDGE('',*,*,#1944,.T.);
#1101=ORIENTED_EDGE('',*,*,#1941,.T.);
#1102=ORIENTED_EDGE('',*,*,#1798,.F.);
#1103=ORIENTED_EDGE('',*,*,#1945,.F.);
#1104=ORIENTED_EDGE('',*,*,#1946,.T.);
#1105=ORIENTED_EDGE('',*,*,#1943,.T.);
#1106=ORIENTED_EDGE('',*,*,#1797,.F.);
#1107=ORIENTED_EDGE('',*,*,#1947,.F.);
#1108=ORIENTED_EDGE('',*,*,#1948,.T.);
#1109=ORIENTED_EDGE('',*,*,#1945,.T.);
#1110=ORIENTED_EDGE('',*,*,#1796,.F.);
#1111=ORIENTED_EDGE('',*,*,#1949,.F.);
#1112=ORIENTED_EDGE('',*,*,#1950,.T.);
#1113=ORIENTED_EDGE('',*,*,#1947,.T.);
#1114=ORIENTED_EDGE('',*,*,#1795,.F.);
#1115=ORIENTED_EDGE('',*,*,#1951,.F.);
#1116=ORIENTED_EDGE('',*,*,#1952,.T.);
#1117=ORIENTED_EDGE('',*,*,#1949,.T.);
#1118=ORIENTED_EDGE('',*,*,#1794,.F.);
#1119=ORIENTED_EDGE('',*,*,#1953,.F.);
#1120=ORIENTED_EDGE('',*,*,#1954,.T.);
#1121=ORIENTED_EDGE('',*,*,#1951,.T.);
#1122=ORIENTED_EDGE('',*,*,#1793,.F.);
#1123=ORIENTED_EDGE('',*,*,#1955,.F.);
#1124=ORIENTED_EDGE('',*,*,#1956,.T.);
#1125=ORIENTED_EDGE('',*,*,#1953,.T.);
#1126=ORIENTED_EDGE('',*,*,#1792,.F.);
#1127=ORIENTED_EDGE('',*,*,#1957,.F.);
#1128=ORIENTED_EDGE('',*,*,#1958,.T.);
#1129=ORIENTED_EDGE('',*,*,#1955,.T.);
#1130=ORIENTED_EDGE('',*,*,#1791,.F.);
#1131=ORIENTED_EDGE('',*,*,#1959,.F.);
#1132=ORIENTED_EDGE('',*,*,#1960,.T.);
#1133=ORIENTED_EDGE('',*,*,#1957,.T.);
#1134=ORIENTED_EDGE('',*,*,#1790,.F.);
#1135=ORIENTED_EDGE('',*,*,#1961,.F.);
#1136=ORIENTED_EDGE('',*,*,#1962,.T.);
#1137=ORIENTED_EDGE('',*,*,#1959,.T.);
#1138=ORIENTED_EDGE('',*,*,#1789,.F.);
#1139=ORIENTED_EDGE('',*,*,#1963,.F.);
#1140=ORIENTED_EDGE('',*,*,#1964,.T.);
#1141=ORIENTED_EDGE('',*,*,#1961,.T.);
#1142=ORIENTED_EDGE('',*,*,#1788,.F.);
#1143=ORIENTED_EDGE('',*,*,#1965,.F.);
#1144=ORIENTED_EDGE('',*,*,#1966,.T.);
#1145=ORIENTED_EDGE('',*,*,#1963,.T.);
#1146=ORIENTED_EDGE('',*,*,#1787,.F.);
#1147=ORIENTED_EDGE('',*,*,#1967,.F.);
#1148=ORIENTED_EDGE('',*,*,#1968,.T.);
#1149=ORIENTED_EDGE('',*,*,#1965,.T.);
#1150=ORIENTED_EDGE('',*,*,#1786,.F.);
#1151=ORIENTED_EDGE('',*,*,#1969,.F.);
#1152=ORIENTED_EDGE('',*,*,#1970,.T.);
#1153=ORIENTED_EDGE('',*,*,#1967,.T.);
#1154=ORIENTED_EDGE('',*,*,#1785,.F.);
#1155=ORIENTED_EDGE('',*,*,#1930,.F.);
#1156=ORIENTED_EDGE('',*,*,#1971,.T.);
#1157=ORIENTED_EDGE('',*,*,#1969,.T.);
#1158=ORIENTED_EDGE('',*,*,#1929,.F.);
#1159=ORIENTED_EDGE('',*,*,#1932,.F.);
#1160=ORIENTED_EDGE('',*,*,#1934,.F.);
#1161=ORIENTED_EDGE('',*,*,#1936,.F.);
#1162=ORIENTED_EDGE('',*,*,#1938,.F.);
#1163=ORIENTED_EDGE('',*,*,#1940,.F.);
#1164=ORIENTED_EDGE('',*,*,#1942,.F.);
#1165=ORIENTED_EDGE('',*,*,#1944,.F.);
#1166=ORIENTED_EDGE('',*,*,#1946,.F.);
#1167=ORIENTED_EDGE('',*,*,#1948,.F.);
#1168=ORIENTED_EDGE('',*,*,#1950,.F.);
#1169=ORIENTED_EDGE('',*,*,#1952,.F.);
#1170=ORIENTED_EDGE('',*,*,#1954,.F.);
#1171=ORIENTED_EDGE('',*,*,#1956,.F.);
#1172=ORIENTED_EDGE('',*,*,#1958,.F.);
#1173=ORIENTED_EDGE('',*,*,#1960,.F.);
#1174=ORIENTED_EDGE('',*,*,#1962,.F.);
#1175=ORIENTED_EDGE('',*,*,#1964,.F.);
#1176=ORIENTED_EDGE('',*,*,#1966,.F.);
#1177=ORIENTED_EDGE('',*,*,#1968,.F.);
#1178=ORIENTED_EDGE('',*,*,#1970,.F.);
#1179=ORIENTED_EDGE('',*,*,#1971,.F.);
#1180=ORIENTED_EDGE('',*,*,#1806,.F.);
#1181=ORIENTED_EDGE('',*,*,#1972,.F.);
#1182=ORIENTED_EDGE('',*,*,#1973,.T.);
#1183=ORIENTED_EDGE('',*,*,#1974,.T.);
#1184=ORIENTED_EDGE('',*,*,#1805,.F.);
#1185=ORIENTED_EDGE('',*,*,#1975,.F.);
#1186=ORIENTED_EDGE('',*,*,#1976,.T.);
#1187=ORIENTED_EDGE('',*,*,#1972,.T.);
#1188=ORIENTED_EDGE('',*,*,#1830,.F.);
#1189=ORIENTED_EDGE('',*,*,#1977,.F.);
#1190=ORIENTED_EDGE('',*,*,#1978,.T.);
#1191=ORIENTED_EDGE('',*,*,#1975,.T.);
#1192=ORIENTED_EDGE('',*,*,#1829,.F.);
#1193=ORIENTED_EDGE('',*,*,#1979,.F.);
#1194=ORIENTED_EDGE('',*,*,#1980,.T.);
#1195=ORIENTED_EDGE('',*,*,#1977,.T.);
#1196=ORIENTED_EDGE('',*,*,#1828,.F.);
#1197=ORIENTED_EDGE('',*,*,#1981,.F.);
#1198=ORIENTED_EDGE('',*,*,#1982,.T.);
#1199=ORIENTED_EDGE('',*,*,#1979,.T.);
#1200=ORIENTED_EDGE('',*,*,#1827,.F.);
#1201=ORIENTED_EDGE('',*,*,#1983,.F.);
#1202=ORIENTED_EDGE('',*,*,#1984,.T.);
#1203=ORIENTED_EDGE('',*,*,#1981,.T.);
#1204=ORIENTED_EDGE('',*,*,#1826,.F.);
#1205=ORIENTED_EDGE('',*,*,#1985,.F.);
#1206=ORIENTED_EDGE('',*,*,#1986,.T.);
#1207=ORIENTED_EDGE('',*,*,#1983,.T.);
#1208=ORIENTED_EDGE('',*,*,#1825,.F.);
#1209=ORIENTED_EDGE('',*,*,#1987,.F.);
#1210=ORIENTED_EDGE('',*,*,#1988,.T.);
#1211=ORIENTED_EDGE('',*,*,#1985,.T.);
#1212=ORIENTED_EDGE('',*,*,#1824,.F.);
#1213=ORIENTED_EDGE('',*,*,#1989,.F.);
#1214=ORIENTED_EDGE('',*,*,#1990,.T.);
#1215=ORIENTED_EDGE('',*,*,#1987,.T.);
#1216=ORIENTED_EDGE('',*,*,#1823,.F.);
#1217=ORIENTED_EDGE('',*,*,#1991,.F.);
#1218=ORIENTED_EDGE('',*,*,#1992,.T.);
#1219=ORIENTED_EDGE('',*,*,#1989,.T.);
#1220=ORIENTED_EDGE('',*,*,#1822,.F.);
#1221=ORIENTED_EDGE('',*,*,#1993,.F.);
#1222=ORIENTED_EDGE('',*,*,#1994,.T.);
#1223=ORIENTED_EDGE('',*,*,#1991,.T.);
#1224=ORIENTED_EDGE('',*,*,#1821,.F.);
#1225=ORIENTED_EDGE('',*,*,#1995,.F.);
#1226=ORIENTED_EDGE('',*,*,#1996,.T.);
#1227=ORIENTED_EDGE('',*,*,#1993,.T.);
#1228=ORIENTED_EDGE('',*,*,#1820,.F.);
#1229=ORIENTED_EDGE('',*,*,#1997,.F.);
#1230=ORIENTED_EDGE('',*,*,#1998,.T.);
#1231=ORIENTED_EDGE('',*,*,#1995,.T.);
#1232=ORIENTED_EDGE('',*,*,#1819,.F.);
#1233=ORIENTED_EDGE('',*,*,#1999,.F.);
#1234=ORIENTED_EDGE('',*,*,#2000,.T.);
#1235=ORIENTED_EDGE('',*,*,#1997,.T.);
#1236=ORIENTED_EDGE('',*,*,#1818,.F.);
#1237=ORIENTED_EDGE('',*,*,#2001,.F.);
#1238=ORIENTED_EDGE('',*,*,#2002,.T.);
#1239=ORIENTED_EDGE('',*,*,#1999,.T.);
#1240=ORIENTED_EDGE('',*,*,#1817,.F.);
#1241=ORIENTED_EDGE('',*,*,#2003,.F.);
#1242=ORIENTED_EDGE('',*,*,#2004,.T.);
#1243=ORIENTED_EDGE('',*,*,#2001,.T.);
#1244=ORIENTED_EDGE('',*,*,#1816,.F.);
#1245=ORIENTED_EDGE('',*,*,#2005,.F.);
#1246=ORIENTED_EDGE('',*,*,#2006,.T.);
#1247=ORIENTED_EDGE('',*,*,#2003,.T.);
#1248=ORIENTED_EDGE('',*,*,#1815,.F.);
#1249=ORIENTED_EDGE('',*,*,#2007,.F.);
#1250=ORIENTED_EDGE('',*,*,#2008,.T.);
#1251=ORIENTED_EDGE('',*,*,#2005,.T.);
#1252=ORIENTED_EDGE('',*,*,#1814,.F.);
#1253=ORIENTED_EDGE('',*,*,#2009,.F.);
#1254=ORIENTED_EDGE('',*,*,#2010,.T.);
#1255=ORIENTED_EDGE('',*,*,#2007,.T.);
#1256=ORIENTED_EDGE('',*,*,#1813,.F.);
#1257=ORIENTED_EDGE('',*,*,#2011,.F.);
#1258=ORIENTED_EDGE('',*,*,#2012,.T.);
#1259=ORIENTED_EDGE('',*,*,#2009,.T.);
#1260=ORIENTED_EDGE('',*,*,#1812,.F.);
#1261=ORIENTED_EDGE('',*,*,#2013,.F.);
#1262=ORIENTED_EDGE('',*,*,#2014,.T.);
#1263=ORIENTED_EDGE('',*,*,#2011,.T.);
#1264=ORIENTED_EDGE('',*,*,#1811,.F.);
#1265=ORIENTED_EDGE('',*,*,#2015,.F.);
#1266=ORIENTED_EDGE('',*,*,#2016,.T.);
#1267=ORIENTED_EDGE('',*,*,#2013,.T.);
#1268=ORIENTED_EDGE('',*,*,#1810,.F.);
#1269=ORIENTED_EDGE('',*,*,#2017,.F.);
#1270=ORIENTED_EDGE('',*,*,#2018,.T.);
#1271=ORIENTED_EDGE('',*,*,#2015,.T.);
#1272=ORIENTED_EDGE('',*,*,#1809,.F.);
#1273=ORIENTED_EDGE('',*,*,#2019,.F.);
#1274=ORIENTED_EDGE('',*,*,#2020,.T.);
#1275=ORIENTED_EDGE('',*,*,#2017,.T.);
#1276=ORIENTED_EDGE('',*,*,#1808,.F.);
#1277=ORIENTED_EDGE('',*,*,#2021,.F.);
#1278=ORIENTED_EDGE('',*,*,#2022,.T.);
#1279=ORIENTED_EDGE('',*,*,#2019,.T.);
#1280=ORIENTED_EDGE('',*,*,#1807,.F.);
#1281=ORIENTED_EDGE('',*,*,#1974,.F.);
#1282=ORIENTED_EDGE('',*,*,#2023,.T.);
#1283=ORIENTED_EDGE('',*,*,#2021,.T.);
#1284=ORIENTED_EDGE('',*,*,#1973,.F.);
#1285=ORIENTED_EDGE('',*,*,#1976,.F.);
#1286=ORIENTED_EDGE('',*,*,#1978,.F.);
#1287=ORIENTED_EDGE('',*,*,#1980,.F.);
#1288=ORIENTED_EDGE('',*,*,#1982,.F.);
#1289=ORIENTED_EDGE('',*,*,#1984,.F.);
#1290=ORIENTED_EDGE('',*,*,#1986,.F.);
#1291=ORIENTED_EDGE('',*,*,#1988,.F.);
#1292=ORIENTED_EDGE('',*,*,#1990,.F.);
#1293=ORIENTED_EDGE('',*,*,#1992,.F.);
#1294=ORIENTED_EDGE('',*,*,#1994,.F.);
#1295=ORIENTED_EDGE('',*,*,#1996,.F.);
#1296=ORIENTED_EDGE('',*,*,#1998,.F.);
#1297=ORIENTED_EDGE('',*,*,#2000,.F.);
#1298=ORIENTED_EDGE('',*,*,#2002,.F.);
#1299=ORIENTED_EDGE('',*,*,#2004,.F.);
#1300=ORIENTED_EDGE('',*,*,#2006,.F.);
#1301=ORIENTED_EDGE('',*,*,#2008,.F.);
#1302=ORIENTED_EDGE('',*,*,#2010,.F.);
#1303=ORIENTED_EDGE('',*,*,#2012,.F.);
#1304=ORIENTED_EDGE('',*,*,#2014,.F.);
#1305=ORIENTED_EDGE('',*,*,#2016,.F.);
#1306=ORIENTED_EDGE('',*,*,#2018,.F.);
#1307=ORIENTED_EDGE('',*,*,#2020,.F.);
#1308=ORIENTED_EDGE('',*,*,#2022,.F.);
#1309=ORIENTED_EDGE('',*,*,#2023,.F.);
#1310=ORIENTED_EDGE('',*,*,#2024,.F.);
#1311=ORIENTED_EDGE('',*,*,#2025,.F.);
#1312=ORIENTED_EDGE('',*,*,#2026,.T.);
#1313=ORIENTED_EDGE('',*,*,#2027,.T.);
#1314=ORIENTED_EDGE('',*,*,#2028,.F.);
#1315=ORIENTED_EDGE('',*,*,#2029,.F.);
#1316=ORIENTED_EDGE('',*,*,#2030,.T.);
#1317=ORIENTED_EDGE('',*,*,#2025,.T.);
#1318=ORIENTED_EDGE('',*,*,#2031,.F.);
#1319=ORIENTED_EDGE('',*,*,#2032,.F.);
#1320=ORIENTED_EDGE('',*,*,#2033,.T.);
#1321=ORIENTED_EDGE('',*,*,#2029,.T.);
#1322=ORIENTED_EDGE('',*,*,#2034,.F.);
#1323=ORIENTED_EDGE('',*,*,#2035,.F.);
#1324=ORIENTED_EDGE('',*,*,#2036,.T.);
#1325=ORIENTED_EDGE('',*,*,#2032,.T.);
#1326=ORIENTED_EDGE('',*,*,#2037,.F.);
#1327=ORIENTED_EDGE('',*,*,#2038,.F.);
#1328=ORIENTED_EDGE('',*,*,#2039,.T.);
#1329=ORIENTED_EDGE('',*,*,#2035,.T.);
#1330=ORIENTED_EDGE('',*,*,#2040,.F.);
#1331=ORIENTED_EDGE('',*,*,#2041,.F.);
#1332=ORIENTED_EDGE('',*,*,#2042,.T.);
#1333=ORIENTED_EDGE('',*,*,#2038,.T.);
#1334=ORIENTED_EDGE('',*,*,#2043,.F.);
#1335=ORIENTED_EDGE('',*,*,#2044,.F.);
#1336=ORIENTED_EDGE('',*,*,#2045,.T.);
#1337=ORIENTED_EDGE('',*,*,#2041,.T.);
#1338=ORIENTED_EDGE('',*,*,#2046,.F.);
#1339=ORIENTED_EDGE('',*,*,#2047,.F.);
#1340=ORIENTED_EDGE('',*,*,#2048,.T.);
#1341=ORIENTED_EDGE('',*,*,#2044,.T.);
#1342=ORIENTED_EDGE('',*,*,#2049,.F.);
#1343=ORIENTED_EDGE('',*,*,#2050,.F.);
#1344=ORIENTED_EDGE('',*,*,#2051,.T.);
#1345=ORIENTED_EDGE('',*,*,#2047,.T.);
#1346=ORIENTED_EDGE('',*,*,#1756,.F.);
#1347=ORIENTED_EDGE('',*,*,#2052,.F.);
#1348=ORIENTED_EDGE('',*,*,#2053,.T.);
#1349=ORIENTED_EDGE('',*,*,#2054,.T.);
#1350=ORIENTED_EDGE('',*,*,#1755,.F.);
#1351=ORIENTED_EDGE('',*,*,#2055,.F.);
#1352=ORIENTED_EDGE('',*,*,#2056,.T.);
#1353=ORIENTED_EDGE('',*,*,#2052,.T.);
#1354=ORIENTED_EDGE('',*,*,#1770,.F.);
#1355=ORIENTED_EDGE('',*,*,#2057,.F.);
#1356=ORIENTED_EDGE('',*,*,#2058,.T.);
#1357=ORIENTED_EDGE('',*,*,#2055,.T.);
#1358=ORIENTED_EDGE('',*,*,#1769,.F.);
#1359=ORIENTED_EDGE('',*,*,#2059,.F.);
#1360=ORIENTED_EDGE('',*,*,#2060,.T.);
#1361=ORIENTED_EDGE('',*,*,#2057,.T.);
#1362=ORIENTED_EDGE('',*,*,#1768,.F.);
#1363=ORIENTED_EDGE('',*,*,#2061,.F.);
#1364=ORIENTED_EDGE('',*,*,#2062,.T.);
#1365=ORIENTED_EDGE('',*,*,#2059,.T.);
#1366=ORIENTED_EDGE('',*,*,#1767,.F.);
#1367=ORIENTED_EDGE('',*,*,#2063,.F.);
#1368=ORIENTED_EDGE('',*,*,#2064,.T.);
#1369=ORIENTED_EDGE('',*,*,#2061,.T.);
#1370=ORIENTED_EDGE('',*,*,#1766,.F.);
#1371=ORIENTED_EDGE('',*,*,#2065,.F.);
#1372=ORIENTED_EDGE('',*,*,#2066,.T.);
#1373=ORIENTED_EDGE('',*,*,#2063,.T.);
#1374=ORIENTED_EDGE('',*,*,#1765,.F.);
#1375=ORIENTED_EDGE('',*,*,#2067,.F.);
#1376=ORIENTED_EDGE('',*,*,#2068,.T.);
#1377=ORIENTED_EDGE('',*,*,#2065,.T.);
#1378=ORIENTED_EDGE('',*,*,#1764,.F.);
#1379=ORIENTED_EDGE('',*,*,#2069,.F.);
#1380=ORIENTED_EDGE('',*,*,#2070,.T.);
#1381=ORIENTED_EDGE('',*,*,#2067,.T.);
#1382=ORIENTED_EDGE('',*,*,#1763,.F.);
#1383=ORIENTED_EDGE('',*,*,#2071,.F.);
#1384=ORIENTED_EDGE('',*,*,#2072,.T.);
#1385=ORIENTED_EDGE('',*,*,#2069,.T.);
#1386=ORIENTED_EDGE('',*,*,#1762,.F.);
#1387=ORIENTED_EDGE('',*,*,#2073,.F.);
#1388=ORIENTED_EDGE('',*,*,#2074,.T.);
#1389=ORIENTED_EDGE('',*,*,#2071,.T.);
#1390=ORIENTED_EDGE('',*,*,#1761,.F.);
#1391=ORIENTED_EDGE('',*,*,#2075,.F.);
#1392=ORIENTED_EDGE('',*,*,#2076,.T.);
#1393=ORIENTED_EDGE('',*,*,#2073,.T.);
#1394=ORIENTED_EDGE('',*,*,#1760,.F.);
#1395=ORIENTED_EDGE('',*,*,#2077,.F.);
#1396=ORIENTED_EDGE('',*,*,#2078,.T.);
#1397=ORIENTED_EDGE('',*,*,#2075,.T.);
#1398=ORIENTED_EDGE('',*,*,#1759,.F.);
#1399=ORIENTED_EDGE('',*,*,#2079,.F.);
#1400=ORIENTED_EDGE('',*,*,#2080,.T.);
#1401=ORIENTED_EDGE('',*,*,#2077,.T.);
#1402=ORIENTED_EDGE('',*,*,#1758,.F.);
#1403=ORIENTED_EDGE('',*,*,#2081,.F.);
#1404=ORIENTED_EDGE('',*,*,#2082,.T.);
#1405=ORIENTED_EDGE('',*,*,#2079,.T.);
#1406=ORIENTED_EDGE('',*,*,#1757,.F.);
#1407=ORIENTED_EDGE('',*,*,#2054,.F.);
#1408=ORIENTED_EDGE('',*,*,#2083,.T.);
#1409=ORIENTED_EDGE('',*,*,#2081,.T.);
#1410=ORIENTED_EDGE('',*,*,#2084,.F.);
#1411=ORIENTED_EDGE('',*,*,#2027,.F.);
#1412=ORIENTED_EDGE('',*,*,#2085,.T.);
#1413=ORIENTED_EDGE('',*,*,#2050,.T.);
#1414=ORIENTED_EDGE('',*,*,#2053,.F.);
#1415=ORIENTED_EDGE('',*,*,#2056,.F.);
#1416=ORIENTED_EDGE('',*,*,#2058,.F.);
#1417=ORIENTED_EDGE('',*,*,#2060,.F.);
#1418=ORIENTED_EDGE('',*,*,#2062,.F.);
#1419=ORIENTED_EDGE('',*,*,#2064,.F.);
#1420=ORIENTED_EDGE('',*,*,#2066,.F.);
#1421=ORIENTED_EDGE('',*,*,#2068,.F.);
#1422=ORIENTED_EDGE('',*,*,#2070,.F.);
#1423=ORIENTED_EDGE('',*,*,#2072,.F.);
#1424=ORIENTED_EDGE('',*,*,#2074,.F.);
#1425=ORIENTED_EDGE('',*,*,#2076,.F.);
#1426=ORIENTED_EDGE('',*,*,#2078,.F.);
#1427=ORIENTED_EDGE('',*,*,#2080,.F.);
#1428=ORIENTED_EDGE('',*,*,#2082,.F.);
#1429=ORIENTED_EDGE('',*,*,#2083,.F.);
#1430=ORIENTED_EDGE('',*,*,#2026,.F.);
#1431=ORIENTED_EDGE('',*,*,#2030,.F.);
#1432=ORIENTED_EDGE('',*,*,#2033,.F.);
#1433=ORIENTED_EDGE('',*,*,#2036,.F.);
#1434=ORIENTED_EDGE('',*,*,#2039,.F.);
#1435=ORIENTED_EDGE('',*,*,#2042,.F.);
#1436=ORIENTED_EDGE('',*,*,#2045,.F.);
#1437=ORIENTED_EDGE('',*,*,#2048,.F.);
#1438=ORIENTED_EDGE('',*,*,#2051,.F.);
#1439=ORIENTED_EDGE('',*,*,#2085,.F.);
#1440=ORIENTED_EDGE('',*,*,#2086,.F.);
#1441=ORIENTED_EDGE('',*,*,#2087,.F.);
#1442=ORIENTED_EDGE('',*,*,#2088,.T.);
#1443=ORIENTED_EDGE('',*,*,#2089,.T.);
#1444=ORIENTED_EDGE('',*,*,#2090,.F.);
#1445=ORIENTED_EDGE('',*,*,#2091,.F.);
#1446=ORIENTED_EDGE('',*,*,#2092,.T.);
#1447=ORIENTED_EDGE('',*,*,#2087,.T.);
#1448=ORIENTED_EDGE('',*,*,#2093,.F.);
#1449=ORIENTED_EDGE('',*,*,#2094,.F.);
#1450=ORIENTED_EDGE('',*,*,#2095,.T.);
#1451=ORIENTED_EDGE('',*,*,#2091,.T.);
#1452=ORIENTED_EDGE('',*,*,#2096,.F.);
#1453=ORIENTED_EDGE('',*,*,#2097,.F.);
#1454=ORIENTED_EDGE('',*,*,#2098,.T.);
#1455=ORIENTED_EDGE('',*,*,#2094,.T.);
#1456=ORIENTED_EDGE('',*,*,#2099,.F.);
#1457=ORIENTED_EDGE('',*,*,#2100,.F.);
#1458=ORIENTED_EDGE('',*,*,#2101,.T.);
#1459=ORIENTED_EDGE('',*,*,#2097,.T.);
#1460=ORIENTED_EDGE('',*,*,#2102,.F.);
#1461=ORIENTED_EDGE('',*,*,#2103,.F.);
#1462=ORIENTED_EDGE('',*,*,#2104,.T.);
#1463=ORIENTED_EDGE('',*,*,#2100,.T.);
#1464=ORIENTED_EDGE('',*,*,#2105,.F.);
#1465=ORIENTED_EDGE('',*,*,#2106,.F.);
#1466=ORIENTED_EDGE('',*,*,#2107,.T.);
#1467=ORIENTED_EDGE('',*,*,#2103,.T.);
#1468=ORIENTED_EDGE('',*,*,#2108,.F.);
#1469=ORIENTED_EDGE('',*,*,#2109,.F.);
#1470=ORIENTED_EDGE('',*,*,#2110,.T.);
#1471=ORIENTED_EDGE('',*,*,#2106,.T.);
#1472=ORIENTED_EDGE('',*,*,#2111,.F.);
#1473=ORIENTED_EDGE('',*,*,#2112,.F.);
#1474=ORIENTED_EDGE('',*,*,#2113,.T.);
#1475=ORIENTED_EDGE('',*,*,#2109,.T.);
#1476=ORIENTED_EDGE('',*,*,#1832,.F.);
#1477=ORIENTED_EDGE('',*,*,#2114,.F.);
#1478=ORIENTED_EDGE('',*,*,#2115,.T.);
#1479=ORIENTED_EDGE('',*,*,#2116,.T.);
#1480=ORIENTED_EDGE('',*,*,#1831,.F.);
#1481=ORIENTED_EDGE('',*,*,#2117,.F.);
#1482=ORIENTED_EDGE('',*,*,#2118,.T.);
#1483=ORIENTED_EDGE('',*,*,#2114,.T.);
#1484=ORIENTED_EDGE('',*,*,#1852,.F.);
#1485=ORIENTED_EDGE('',*,*,#2119,.F.);
#1486=ORIENTED_EDGE('',*,*,#2120,.T.);
#1487=ORIENTED_EDGE('',*,*,#2117,.T.);
#1488=ORIENTED_EDGE('',*,*,#1851,.F.);
#1489=ORIENTED_EDGE('',*,*,#2121,.F.);
#1490=ORIENTED_EDGE('',*,*,#2122,.T.);
#1491=ORIENTED_EDGE('',*,*,#2119,.T.);
#1492=ORIENTED_EDGE('',*,*,#1850,.F.);
#1493=ORIENTED_EDGE('',*,*,#2123,.F.);
#1494=ORIENTED_EDGE('',*,*,#2124,.T.);
#1495=ORIENTED_EDGE('',*,*,#2121,.T.);
#1496=ORIENTED_EDGE('',*,*,#1849,.F.);
#1497=ORIENTED_EDGE('',*,*,#2125,.F.);
#1498=ORIENTED_EDGE('',*,*,#2126,.T.);
#1499=ORIENTED_EDGE('',*,*,#2123,.T.);
#1500=ORIENTED_EDGE('',*,*,#1848,.F.);
#1501=ORIENTED_EDGE('',*,*,#2127,.F.);
#1502=ORIENTED_EDGE('',*,*,#2128,.T.);
#1503=ORIENTED_EDGE('',*,*,#2125,.T.);
#1504=ORIENTED_EDGE('',*,*,#1847,.F.);
#1505=ORIENTED_EDGE('',*,*,#2129,.F.);
#1506=ORIENTED_EDGE('',*,*,#2130,.T.);
#1507=ORIENTED_EDGE('',*,*,#2127,.T.);
#1508=ORIENTED_EDGE('',*,*,#1846,.F.);
#1509=ORIENTED_EDGE('',*,*,#2131,.F.);
#1510=ORIENTED_EDGE('',*,*,#2132,.T.);
#1511=ORIENTED_EDGE('',*,*,#2129,.T.);
#1512=ORIENTED_EDGE('',*,*,#1845,.F.);
#1513=ORIENTED_EDGE('',*,*,#2133,.F.);
#1514=ORIENTED_EDGE('',*,*,#2134,.T.);
#1515=ORIENTED_EDGE('',*,*,#2131,.T.);
#1516=ORIENTED_EDGE('',*,*,#1844,.F.);
#1517=ORIENTED_EDGE('',*,*,#2135,.F.);
#1518=ORIENTED_EDGE('',*,*,#2136,.T.);
#1519=ORIENTED_EDGE('',*,*,#2133,.T.);
#1520=ORIENTED_EDGE('',*,*,#1843,.F.);
#1521=ORIENTED_EDGE('',*,*,#2137,.F.);
#1522=ORIENTED_EDGE('',*,*,#2138,.T.);
#1523=ORIENTED_EDGE('',*,*,#2135,.T.);
#1524=ORIENTED_EDGE('',*,*,#1842,.F.);
#1525=ORIENTED_EDGE('',*,*,#2139,.F.);
#1526=ORIENTED_EDGE('',*,*,#2140,.T.);
#1527=ORIENTED_EDGE('',*,*,#2137,.T.);
#1528=ORIENTED_EDGE('',*,*,#1841,.F.);
#1529=ORIENTED_EDGE('',*,*,#2141,.F.);
#1530=ORIENTED_EDGE('',*,*,#2142,.T.);
#1531=ORIENTED_EDGE('',*,*,#2139,.T.);
#1532=ORIENTED_EDGE('',*,*,#1840,.F.);
#1533=ORIENTED_EDGE('',*,*,#2143,.F.);
#1534=ORIENTED_EDGE('',*,*,#2144,.T.);
#1535=ORIENTED_EDGE('',*,*,#2141,.T.);
#1536=ORIENTED_EDGE('',*,*,#1839,.F.);
#1537=ORIENTED_EDGE('',*,*,#2145,.F.);
#1538=ORIENTED_EDGE('',*,*,#2146,.T.);
#1539=ORIENTED_EDGE('',*,*,#2143,.T.);
#1540=ORIENTED_EDGE('',*,*,#1838,.F.);
#1541=ORIENTED_EDGE('',*,*,#2147,.F.);
#1542=ORIENTED_EDGE('',*,*,#2148,.T.);
#1543=ORIENTED_EDGE('',*,*,#2145,.T.);
#1544=ORIENTED_EDGE('',*,*,#1837,.F.);
#1545=ORIENTED_EDGE('',*,*,#2149,.F.);
#1546=ORIENTED_EDGE('',*,*,#2150,.T.);
#1547=ORIENTED_EDGE('',*,*,#2147,.T.);
#1548=ORIENTED_EDGE('',*,*,#1836,.F.);
#1549=ORIENTED_EDGE('',*,*,#2151,.F.);
#1550=ORIENTED_EDGE('',*,*,#2152,.T.);
#1551=ORIENTED_EDGE('',*,*,#2149,.T.);
#1552=ORIENTED_EDGE('',*,*,#1835,.F.);
#1553=ORIENTED_EDGE('',*,*,#2153,.F.);
#1554=ORIENTED_EDGE('',*,*,#2154,.T.);
#1555=ORIENTED_EDGE('',*,*,#2151,.T.);
#1556=ORIENTED_EDGE('',*,*,#1834,.F.);
#1557=ORIENTED_EDGE('',*,*,#2155,.F.);
#1558=ORIENTED_EDGE('',*,*,#2156,.T.);
#1559=ORIENTED_EDGE('',*,*,#2153,.T.);
#1560=ORIENTED_EDGE('',*,*,#1833,.F.);
#1561=ORIENTED_EDGE('',*,*,#2116,.F.);
#1562=ORIENTED_EDGE('',*,*,#2157,.T.);
#1563=ORIENTED_EDGE('',*,*,#2155,.T.);
#1564=ORIENTED_EDGE('',*,*,#2158,.F.);
#1565=ORIENTED_EDGE('',*,*,#2089,.F.);
#1566=ORIENTED_EDGE('',*,*,#2159,.T.);
#1567=ORIENTED_EDGE('',*,*,#2112,.T.);
#1568=ORIENTED_EDGE('',*,*,#2115,.F.);
#1569=ORIENTED_EDGE('',*,*,#2118,.F.);
#1570=ORIENTED_EDGE('',*,*,#2120,.F.);
#1571=ORIENTED_EDGE('',*,*,#2122,.F.);
#1572=ORIENTED_EDGE('',*,*,#2124,.F.);
#1573=ORIENTED_EDGE('',*,*,#2126,.F.);
#1574=ORIENTED_EDGE('',*,*,#2128,.F.);
#1575=ORIENTED_EDGE('',*,*,#2130,.F.);
#1576=ORIENTED_EDGE('',*,*,#2132,.F.);
#1577=ORIENTED_EDGE('',*,*,#2134,.F.);
#1578=ORIENTED_EDGE('',*,*,#2136,.F.);
#1579=ORIENTED_EDGE('',*,*,#2138,.F.);
#1580=ORIENTED_EDGE('',*,*,#2140,.F.);
#1581=ORIENTED_EDGE('',*,*,#2142,.F.);
#1582=ORIENTED_EDGE('',*,*,#2144,.F.);
#1583=ORIENTED_EDGE('',*,*,#2146,.F.);
#1584=ORIENTED_EDGE('',*,*,#2148,.F.);
#1585=ORIENTED_EDGE('',*,*,#2150,.F.);
#1586=ORIENTED_EDGE('',*,*,#2152,.F.);
#1587=ORIENTED_EDGE('',*,*,#2154,.F.);
#1588=ORIENTED_EDGE('',*,*,#2156,.F.);
#1589=ORIENTED_EDGE('',*,*,#2157,.F.);
#1590=ORIENTED_EDGE('',*,*,#2088,.F.);
#1591=ORIENTED_EDGE('',*,*,#2092,.F.);
#1592=ORIENTED_EDGE('',*,*,#2095,.F.);
#1593=ORIENTED_EDGE('',*,*,#2098,.F.);
#1594=ORIENTED_EDGE('',*,*,#2101,.F.);
#1595=ORIENTED_EDGE('',*,*,#2104,.F.);
#1596=ORIENTED_EDGE('',*,*,#2107,.F.);
#1597=ORIENTED_EDGE('',*,*,#2110,.F.);
#1598=ORIENTED_EDGE('',*,*,#2113,.F.);
#1599=ORIENTED_EDGE('',*,*,#2159,.F.);
#1600=ORIENTED_EDGE('',*,*,#1854,.F.);
#1601=ORIENTED_EDGE('',*,*,#2160,.F.);
#1602=ORIENTED_EDGE('',*,*,#2161,.T.);
#1603=ORIENTED_EDGE('',*,*,#2162,.T.);
#1604=ORIENTED_EDGE('',*,*,#1853,.F.);
#1605=ORIENTED_EDGE('',*,*,#2163,.F.);
#1606=ORIENTED_EDGE('',*,*,#2164,.T.);
#1607=ORIENTED_EDGE('',*,*,#2160,.T.);
#1608=ORIENTED_EDGE('',*,*,#1879,.F.);
#1609=ORIENTED_EDGE('',*,*,#2165,.F.);
#1610=ORIENTED_EDGE('',*,*,#2166,.T.);
#1611=ORIENTED_EDGE('',*,*,#2163,.T.);
#1612=ORIENTED_EDGE('',*,*,#1878,.F.);
#1613=ORIENTED_EDGE('',*,*,#2167,.F.);
#1614=ORIENTED_EDGE('',*,*,#2168,.T.);
#1615=ORIENTED_EDGE('',*,*,#2165,.T.);
#1616=ORIENTED_EDGE('',*,*,#1877,.F.);
#1617=ORIENTED_EDGE('',*,*,#2169,.F.);
#1618=ORIENTED_EDGE('',*,*,#2170,.T.);
#1619=ORIENTED_EDGE('',*,*,#2167,.T.);
#1620=ORIENTED_EDGE('',*,*,#1876,.F.);
#1621=ORIENTED_EDGE('',*,*,#2171,.F.);
#1622=ORIENTED_EDGE('',*,*,#2172,.T.);
#1623=ORIENTED_EDGE('',*,*,#2169,.T.);
#1624=ORIENTED_EDGE('',*,*,#1875,.F.);
#1625=ORIENTED_EDGE('',*,*,#2173,.F.);
#1626=ORIENTED_EDGE('',*,*,#2174,.T.);
#1627=ORIENTED_EDGE('',*,*,#2171,.T.);
#1628=ORIENTED_EDGE('',*,*,#1874,.F.);
#1629=ORIENTED_EDGE('',*,*,#2175,.F.);
#1630=ORIENTED_EDGE('',*,*,#2176,.T.);
#1631=ORIENTED_EDGE('',*,*,#2173,.T.);
#1632=ORIENTED_EDGE('',*,*,#1873,.F.);
#1633=ORIENTED_EDGE('',*,*,#2177,.F.);
#1634=ORIENTED_EDGE('',*,*,#2178,.T.);
#1635=ORIENTED_EDGE('',*,*,#2175,.T.);
#1636=ORIENTED_EDGE('',*,*,#1872,.F.);
#1637=ORIENTED_EDGE('',*,*,#2179,.F.);
#1638=ORIENTED_EDGE('',*,*,#2180,.T.);
#1639=ORIENTED_EDGE('',*,*,#2177,.T.);
#1640=ORIENTED_EDGE('',*,*,#1871,.F.);
#1641=ORIENTED_EDGE('',*,*,#2181,.F.);
#1642=ORIENTED_EDGE('',*,*,#2182,.T.);
#1643=ORIENTED_EDGE('',*,*,#2179,.T.);
#1644=ORIENTED_EDGE('',*,*,#1870,.F.);
#1645=ORIENTED_EDGE('',*,*,#2183,.F.);
#1646=ORIENTED_EDGE('',*,*,#2184,.T.);
#1647=ORIENTED_EDGE('',*,*,#2181,.T.);
#1648=ORIENTED_EDGE('',*,*,#1869,.F.);
#1649=ORIENTED_EDGE('',*,*,#2185,.F.);
#1650=ORIENTED_EDGE('',*,*,#2186,.T.);
#1651=ORIENTED_EDGE('',*,*,#2183,.T.);
#1652=ORIENTED_EDGE('',*,*,#1868,.F.);
#1653=ORIENTED_EDGE('',*,*,#2187,.F.);
#1654=ORIENTED_EDGE('',*,*,#2188,.T.);
#1655=ORIENTED_EDGE('',*,*,#2185,.T.);
#1656=ORIENTED_EDGE('',*,*,#1867,.F.);
#1657=ORIENTED_EDGE('',*,*,#2189,.F.);
#1658=ORIENTED_EDGE('',*,*,#2190,.T.);
#1659=ORIENTED_EDGE('',*,*,#2187,.T.);
#1660=ORIENTED_EDGE('',*,*,#1866,.F.);
#1661=ORIENTED_EDGE('',*,*,#2191,.F.);
#1662=ORIENTED_EDGE('',*,*,#2192,.T.);
#1663=ORIENTED_EDGE('',*,*,#2189,.T.);
#1664=ORIENTED_EDGE('',*,*,#1865,.F.);
#1665=ORIENTED_EDGE('',*,*,#2193,.F.);
#1666=ORIENTED_EDGE('',*,*,#2194,.T.);
#1667=ORIENTED_EDGE('',*,*,#2191,.T.);
#1668=ORIENTED_EDGE('',*,*,#1864,.F.);
#1669=ORIENTED_EDGE('',*,*,#2195,.F.);
#1670=ORIENTED_EDGE('',*,*,#2196,.T.);
#1671=ORIENTED_EDGE('',*,*,#2193,.T.);
#1672=ORIENTED_EDGE('',*,*,#1863,.F.);
#1673=ORIENTED_EDGE('',*,*,#2197,.F.);
#1674=ORIENTED_EDGE('',*,*,#2198,.T.);
#1675=ORIENTED_EDGE('',*,*,#2195,.T.);
#1676=ORIENTED_EDGE('',*,*,#1862,.F.);
#1677=ORIENTED_EDGE('',*,*,#2199,.F.);
#1678=ORIENTED_EDGE('',*,*,#2200,.T.);
#1679=ORIENTED_EDGE('',*,*,#2197,.T.);
#1680=ORIENTED_EDGE('',*,*,#1861,.F.);
#1681=ORIENTED_EDGE('',*,*,#2201,.F.);
#1682=ORIENTED_EDGE('',*,*,#2202,.T.);
#1683=ORIENTED_EDGE('',*,*,#2199,.T.);
#1684=ORIENTED_EDGE('',*,*,#1860,.F.);
#1685=ORIENTED_EDGE('',*,*,#2203,.F.);
#1686=ORIENTED_EDGE('',*,*,#2204,.T.);
#1687=ORIENTED_EDGE('',*,*,#2201,.T.);
#1688=ORIENTED_EDGE('',*,*,#1859,.F.);
#1689=ORIENTED_EDGE('',*,*,#2205,.F.);
#1690=ORIENTED_EDGE('',*,*,#2206,.T.);
#1691=ORIENTED_EDGE('',*,*,#2203,.T.);
#1692=ORIENTED_EDGE('',*,*,#1858,.F.);
#1693=ORIENTED_EDGE('',*,*,#2207,.F.);
#1694=ORIENTED_EDGE('',*,*,#2208,.T.);
#1695=ORIENTED_EDGE('',*,*,#2205,.T.);
#1696=ORIENTED_EDGE('',*,*,#1857,.F.);
#1697=ORIENTED_EDGE('',*,*,#2209,.F.);
#1698=ORIENTED_EDGE('',*,*,#2210,.T.);
#1699=ORIENTED_EDGE('',*,*,#2207,.T.);
#1700=ORIENTED_EDGE('',*,*,#1856,.F.);
#1701=ORIENTED_EDGE('',*,*,#2211,.F.);
#1702=ORIENTED_EDGE('',*,*,#2212,.T.);
#1703=ORIENTED_EDGE('',*,*,#2209,.T.);
#1704=ORIENTED_EDGE('',*,*,#1855,.F.);
#1705=ORIENTED_EDGE('',*,*,#2162,.F.);
#1706=ORIENTED_EDGE('',*,*,#2213,.T.);
#1707=ORIENTED_EDGE('',*,*,#2211,.T.);
#1708=ORIENTED_EDGE('',*,*,#2161,.F.);
#1709=ORIENTED_EDGE('',*,*,#2164,.F.);
#1710=ORIENTED_EDGE('',*,*,#2166,.F.);
#1711=ORIENTED_EDGE('',*,*,#2168,.F.);
#1712=ORIENTED_EDGE('',*,*,#2170,.F.);
#1713=ORIENTED_EDGE('',*,*,#2172,.F.);
#1714=ORIENTED_EDGE('',*,*,#2174,.F.);
#1715=ORIENTED_EDGE('',*,*,#2176,.F.);
#1716=ORIENTED_EDGE('',*,*,#2178,.F.);
#1717=ORIENTED_EDGE('',*,*,#2180,.F.);
#1718=ORIENTED_EDGE('',*,*,#2182,.F.);
#1719=ORIENTED_EDGE('',*,*,#2184,.F.);
#1720=ORIENTED_EDGE('',*,*,#2186,.F.);
#1721=ORIENTED_EDGE('',*,*,#2188,.F.);
#1722=ORIENTED_EDGE('',*,*,#2190,.F.);
#1723=ORIENTED_EDGE('',*,*,#2192,.F.);
#1724=ORIENTED_EDGE('',*,*,#2194,.F.);
#1725=ORIENTED_EDGE('',*,*,#2196,.F.);
#1726=ORIENTED_EDGE('',*,*,#2198,.F.);
#1727=ORIENTED_EDGE('',*,*,#2200,.F.);
#1728=ORIENTED_EDGE('',*,*,#2202,.F.);
#1729=ORIENTED_EDGE('',*,*,#2204,.F.);
#1730=ORIENTED_EDGE('',*,*,#2206,.F.);
#1731=ORIENTED_EDGE('',*,*,#2208,.F.);
#1732=ORIENTED_EDGE('',*,*,#2210,.F.);
#1733=ORIENTED_EDGE('',*,*,#2212,.F.);
#1734=ORIENTED_EDGE('',*,*,#2213,.F.);
#1735=ORIENTED_EDGE('',*,*,#2028,.T.);
#1736=ORIENTED_EDGE('',*,*,#2024,.T.);
#1737=ORIENTED_EDGE('',*,*,#2084,.T.);
#1738=ORIENTED_EDGE('',*,*,#2049,.T.);
#1739=ORIENTED_EDGE('',*,*,#2046,.T.);
#1740=ORIENTED_EDGE('',*,*,#2043,.T.);
#1741=ORIENTED_EDGE('',*,*,#2040,.T.);
#1742=ORIENTED_EDGE('',*,*,#2037,.T.);
#1743=ORIENTED_EDGE('',*,*,#2034,.T.);
#1744=ORIENTED_EDGE('',*,*,#2031,.T.);
#1745=ORIENTED_EDGE('',*,*,#2090,.T.);
#1746=ORIENTED_EDGE('',*,*,#2086,.T.);
#1747=ORIENTED_EDGE('',*,*,#2158,.T.);
#1748=ORIENTED_EDGE('',*,*,#2111,.T.);
#1749=ORIENTED_EDGE('',*,*,#2108,.T.);
#1750=ORIENTED_EDGE('',*,*,#2105,.T.);
#1751=ORIENTED_EDGE('',*,*,#2102,.T.);
#1752=ORIENTED_EDGE('',*,*,#2099,.T.);
#1753=ORIENTED_EDGE('',*,*,#2096,.T.);
#1754=ORIENTED_EDGE('',*,*,#2093,.T.);
#1755=EDGE_CURVE('',#2214,#2215,#2520,.F.);
#1756=EDGE_CURVE('',#2215,#2216,#227,.T.);
#1757=EDGE_CURVE('',#2216,#2217,#89,.T.);
#1758=EDGE_CURVE('',#2217,#2218,#90,.T.);
#1759=EDGE_CURVE('',#2218,#2219,#228,.T.);
#1760=EDGE_CURVE('',#2219,#2220,#91,.T.);
#1761=EDGE_CURVE('',#2220,#2221,#92,.T.);
#1762=EDGE_CURVE('',#2221,#2222,#229,.T.);
#1763=EDGE_CURVE('',#2222,#2223,#93,.T.);
#1764=EDGE_CURVE('',#2223,#2224,#230,.T.);
#1765=EDGE_CURVE('',#2224,#2225,#94,.T.);
#1766=EDGE_CURVE('',#2225,#2226,#231,.T.);
#1767=EDGE_CURVE('',#2226,#2227,#95,.T.);
#1768=EDGE_CURVE('',#2227,#2228,#232,.T.);
#1769=EDGE_CURVE('',#2228,#2229,#233,.T.);
#1770=EDGE_CURVE('',#2229,#2214,#96,.T.);
#1771=EDGE_CURVE('',#2230,#2231,#234,.T.);
#1772=EDGE_CURVE('',#2231,#2232,#235,.T.);
#1773=EDGE_CURVE('',#2233,#2232,#236,.T.);
#1774=EDGE_CURVE('',#2230,#2233,#237,.T.);
#1775=EDGE_CURVE('',#2234,#2235,#238,.T.);
#1776=EDGE_CURVE('',#2234,#2236,#2521,.F.);
#1777=EDGE_CURVE('',#2237,#2236,#239,.T.);
#1778=EDGE_CURVE('',#2237,#2238,#2522,.F.);
#1779=EDGE_CURVE('',#2239,#2238,#240,.T.);
#1780=EDGE_CURVE('',#2239,#2240,#2523,.F.);
#1781=EDGE_CURVE('',#2240,#2241,#241,.T.);
#1782=EDGE_CURVE('',#2241,#2235,#2524,.F.);
#1783=EDGE_CURVE('',#2242,#2243,#97,.T.);
#1784=EDGE_CURVE('',#2243,#2244,#242,.T.);
#1785=EDGE_CURVE('',#2244,#2245,#98,.T.);
#1786=EDGE_CURVE('',#2245,#2246,#243,.T.);
#1787=EDGE_CURVE('',#2246,#2247,#99,.T.);
#1788=EDGE_CURVE('',#2247,#2248,#244,.T.);
#1789=EDGE_CURVE('',#2248,#2249,#100,.T.);
#1790=EDGE_CURVE('',#2249,#2250,#245,.T.);
#1791=EDGE_CURVE('',#2250,#2251,#246,.T.);
#1792=EDGE_CURVE('',#2251,#2252,#101,.T.);
#1793=EDGE_CURVE('',#2252,#2253,#247,.T.);
#1794=EDGE_CURVE('',#2253,#2254,#102,.T.);
#1795=EDGE_CURVE('',#2254,#2255,#248,.T.);
#1796=EDGE_CURVE('',#2255,#2256,#103,.T.);
#1797=EDGE_CURVE('',#2256,#2257,#249,.T.);
#1798=EDGE_CURVE('',#2257,#2258,#104,.T.);
#1799=EDGE_CURVE('',#2258,#2259,#250,.T.);
#1800=EDGE_CURVE('',#2259,#2260,#105,.T.);
#1801=EDGE_CURVE('',#2260,#2261,#106,.T.);
#1802=EDGE_CURVE('',#2261,#2262,#251,.T.);
#1803=EDGE_CURVE('',#2262,#2263,#107,.T.);
#1804=EDGE_CURVE('',#2263,#2242,#252,.T.);
#1805=EDGE_CURVE('',#2264,#2265,#108,.T.);
#1806=EDGE_CURVE('',#2265,#2266,#253,.T.);
#1807=EDGE_CURVE('',#2266,#2267,#109,.T.);
#1808=EDGE_CURVE('',#2267,#2268,#110,.T.);
#1809=EDGE_CURVE('',#2268,#2269,#254,.T.);
#1810=EDGE_CURVE('',#2269,#2270,#255,.T.);
#1811=EDGE_CURVE('',#2270,#2271,#111,.T.);
#1812=EDGE_CURVE('',#2271,#2272,#112,.T.);
#1813=EDGE_CURVE('',#2272,#2273,#256,.T.);
#1814=EDGE_CURVE('',#2273,#2274,#113,.T.);
#1815=EDGE_CURVE('',#2274,#2275,#257,.T.);
#1816=EDGE_CURVE('',#2275,#2276,#258,.T.);
#1817=EDGE_CURVE('',#2276,#2277,#259,.T.);
#1818=EDGE_CURVE('',#2277,#2278,#114,.T.);
#1819=EDGE_CURVE('',#2278,#2279,#260,.T.);
#1820=EDGE_CURVE('',#2279,#2280,#115,.T.);
#1821=EDGE_CURVE('',#2280,#2281,#2525,.F.);
#1822=EDGE_CURVE('',#2281,#2282,#261,.T.);
#1823=EDGE_CURVE('',#2282,#2283,#262,.T.);
#1824=EDGE_CURVE('',#2283,#2284,#116,.T.);
#1825=EDGE_CURVE('',#2284,#2285,#117,.T.);
#1826=EDGE_CURVE('',#2285,#2286,#263,.T.);
#1827=EDGE_CURVE('',#2286,#2287,#118,.T.);
#1828=EDGE_CURVE('',#2287,#2288,#264,.T.);
#1829=EDGE_CURVE('',#2288,#2289,#265,.T.);
#1830=EDGE_CURVE('',#2289,#2264,#266,.T.);
#1831=EDGE_CURVE('',#2290,#2291,#119,.T.);
#1832=EDGE_CURVE('',#2291,#2292,#267,.T.);
#1833=EDGE_CURVE('',#2292,#2293,#120,.T.);
#1834=EDGE_CURVE('',#2293,#2294,#268,.T.);
#1835=EDGE_CURVE('',#2294,#2295,#121,.T.);
#1836=EDGE_CURVE('',#2295,#2296,#269,.T.);
#1837=EDGE_CURVE('',#2296,#2297,#122,.T.);
#1838=EDGE_CURVE('',#2297,#2298,#270,.T.);
#1839=EDGE_CURVE('',#2298,#2299,#271,.T.);
#1840=EDGE_CURVE('',#2299,#2300,#123,.T.);
#1841=EDGE_CURVE('',#2300,#2301,#2526,.F.);
#1842=EDGE_CURVE('',#2301,#2302,#272,.T.);
#1843=EDGE_CURVE('',#2302,#2303,#124,.T.);
#1844=EDGE_CURVE('',#2303,#2304,#125,.T.);
#1845=EDGE_CURVE('',#2304,#2305,#273,.T.);
#1846=EDGE_CURVE('',#2305,#2306,#126,.T.);
#1847=EDGE_CURVE('',#2306,#2307,#127,.T.);
#1848=EDGE_CURVE('',#2307,#2308,#274,.T.);
#1849=EDGE_CURVE('',#2308,#2309,#2527,.F.);
#1850=EDGE_CURVE('',#2309,#2310,#128,.T.);
#1851=EDGE_CURVE('',#2310,#2311,#275,.T.);
#1852=EDGE_CURVE('',#2311,#2290,#276,.T.);
#1853=EDGE_CURVE('',#2312,#2313,#129,.T.);
#1854=EDGE_CURVE('',#2313,#2314,#277,.T.);
#1855=EDGE_CURVE('',#2314,#2315,#130,.T.);
#1856=EDGE_CURVE('',#2315,#2316,#278,.T.);
#1857=EDGE_CURVE('',#2316,#2317,#131,.T.);
#1858=EDGE_CURVE('',#2317,#2318,#132,.T.);
#1859=EDGE_CURVE('',#2318,#2319,#279,.T.);
#1860=EDGE_CURVE('',#2319,#2320,#133,.T.);
#1861=EDGE_CURVE('',#2320,#2321,#280,.T.);
#1862=EDGE_CURVE('',#2321,#2322,#134,.T.);
#1863=EDGE_CURVE('',#2322,#2323,#281,.T.);
#1864=EDGE_CURVE('',#2323,#2324,#135,.T.);
#1865=EDGE_CURVE('',#2324,#2325,#136,.T.);
#1866=EDGE_CURVE('',#2325,#2326,#137,.T.);
#1867=EDGE_CURVE('',#2326,#2327,#138,.T.);
#1868=EDGE_CURVE('',#2327,#2328,#282,.T.);
#1869=EDGE_CURVE('',#2328,#2329,#139,.T.);
#1870=EDGE_CURVE('',#2329,#2330,#283,.T.);
#1871=EDGE_CURVE('',#2330,#2331,#140,.T.);
#1872=EDGE_CURVE('',#2331,#2332,#141,.T.);
#1873=EDGE_CURVE('',#2332,#2333,#284,.T.);
#1874=EDGE_CURVE('',#2333,#2334,#142,.T.);
#1875=EDGE_CURVE('',#2334,#2335,#285,.T.);
#1876=EDGE_CURVE('',#2335,#2336,#143,.T.);
#1877=EDGE_CURVE('',#2336,#2337,#286,.T.);
#1878=EDGE_CURVE('',#2337,#2338,#144,.T.);
#1879=EDGE_CURVE('',#2338,#2312,#145,.T.);
#1880=EDGE_CURVE('',#2339,#2340,#287,.T.);
#1881=EDGE_CURVE('',#2339,#2341,#288,.T.);
#1882=EDGE_CURVE('',#2341,#2342,#289,.T.);
#1883=EDGE_CURVE('',#2340,#2342,#290,.T.);
#1884=EDGE_CURVE('',#2340,#2343,#291,.T.);
#1885=EDGE_CURVE('',#2342,#2344,#292,.T.);
#1886=EDGE_CURVE('',#2343,#2344,#293,.T.);
#1887=EDGE_CURVE('',#2345,#2346,#294,.T.);
#1888=EDGE_CURVE('',#2345,#2343,#295,.T.);
#1889=EDGE_CURVE('',#2346,#2344,#296,.T.);
#1890=EDGE_CURVE('',#2339,#2345,#297,.T.);
#1891=EDGE_CURVE('',#2347,#2346,#298,.T.);
#1892=EDGE_CURVE('',#2348,#2347,#299,.T.);
#1893=EDGE_CURVE('',#2349,#2348,#300,.T.);
#1894=EDGE_CURVE('',#2349,#2350,#301,.T.);
#1895=EDGE_CURVE('',#2341,#2350,#302,.T.);
#1896=EDGE_CURVE('',#2351,#2352,#303,.T.);
#1897=EDGE_CURVE('',#2352,#2353,#304,.T.);
#1898=EDGE_CURVE('',#2354,#2353,#305,.T.);
#1899=EDGE_CURVE('',#2351,#2354,#306,.T.);
#1900=EDGE_CURVE('',#2347,#2355,#307,.T.);
#1901=EDGE_CURVE('',#2350,#2356,#308,.T.);
#1902=EDGE_CURVE('',#2355,#2356,#309,.T.);
#1903=EDGE_CURVE('',#2230,#2351,#310,.T.);
#1904=EDGE_CURVE('',#2233,#2352,#311,.T.);
#1905=EDGE_CURVE('',#2231,#2354,#312,.T.);
#1906=EDGE_CURVE('',#2232,#2353,#313,.T.);
#1907=EDGE_CURVE('',#2357,#2355,#314,.T.);
#1908=EDGE_CURVE('',#2348,#2357,#315,.T.);
#1909=EDGE_CURVE('',#2358,#2356,#316,.T.);
#1910=EDGE_CURVE('',#2357,#2358,#317,.T.);
#1911=EDGE_CURVE('',#2349,#2358,#318,.T.);
#1912=EDGE_CURVE('',#2235,#2359,#319,.F.);
#1913=EDGE_CURVE('',#2360,#2359,#320,.T.);
#1914=EDGE_CURVE('',#2360,#2234,#321,.T.);
#1915=EDGE_CURVE('',#2236,#2361,#322,.F.);
#1916=EDGE_CURVE('',#2362,#2361,#323,.T.);
#1917=EDGE_CURVE('',#2362,#2237,#324,.T.);
#1918=EDGE_CURVE('',#2363,#2364,#325,.T.);
#1919=EDGE_CURVE('',#2363,#2239,#326,.T.);
#1920=EDGE_CURVE('',#2238,#2364,#327,.F.);
#1921=EDGE_CURVE('',#2240,#2365,#328,.F.);
#1922=EDGE_CURVE('',#2365,#2366,#329,.T.);
#1923=EDGE_CURVE('',#2366,#2241,#330,.T.);
#1924=EDGE_CURVE('',#2361,#2360,#2528,.T.);
#1925=EDGE_CURVE('',#2359,#2366,#2529,.T.);
#1926=EDGE_CURVE('',#2365,#2363,#2530,.T.);
#1927=EDGE_CURVE('',#2364,#2362,#2531,.T.);
#1928=EDGE_CURVE('',#2367,#2243,#331,.T.);
#1929=EDGE_CURVE('',#2367,#2368,#332,.T.);
#1930=EDGE_CURVE('',#2368,#2244,#333,.T.);
#1931=EDGE_CURVE('',#2369,#2242,#334,.T.);
#1932=EDGE_CURVE('',#2369,#2367,#146,.T.);
#1933=EDGE_CURVE('',#2370,#2263,#335,.T.);
#1934=EDGE_CURVE('',#2370,#2369,#336,.T.);
#1935=EDGE_CURVE('',#2371,#2262,#337,.T.);
#1936=EDGE_CURVE('',#2371,#2370,#147,.T.);
#1937=EDGE_CURVE('',#2372,#2261,#338,.T.);
#1938=EDGE_CURVE('',#2372,#2371,#339,.T.);
#1939=EDGE_CURVE('',#2373,#2260,#340,.T.);
#1940=EDGE_CURVE('',#2373,#2372,#148,.T.);
#1941=EDGE_CURVE('',#2374,#2259,#341,.T.);
#1942=EDGE_CURVE('',#2374,#2373,#149,.T.);
#1943=EDGE_CURVE('',#2375,#2258,#342,.T.);
#1944=EDGE_CURVE('',#2375,#2374,#343,.T.);
#1945=EDGE_CURVE('',#2376,#2257,#344,.T.);
#1946=EDGE_CURVE('',#2376,#2375,#150,.T.);
#1947=EDGE_CURVE('',#2377,#2256,#345,.T.);
#1948=EDGE_CURVE('',#2377,#2376,#346,.T.);
#1949=EDGE_CURVE('',#2378,#2255,#347,.T.);
#1950=EDGE_CURVE('',#2378,#2377,#151,.T.);
#1951=EDGE_CURVE('',#2379,#2254,#348,.T.);
#1952=EDGE_CURVE('',#2379,#2378,#349,.T.);
#1953=EDGE_CURVE('',#2380,#2253,#350,.T.);
#1954=EDGE_CURVE('',#2380,#2379,#152,.T.);
#1955=EDGE_CURVE('',#2381,#2252,#351,.T.);
#1956=EDGE_CURVE('',#2381,#2380,#352,.T.);
#1957=EDGE_CURVE('',#2382,#2251,#353,.T.);
#1958=EDGE_CURVE('',#2382,#2381,#153,.T.);
#1959=EDGE_CURVE('',#2383,#2250,#354,.T.);
#1960=EDGE_CURVE('',#2383,#2382,#355,.T.);
#1961=EDGE_CURVE('',#2384,#2249,#356,.T.);
#1962=EDGE_CURVE('',#2384,#2383,#357,.T.);
#1963=EDGE_CURVE('',#2385,#2248,#358,.T.);
#1964=EDGE_CURVE('',#2385,#2384,#154,.T.);
#1965=EDGE_CURVE('',#2386,#2247,#359,.T.);
#1966=EDGE_CURVE('',#2386,#2385,#360,.T.);
#1967=EDGE_CURVE('',#2387,#2246,#361,.T.);
#1968=EDGE_CURVE('',#2387,#2386,#155,.T.);
#1969=EDGE_CURVE('',#2388,#2245,#362,.T.);
#1970=EDGE_CURVE('',#2388,#2387,#363,.T.);
#1971=EDGE_CURVE('',#2368,#2388,#156,.T.);
#1972=EDGE_CURVE('',#2389,#2265,#364,.T.);
#1973=EDGE_CURVE('',#2389,#2390,#365,.T.);
#1974=EDGE_CURVE('',#2390,#2266,#366,.T.);
#1975=EDGE_CURVE('',#2391,#2264,#367,.T.);
#1976=EDGE_CURVE('',#2391,#2389,#157,.T.);
#1977=EDGE_CURVE('',#2392,#2289,#368,.T.);
#1978=EDGE_CURVE('',#2392,#2391,#369,.T.);
#1979=EDGE_CURVE('',#2393,#2288,#370,.T.);
#1980=EDGE_CURVE('',#2393,#2392,#371,.T.);
#1981=EDGE_CURVE('',#2394,#2287,#372,.T.);
#1982=EDGE_CURVE('',#2394,#2393,#373,.T.);
#1983=EDGE_CURVE('',#2395,#2286,#374,.T.);
#1984=EDGE_CURVE('',#2395,#2394,#158,.T.);
#1985=EDGE_CURVE('',#2396,#2285,#375,.T.);
#1986=EDGE_CURVE('',#2396,#2395,#376,.T.);
#1987=EDGE_CURVE('',#2397,#2284,#377,.T.);
#1988=EDGE_CURVE('',#2397,#2396,#159,.T.);
#1989=EDGE_CURVE('',#2398,#2283,#378,.T.);
#1990=EDGE_CURVE('',#2398,#2397,#160,.T.);
#1991=EDGE_CURVE('',#2399,#2282,#379,.T.);
#1992=EDGE_CURVE('',#2399,#2398,#380,.T.);
#1993=EDGE_CURVE('',#2400,#2281,#381,.T.);
#1994=EDGE_CURVE('',#2400,#2399,#382,.T.);
#1995=EDGE_CURVE('',#2401,#2280,#383,.T.);
#1996=EDGE_CURVE('',#2401,#2400,#2532,.F.);
#1997=EDGE_CURVE('',#2402,#2279,#384,.T.);
#1998=EDGE_CURVE('',#2402,#2401,#161,.T.);
#1999=EDGE_CURVE('',#2403,#2278,#385,.T.);
#2000=EDGE_CURVE('',#2403,#2402,#386,.T.);
#2001=EDGE_CURVE('',#2404,#2277,#387,.T.);
#2002=EDGE_CURVE('',#2404,#2403,#162,.T.);
#2003=EDGE_CURVE('',#2405,#2276,#388,.T.);
#2004=EDGE_CURVE('',#2405,#2404,#389,.T.);
#2005=EDGE_CURVE('',#2406,#2275,#390,.T.);
#2006=EDGE_CURVE('',#2406,#2405,#391,.T.);
#2007=EDGE_CURVE('',#2407,#2274,#392,.T.);
#2008=EDGE_CURVE('',#2407,#2406,#393,.T.);
#2009=EDGE_CURVE('',#2408,#2273,#394,.T.);
#2010=EDGE_CURVE('',#2408,#2407,#163,.T.);
#2011=EDGE_CURVE('',#2409,#2272,#395,.T.);
#2012=EDGE_CURVE('',#2409,#2408,#396,.T.);
#2013=EDGE_CURVE('',#2410,#2271,#397,.T.);
#2014=EDGE_CURVE('',#2410,#2409,#164,.T.);
#2015=EDGE_CURVE('',#2411,#2270,#398,.T.);
#2016=EDGE_CURVE('',#2411,#2410,#165,.T.);
#2017=EDGE_CURVE('',#2412,#2269,#399,.T.);
#2018=EDGE_CURVE('',#2412,#2411,#400,.T.);
#2019=EDGE_CURVE('',#2413,#2268,#401,.T.);
#2020=EDGE_CURVE('',#2413,#2412,#402,.T.);
#2021=EDGE_CURVE('',#2414,#2267,#403,.T.);
#2022=EDGE_CURVE('',#2414,#2413,#166,.T.);
#2023=EDGE_CURVE('',#2390,#2414,#167,.T.);
#2024=EDGE_CURVE('',#2415,#2416,#404,.T.);
#2025=EDGE_CURVE('',#2417,#2415,#405,.T.);
#2026=EDGE_CURVE('',#2417,#2418,#406,.T.);
#2027=EDGE_CURVE('',#2418,#2416,#407,.T.);
#2028=EDGE_CURVE('',#2419,#2415,#168,.T.);
#2029=EDGE_CURVE('',#2420,#2419,#408,.T.);
#2030=EDGE_CURVE('',#2420,#2417,#169,.T.);
#2031=EDGE_CURVE('',#2421,#2419,#409,.T.);
#2032=EDGE_CURVE('',#2422,#2421,#410,.T.);
#2033=EDGE_CURVE('',#2422,#2420,#411,.T.);
#2034=EDGE_CURVE('',#2423,#2421,#170,.T.);
#2035=EDGE_CURVE('',#2424,#2423,#412,.T.);
#2036=EDGE_CURVE('',#2424,#2422,#171,.T.);
#2037=EDGE_CURVE('',#2425,#2423,#172,.T.);
#2038=EDGE_CURVE('',#2426,#2425,#413,.T.);
#2039=EDGE_CURVE('',#2426,#2424,#173,.T.);
#2040=EDGE_CURVE('',#2427,#2425,#414,.T.);
#2041=EDGE_CURVE('',#2428,#2427,#415,.T.);
#2042=EDGE_CURVE('',#2428,#2426,#416,.T.);
#2043=EDGE_CURVE('',#2429,#2427,#174,.T.);
#2044=EDGE_CURVE('',#2430,#2429,#417,.T.);
#2045=EDGE_CURVE('',#2430,#2428,#175,.T.);
#2046=EDGE_CURVE('',#2431,#2429,#176,.T.);
#2047=EDGE_CURVE('',#2432,#2431,#418,.T.);
#2048=EDGE_CURVE('',#2432,#2430,#177,.T.);
#2049=EDGE_CURVE('',#2433,#2431,#419,.T.);
#2050=EDGE_CURVE('',#2434,#2433,#420,.T.);
#2051=EDGE_CURVE('',#2434,#2432,#421,.T.);
#2052=EDGE_CURVE('',#2435,#2215,#422,.T.);
#2053=EDGE_CURVE('',#2435,#2436,#423,.T.);
#2054=EDGE_CURVE('',#2436,#2216,#424,.T.);
#2055=EDGE_CURVE('',#2437,#2214,#425,.T.);
#2056=EDGE_CURVE('',#2437,#2435,#2533,.F.);
#2057=EDGE_CURVE('',#2438,#2229,#426,.T.);
#2058=EDGE_CURVE('',#2438,#2437,#178,.T.);
#2059=EDGE_CURVE('',#2439,#2228,#427,.T.);
#2060=EDGE_CURVE('',#2439,#2438,#428,.T.);
#2061=EDGE_CURVE('',#2440,#2227,#429,.T.);
#2062=EDGE_CURVE('',#2440,#2439,#430,.T.);
#2063=EDGE_CURVE('',#2441,#2226,#431,.T.);
#2064=EDGE_CURVE('',#2441,#2440,#179,.T.);
#2065=EDGE_CURVE('',#2442,#2225,#432,.T.);
#2066=EDGE_CURVE('',#2442,#2441,#433,.T.);
#2067=EDGE_CURVE('',#2443,#2224,#434,.T.);
#2068=EDGE_CURVE('',#2443,#2442,#180,.T.);
#2069=EDGE_CURVE('',#2444,#2223,#435,.T.);
#2070=EDGE_CURVE('',#2444,#2443,#436,.T.);
#2071=EDGE_CURVE('',#2445,#2222,#437,.T.);
#2072=EDGE_CURVE('',#2445,#2444,#181,.T.);
#2073=EDGE_CURVE('',#2446,#2221,#438,.T.);
#2074=EDGE_CURVE('',#2446,#2445,#439,.T.);
#2075=EDGE_CURVE('',#2447,#2220,#440,.T.);
#2076=EDGE_CURVE('',#2447,#2446,#182,.T.);
#2077=EDGE_CURVE('',#2448,#2219,#441,.T.);
#2078=EDGE_CURVE('',#2448,#2447,#183,.T.);
#2079=EDGE_CURVE('',#2449,#2218,#442,.T.);
#2080=EDGE_CURVE('',#2449,#2448,#443,.T.);
#2081=EDGE_CURVE('',#2450,#2217,#444,.T.);
#2082=EDGE_CURVE('',#2450,#2449,#184,.T.);
#2083=EDGE_CURVE('',#2436,#2450,#185,.T.);
#2084=EDGE_CURVE('',#2416,#2433,#186,.T.);
#2085=EDGE_CURVE('',#2418,#2434,#187,.T.);
#2086=EDGE_CURVE('',#2451,#2452,#445,.T.);
#2087=EDGE_CURVE('',#2453,#2451,#446,.T.);
#2088=EDGE_CURVE('',#2453,#2454,#447,.T.);
#2089=EDGE_CURVE('',#2454,#2452,#448,.T.);
#2090=EDGE_CURVE('',#2455,#2451,#188,.T.);
#2091=EDGE_CURVE('',#2456,#2455,#449,.T.);
#2092=EDGE_CURVE('',#2456,#2453,#189,.T.);
#2093=EDGE_CURVE('',#2457,#2455,#450,.T.);
#2094=EDGE_CURVE('',#2458,#2457,#451,.T.);
#2095=EDGE_CURVE('',#2458,#2456,#452,.T.);
#2096=EDGE_CURVE('',#2459,#2457,#190,.T.);
#2097=EDGE_CURVE('',#2460,#2459,#453,.T.);
#2098=EDGE_CURVE('',#2460,#2458,#191,.T.);
#2099=EDGE_CURVE('',#2461,#2459,#454,.T.);
#2100=EDGE_CURVE('',#2462,#2461,#455,.T.);
#2101=EDGE_CURVE('',#2462,#2460,#456,.T.);
#2102=EDGE_CURVE('',#2463,#2461,#192,.T.);
#2103=EDGE_CURVE('',#2464,#2463,#457,.T.);
#2104=EDGE_CURVE('',#2464,#2462,#193,.T.);
#2105=EDGE_CURVE('',#2465,#2463,#194,.T.);
#2106=EDGE_CURVE('',#2466,#2465,#458,.T.);
#2107=EDGE_CURVE('',#2466,#2464,#195,.T.);
#2108=EDGE_CURVE('',#2467,#2465,#459,.T.);
#2109=EDGE_CURVE('',#2468,#2467,#460,.T.);
#2110=EDGE_CURVE('',#2468,#2466,#461,.T.);
#2111=EDGE_CURVE('',#2469,#2467,#196,.T.);
#2112=EDGE_CURVE('',#2470,#2469,#462,.T.);
#2113=EDGE_CURVE('',#2470,#2468,#197,.T.);
#2114=EDGE_CURVE('',#2471,#2291,#463,.T.);
#2115=EDGE_CURVE('',#2471,#2472,#464,.T.);
#2116=EDGE_CURVE('',#2472,#2292,#465,.T.);
#2117=EDGE_CURVE('',#2473,#2290,#466,.T.);
#2118=EDGE_CURVE('',#2473,#2471,#198,.T.);
#2119=EDGE_CURVE('',#2474,#2311,#467,.T.);
#2120=EDGE_CURVE('',#2474,#2473,#468,.T.);
#2121=EDGE_CURVE('',#2475,#2310,#469,.T.);
#2122=EDGE_CURVE('',#2475,#2474,#470,.T.);
#2123=EDGE_CURVE('',#2476,#2309,#471,.T.);
#2124=EDGE_CURVE('',#2476,#2475,#199,.T.);
#2125=EDGE_CURVE('',#2477,#2308,#472,.T.);
#2126=EDGE_CURVE('',#2477,#2476,#2534,.F.);
#2127=EDGE_CURVE('',#2478,#2307,#473,.T.);
#2128=EDGE_CURVE('',#2478,#2477,#474,.T.);
#2129=EDGE_CURVE('',#2479,#2306,#475,.T.);
#2130=EDGE_CURVE('',#2479,#2478,#200,.T.);
#2131=EDGE_CURVE('',#2480,#2305,#476,.T.);
#2132=EDGE_CURVE('',#2480,#2479,#201,.T.);
#2133=EDGE_CURVE('',#2481,#2304,#477,.T.);
#2134=EDGE_CURVE('',#2481,#2480,#478,.T.);
#2135=EDGE_CURVE('',#2482,#2303,#479,.T.);
#2136=EDGE_CURVE('',#2482,#2481,#202,.T.);
#2137=EDGE_CURVE('',#2483,#2302,#480,.T.);
#2138=EDGE_CURVE('',#2483,#2482,#203,.T.);
#2139=EDGE_CURVE('',#2484,#2301,#481,.T.);
#2140=EDGE_CURVE('',#2484,#2483,#482,.T.);
#2141=EDGE_CURVE('',#2485,#2300,#483,.T.);
#2142=EDGE_CURVE('',#2485,#2484,#2535,.F.);
#2143=EDGE_CURVE('',#2486,#2299,#484,.T.);
#2144=EDGE_CURVE('',#2486,#2485,#204,.T.);
#2145=EDGE_CURVE('',#2487,#2298,#485,.T.);
#2146=EDGE_CURVE('',#2487,#2486,#486,.T.);
#2147=EDGE_CURVE('',#2488,#2297,#487,.T.);
#2148=EDGE_CURVE('',#2488,#2487,#488,.T.);
#2149=EDGE_CURVE('',#2489,#2296,#489,.T.);
#2150=EDGE_CURVE('',#2489,#2488,#205,.T.);
#2151=EDGE_CURVE('',#2490,#2295,#490,.T.);
#2152=EDGE_CURVE('',#2490,#2489,#491,.T.);
#2153=EDGE_CURVE('',#2491,#2294,#492,.T.);
#2154=EDGE_CURVE('',#2491,#2490,#206,.T.);
#2155=EDGE_CURVE('',#2492,#2293,#493,.T.);
#2156=EDGE_CURVE('',#2492,#2491,#494,.T.);
#2157=EDGE_CURVE('',#2472,#2492,#207,.T.);
#2158=EDGE_CURVE('',#2452,#2469,#208,.T.);
#2159=EDGE_CURVE('',#2454,#2470,#209,.T.);
#2160=EDGE_CURVE('',#2493,#2313,#495,.T.);
#2161=EDGE_CURVE('',#2493,#2494,#496,.T.);
#2162=EDGE_CURVE('',#2494,#2314,#497,.T.);
#2163=EDGE_CURVE('',#2495,#2312,#498,.T.);
#2164=EDGE_CURVE('',#2495,#2493,#210,.T.);
#2165=EDGE_CURVE('',#2496,#2338,#499,.T.);
#2166=EDGE_CURVE('',#2496,#2495,#211,.T.);
#2167=EDGE_CURVE('',#2497,#2337,#500,.T.);
#2168=EDGE_CURVE('',#2497,#2496,#212,.T.);
#2169=EDGE_CURVE('',#2498,#2336,#501,.T.);
#2170=EDGE_CURVE('',#2498,#2497,#502,.T.);
#2171=EDGE_CURVE('',#2499,#2335,#503,.T.);
#2172=EDGE_CURVE('',#2499,#2498,#213,.T.);
#2173=EDGE_CURVE('',#2500,#2334,#504,.T.);
#2174=EDGE_CURVE('',#2500,#2499,#505,.T.);
#2175=EDGE_CURVE('',#2501,#2333,#506,.T.);
#2176=EDGE_CURVE('',#2501,#2500,#214,.T.);
#2177=EDGE_CURVE('',#2502,#2332,#507,.T.);
#2178=EDGE_CURVE('',#2502,#2501,#508,.T.);
#2179=EDGE_CURVE('',#2503,#2331,#509,.T.);
#2180=EDGE_CURVE('',#2503,#2502,#215,.T.);
#2181=EDGE_CURVE('',#2504,#2330,#510,.T.);
#2182=EDGE_CURVE('',#2504,#2503,#216,.T.);
#2183=EDGE_CURVE('',#2505,#2329,#511,.T.);
#2184=EDGE_CURVE('',#2505,#2504,#512,.T.);
#2185=EDGE_CURVE('',#2506,#2328,#513,.T.);
#2186=EDGE_CURVE('',#2506,#2505,#217,.T.);
#2187=EDGE_CURVE('',#2507,#2327,#514,.T.);
#2188=EDGE_CURVE('',#2507,#2506,#515,.T.);
#2189=EDGE_CURVE('',#2508,#2326,#516,.T.);
#2190=EDGE_CURVE('',#2508,#2507,#218,.T.);
#2191=EDGE_CURVE('',#2509,#2325,#517,.T.);
#2192=EDGE_CURVE('',#2509,#2508,#219,.T.);
#2193=EDGE_CURVE('',#2510,#2324,#518,.T.);
#2194=EDGE_CURVE('',#2510,#2509,#220,.T.);
#2195=EDGE_CURVE('',#2511,#2323,#519,.T.);
#2196=EDGE_CURVE('',#2511,#2510,#221,.T.);
#2197=EDGE_CURVE('',#2512,#2322,#520,.T.);
#2198=EDGE_CURVE('',#2512,#2511,#521,.T.);
#2199=EDGE_CURVE('',#2513,#2321,#522,.T.);
#2200=EDGE_CURVE('',#2513,#2512,#222,.T.);
#2201=EDGE_CURVE('',#2514,#2320,#523,.T.);
#2202=EDGE_CURVE('',#2514,#2513,#524,.T.);
#2203=EDGE_CURVE('',#2515,#2319,#525,.T.);
#2204=EDGE_CURVE('',#2515,#2514,#223,.T.);
#2205=EDGE_CURVE('',#2516,#2318,#526,.T.);
#2206=EDGE_CURVE('',#2516,#2515,#527,.T.);
#2207=EDGE_CURVE('',#2517,#2317,#528,.T.);
#2208=EDGE_CURVE('',#2517,#2516,#224,.T.);
#2209=EDGE_CURVE('',#2518,#2316,#529,.T.);
#2210=EDGE_CURVE('',#2518,#2517,#225,.T.);
#2211=EDGE_CURVE('',#2519,#2315,#530,.T.);
#2212=EDGE_CURVE('',#2519,#2518,#531,.T.);
#2213=EDGE_CURVE('',#2494,#2519,#226,.T.);
#2214=VERTEX_POINT('',#3784);
#2215=VERTEX_POINT('',#3785);
#2216=VERTEX_POINT('',#3787);
#2217=VERTEX_POINT('',#3791);
#2218=VERTEX_POINT('',#3795);
#2219=VERTEX_POINT('',#3797);
#2220=VERTEX_POINT('',#3801);
#2221=VERTEX_POINT('',#3805);
#2222=VERTEX_POINT('',#3807);
#2223=VERTEX_POINT('',#3811);
#2224=VERTEX_POINT('',#3813);
#2225=VERTEX_POINT('',#3817);
#2226=VERTEX_POINT('',#3819);
#2227=VERTEX_POINT('',#3823);
#2228=VERTEX_POINT('',#3825);
#2229=VERTEX_POINT('',#3827);
#2230=VERTEX_POINT('',#3832);
#2231=VERTEX_POINT('',#3833);
#2232=VERTEX_POINT('',#3835);
#2233=VERTEX_POINT('',#3837);
#2234=VERTEX_POINT('',#3840);
#2235=VERTEX_POINT('',#3841);
#2236=VERTEX_POINT('',#3843);
#2237=VERTEX_POINT('',#3845);
#2238=VERTEX_POINT('',#3847);
#2239=VERTEX_POINT('',#3849);
#2240=VERTEX_POINT('',#3851);
#2241=VERTEX_POINT('',#3853);
#2242=VERTEX_POINT('',#3858);
#2243=VERTEX_POINT('',#3859);
#2244=VERTEX_POINT('',#3861);
#2245=VERTEX_POINT('',#3865);
#2246=VERTEX_POINT('',#3867);
#2247=VERTEX_POINT('',#3871);
#2248=VERTEX_POINT('',#3873);
#2249=VERTEX_POINT('',#3877);
#2250=VERTEX_POINT('',#3879);
#2251=VERTEX_POINT('',#3881);
#2252=VERTEX_POINT('',#3885);
#2253=VERTEX_POINT('',#3887);
#2254=VERTEX_POINT('',#3891);
#2255=VERTEX_POINT('',#3893);
#2256=VERTEX_POINT('',#3897);
#2257=VERTEX_POINT('',#3899);
#2258=VERTEX_POINT('',#3903);
#2259=VERTEX_POINT('',#3905);
#2260=VERTEX_POINT('',#3909);
#2261=VERTEX_POINT('',#3913);
#2262=VERTEX_POINT('',#3915);
#2263=VERTEX_POINT('',#3919);
#2264=VERTEX_POINT('',#3924);
#2265=VERTEX_POINT('',#3925);
#2266=VERTEX_POINT('',#3927);
#2267=VERTEX_POINT('',#3931);
#2268=VERTEX_POINT('',#3935);
#2269=VERTEX_POINT('',#3937);
#2270=VERTEX_POINT('',#3939);
#2271=VERTEX_POINT('',#3943);
#2272=VERTEX_POINT('',#3947);
#2273=VERTEX_POINT('',#3949);
#2274=VERTEX_POINT('',#3953);
#2275=VERTEX_POINT('',#3955);
#2276=VERTEX_POINT('',#3957);
#2277=VERTEX_POINT('',#3959);
#2278=VERTEX_POINT('',#3963);
#2279=VERTEX_POINT('',#3965);
#2280=VERTEX_POINT('',#3969);
#2281=VERTEX_POINT('',#3971);
#2282=VERTEX_POINT('',#3973);
#2283=VERTEX_POINT('',#3975);
#2284=VERTEX_POINT('',#3979);
#2285=VERTEX_POINT('',#3983);
#2286=VERTEX_POINT('',#3985);
#2287=VERTEX_POINT('',#3989);
#2288=VERTEX_POINT('',#3991);
#2289=VERTEX_POINT('',#3993);
#2290=VERTEX_POINT('',#3998);
#2291=VERTEX_POINT('',#3999);
#2292=VERTEX_POINT('',#4001);
#2293=VERTEX_POINT('',#4005);
#2294=VERTEX_POINT('',#4007);
#2295=VERTEX_POINT('',#4011);
#2296=VERTEX_POINT('',#4013);
#2297=VERTEX_POINT('',#4017);
#2298=VERTEX_POINT('',#4019);
#2299=VERTEX_POINT('',#4021);
#2300=VERTEX_POINT('',#4025);
#2301=VERTEX_POINT('',#4027);
#2302=VERTEX_POINT('',#4029);
#2303=VERTEX_POINT('',#4033);
#2304=VERTEX_POINT('',#4037);
#2305=VERTEX_POINT('',#4039);
#2306=VERTEX_POINT('',#4043);
#2307=VERTEX_POINT('',#4047);
#2308=VERTEX_POINT('',#4049);
#2309=VERTEX_POINT('',#4051);
#2310=VERTEX_POINT('',#4055);
#2311=VERTEX_POINT('',#4057);
#2312=VERTEX_POINT('',#4062);
#2313=VERTEX_POINT('',#4063);
#2314=VERTEX_POINT('',#4065);
#2315=VERTEX_POINT('',#4069);
#2316=VERTEX_POINT('',#4071);
#2317=VERTEX_POINT('',#4075);
#2318=VERTEX_POINT('',#4079);
#2319=VERTEX_POINT('',#4081);
#2320=VERTEX_POINT('',#4085);
#2321=VERTEX_POINT('',#4087);
#2322=VERTEX_POINT('',#4091);
#2323=VERTEX_POINT('',#4093);
#2324=VERTEX_POINT('',#4097);
#2325=VERTEX_POINT('',#4101);
#2326=VERTEX_POINT('',#4105);
#2327=VERTEX_POINT('',#4109);
#2328=VERTEX_POINT('',#4111);
#2329=VERTEX_POINT('',#4115);
#2330=VERTEX_POINT('',#4117);
#2331=VERTEX_POINT('',#4121);
#2332=VERTEX_POINT('',#4125);
#2333=VERTEX_POINT('',#4127);
#2334=VERTEX_POINT('',#4131);
#2335=VERTEX_POINT('',#4133);
#2336=VERTEX_POINT('',#4137);
#2337=VERTEX_POINT('',#4139);
#2338=VERTEX_POINT('',#4143);
#2339=VERTEX_POINT('',#4149);
#2340=VERTEX_POINT('',#4150);
#2341=VERTEX_POINT('',#4152);
#2342=VERTEX_POINT('',#4154);
#2343=VERTEX_POINT('',#4158);
#2344=VERTEX_POINT('',#4160);
#2345=VERTEX_POINT('',#4164);
#2346=VERTEX_POINT('',#4165);
#2347=VERTEX_POINT('',#4171);
#2348=VERTEX_POINT('',#4173);
#2349=VERTEX_POINT('',#4175);
#2350=VERTEX_POINT('',#4177);
#2351=VERTEX_POINT('',#4181);
#2352=VERTEX_POINT('',#4182);
#2353=VERTEX_POINT('',#4184);
#2354=VERTEX_POINT('',#4186);
#2355=VERTEX_POINT('',#4189);
#2356=VERTEX_POINT('',#4191);
#2357=VERTEX_POINT('',#4203);
#2358=VERTEX_POINT('',#4207);
#2359=VERTEX_POINT('',#4214);
#2360=VERTEX_POINT('',#4216);
#2361=VERTEX_POINT('',#4220);
#2362=VERTEX_POINT('',#4222);
#2363=VERTEX_POINT('',#4226);
#2364=VERTEX_POINT('',#4227);
#2365=VERTEX_POINT('',#4232);
#2366=VERTEX_POINT('',#4234);
#2367=VERTEX_POINT('',#4247);
#2368=VERTEX_POINT('',#4249);
#2369=VERTEX_POINT('',#4260);
#2370=VERTEX_POINT('',#4266);
#2371=VERTEX_POINT('',#4277);
#2372=VERTEX_POINT('',#4283);
#2373=VERTEX_POINT('',#4294);
#2374=VERTEX_POINT('',#4307);
#2375=VERTEX_POINT('',#4313);
#2376=VERTEX_POINT('',#4324);
#2377=VERTEX_POINT('',#4330);
#2378=VERTEX_POINT('',#4341);
#2379=VERTEX_POINT('',#4347);
#2380=VERTEX_POINT('',#4358);
#2381=VERTEX_POINT('',#4364);
#2382=VERTEX_POINT('',#4375);
#2383=VERTEX_POINT('',#4381);
#2384=VERTEX_POINT('',#4385);
#2385=VERTEX_POINT('',#4396);
#2386=VERTEX_POINT('',#4402);
#2387=VERTEX_POINT('',#4413);
#2388=VERTEX_POINT('',#4419);
#2389=VERTEX_POINT('',#4435);
#2390=VERTEX_POINT('',#4437);
#2391=VERTEX_POINT('',#4448);
#2392=VERTEX_POINT('',#4454);
#2393=VERTEX_POINT('',#4458);
#2394=VERTEX_POINT('',#4462);
#2395=VERTEX_POINT('',#4473);
#2396=VERTEX_POINT('',#4479);
#2397=VERTEX_POINT('',#4490);
#2398=VERTEX_POINT('',#4503);
#2399=VERTEX_POINT('',#4509);
#2400=VERTEX_POINT('',#4513);
#2401=VERTEX_POINT('',#4517);
#2402=VERTEX_POINT('',#4528);
#2403=VERTEX_POINT('',#4534);
#2404=VERTEX_POINT('',#4545);
#2405=VERTEX_POINT('',#4551);
#2406=VERTEX_POINT('',#4555);
#2407=VERTEX_POINT('',#4559);
#2408=VERTEX_POINT('',#4570);
#2409=VERTEX_POINT('',#4576);
#2410=VERTEX_POINT('',#4587);
#2411=VERTEX_POINT('',#4600);
#2412=VERTEX_POINT('',#4606);
#2413=VERTEX_POINT('',#4610);
#2414=VERTEX_POINT('',#4621);
#2415=VERTEX_POINT('',#4639);
#2416=VERTEX_POINT('',#4640);
#2417=VERTEX_POINT('',#4642);
#2418=VERTEX_POINT('',#4644);
#2419=VERTEX_POINT('',#4657);
#2420=VERTEX_POINT('',#4659);
#2421=VERTEX_POINT('',#4665);
#2422=VERTEX_POINT('',#4667);
#2423=VERTEX_POINT('',#4680);
#2424=VERTEX_POINT('',#4682);
#2425=VERTEX_POINT('',#4697);
#2426=VERTEX_POINT('',#4699);
#2427=VERTEX_POINT('',#4705);
#2428=VERTEX_POINT('',#4707);
#2429=VERTEX_POINT('',#4720);
#2430=VERTEX_POINT('',#4722);
#2431=VERTEX_POINT('',#4737);
#2432=VERTEX_POINT('',#4739);
#2433=VERTEX_POINT('',#4745);
#2434=VERTEX_POINT('',#4747);
#2435=VERTEX_POINT('',#4751);
#2436=VERTEX_POINT('',#4753);
#2437=VERTEX_POINT('',#4757);
#2438=VERTEX_POINT('',#4768);
#2439=VERTEX_POINT('',#4774);
#2440=VERTEX_POINT('',#4778);
#2441=VERTEX_POINT('',#4789);
#2442=VERTEX_POINT('',#4795);
#2443=VERTEX_POINT('',#4806);
#2444=VERTEX_POINT('',#4812);
#2445=VERTEX_POINT('',#4823);
#2446=VERTEX_POINT('',#4829);
#2447=VERTEX_POINT('',#4840);
#2448=VERTEX_POINT('',#4853);
#2449=VERTEX_POINT('',#4859);
#2450=VERTEX_POINT('',#4870);
#2451=VERTEX_POINT('',#4902);
#2452=VERTEX_POINT('',#4903);
#2453=VERTEX_POINT('',#4905);
#2454=VERTEX_POINT('',#4907);
#2455=VERTEX_POINT('',#4920);
#2456=VERTEX_POINT('',#4922);
#2457=VERTEX_POINT('',#4928);
#2458=VERTEX_POINT('',#4930);
#2459=VERTEX_POINT('',#4943);
#2460=VERTEX_POINT('',#4945);
#2461=VERTEX_POINT('',#4951);
#2462=VERTEX_POINT('',#4953);
#2463=VERTEX_POINT('',#4966);
#2464=VERTEX_POINT('',#4968);
#2465=VERTEX_POINT('',#4983);
#2466=VERTEX_POINT('',#4985);
#2467=VERTEX_POINT('',#4991);
#2468=VERTEX_POINT('',#4993);
#2469=VERTEX_POINT('',#5006);
#2470=VERTEX_POINT('',#5008);
#2471=VERTEX_POINT('',#5014);
#2472=VERTEX_POINT('',#5016);
#2473=VERTEX_POINT('',#5027);
#2474=VERTEX_POINT('',#5033);
#2475=VERTEX_POINT('',#5037);
#2476=VERTEX_POINT('',#5048);
#2477=VERTEX_POINT('',#5054);
#2478=VERTEX_POINT('',#5058);
#2479=VERTEX_POINT('',#5069);
#2480=VERTEX_POINT('',#5082);
#2481=VERTEX_POINT('',#5088);
#2482=VERTEX_POINT('',#5099);
#2483=VERTEX_POINT('',#5112);
#2484=VERTEX_POINT('',#5118);
#2485=VERTEX_POINT('',#5122);
#2486=VERTEX_POINT('',#5133);
#2487=VERTEX_POINT('',#5139);
#2488=VERTEX_POINT('',#5143);
#2489=VERTEX_POINT('',#5154);
#2490=VERTEX_POINT('',#5160);
#2491=VERTEX_POINT('',#5171);
#2492=VERTEX_POINT('',#5177);
#2493=VERTEX_POINT('',#5207);
#2494=VERTEX_POINT('',#5209);
#2495=VERTEX_POINT('',#5220);
#2496=VERTEX_POINT('',#5233);
#2497=VERTEX_POINT('',#5246);
#2498=VERTEX_POINT('',#5252);
#2499=VERTEX_POINT('',#5263);
#2500=VERTEX_POINT('',#5269);
#2501=VERTEX_POINT('',#5280);
#2502=VERTEX_POINT('',#5286);
#2503=VERTEX_POINT('',#5297);
#2504=VERTEX_POINT('',#5310);
#2505=VERTEX_POINT('',#5316);
#2506=VERTEX_POINT('',#5327);
#2507=VERTEX_POINT('',#5333);
#2508=VERTEX_POINT('',#5344);
#2509=VERTEX_POINT('',#5357);
#2510=VERTEX_POINT('',#5370);
#2511=VERTEX_POINT('',#5383);
#2512=VERTEX_POINT('',#5389);
#2513=VERTEX_POINT('',#5400);
#2514=VERTEX_POINT('',#5406);
#2515=VERTEX_POINT('',#5417);
#2516=VERTEX_POINT('',#5423);
#2517=VERTEX_POINT('',#5434);
#2518=VERTEX_POINT('',#5447);
#2519=VERTEX_POINT('',#5453);
#2520=CIRCLE('',#3145,0.00250024043248046);
#2521=CIRCLE('',#3146,0.004953);
#2522=CIRCLE('',#3147,0.004953);
#2523=CIRCLE('',#3148,0.004953);
#2524=CIRCLE('',#3149,0.004953);
#2525=CIRCLE('',#3150,0.000279164679974392);
#2526=CIRCLE('',#3151,0.00250652929680901);
#2527=CIRCLE('',#3152,0.00250652929680906);
#2528=CIRCLE('',#3171,0.004953);
#2529=CIRCLE('',#3172,0.004953);
#2530=CIRCLE('',#3173,0.004953);
#2531=CIRCLE('',#3174,0.004953);
#2532=CIRCLE('',#3199,0.000279164679974392);
#2533=CIRCLE('',#3214,0.00250024043248046);
#2534=CIRCLE('',#3230,0.00250652929680906);
#2535=CIRCLE('',#3235,0.00250652929680901);
#2536=EDGE_LOOP('',(#837,#838,#839,#840,#841,#842,#843,#844,#845,#846,#847,
#848,#849,#850,#851,#852));
#2537=EDGE_LOOP('',(#853,#854,#855,#856));
#2538=EDGE_LOOP('',(#857,#858,#859,#860,#861,#862,#863,#864));
#2539=EDGE_LOOP('',(#865,#866,#867,#868,#869,#870,#871,#872,#873,#874,#875,
#876,#877,#878,#879,#880,#881,#882,#883,#884,#885,#886));
#2540=EDGE_LOOP('',(#887,#888,#889,#890,#891,#892,#893,#894,#895,#896,#897,
#898,#899,#900,#901,#902,#903,#904,#905,#906,#907,#908,#909,#910,#911,#912));
#2541=EDGE_LOOP('',(#913,#914,#915,#916,#917,#918,#919,#920,#921,#922,#923,
#924,#925,#926,#927,#928,#929,#930,#931,#932,#933,#934));
#2542=EDGE_LOOP('',(#935,#936,#937,#938,#939,#940,#941,#942,#943,#944,#945,
#946,#947,#948,#949,#950,#951,#952,#953,#954,#955,#956,#957,#958,#959,#960,
#961));
#2543=EDGE_LOOP('',(#962,#963,#964,#965));
#2544=EDGE_LOOP('',(#966,#967,#968,#969));
#2545=EDGE_LOOP('',(#970,#971,#972,#973));
#2546=EDGE_LOOP('',(#974,#975,#976,#977,#978,#979,#980,#981));
#2547=EDGE_LOOP('',(#982,#983,#984,#985));
#2548=EDGE_LOOP('',(#986,#987,#988,#989,#990,#991,#992,#993));
#2549=EDGE_LOOP('',(#994,#995,#996,#997));
#2550=EDGE_LOOP('',(#998,#999,#1000,#1001));
#2551=EDGE_LOOP('',(#1002,#1003,#1004,#1005));
#2552=EDGE_LOOP('',(#1006,#1007,#1008,#1009));
#2553=EDGE_LOOP('',(#1010,#1011,#1012,#1013));
#2554=EDGE_LOOP('',(#1014,#1015,#1016,#1017));
#2555=EDGE_LOOP('',(#1018,#1019,#1020,#1021));
#2556=EDGE_LOOP('',(#1022,#1023,#1024,#1025));
#2557=EDGE_LOOP('',(#1026,#1027,#1028,#1029));
#2558=EDGE_LOOP('',(#1030,#1031,#1032,#1033));
#2559=EDGE_LOOP('',(#1034,#1035,#1036,#1037));
#2560=EDGE_LOOP('',(#1038,#1039,#1040,#1041));
#2561=EDGE_LOOP('',(#1042,#1043,#1044,#1045));
#2562=EDGE_LOOP('',(#1046,#1047,#1048,#1049,#1050,#1051,#1052,#1053));
#2563=EDGE_LOOP('',(#1054,#1055,#1056,#1057));
#2564=EDGE_LOOP('',(#1058,#1059,#1060,#1061));
#2565=EDGE_LOOP('',(#1062,#1063,#1064,#1065));
#2566=EDGE_LOOP('',(#1066,#1067,#1068,#1069));
#2567=EDGE_LOOP('',(#1070,#1071,#1072,#1073));
#2568=EDGE_LOOP('',(#1074,#1075,#1076,#1077));
#2569=EDGE_LOOP('',(#1078,#1079,#1080,#1081));
#2570=EDGE_LOOP('',(#1082,#1083,#1084,#1085));
#2571=EDGE_LOOP('',(#1086,#1087,#1088,#1089));
#2572=EDGE_LOOP('',(#1090,#1091,#1092,#1093));
#2573=EDGE_LOOP('',(#1094,#1095,#1096,#1097));
#2574=EDGE_LOOP('',(#1098,#1099,#1100,#1101));
#2575=EDGE_LOOP('',(#1102,#1103,#1104,#1105));
#2576=EDGE_LOOP('',(#1106,#1107,#1108,#1109));
#2577=EDGE_LOOP('',(#1110,#1111,#1112,#1113));
#2578=EDGE_LOOP('',(#1114,#1115,#1116,#1117));
#2579=EDGE_LOOP('',(#1118,#1119,#1120,#1121));
#2580=EDGE_LOOP('',(#1122,#1123,#1124,#1125));
#2581=EDGE_LOOP('',(#1126,#1127,#1128,#1129));
#2582=EDGE_LOOP('',(#1130,#1131,#1132,#1133));
#2583=EDGE_LOOP('',(#1134,#1135,#1136,#1137));
#2584=EDGE_LOOP('',(#1138,#1139,#1140,#1141));
#2585=EDGE_LOOP('',(#1142,#1143,#1144,#1145));
#2586=EDGE_LOOP('',(#1146,#1147,#1148,#1149));
#2587=EDGE_LOOP('',(#1150,#1151,#1152,#1153));
#2588=EDGE_LOOP('',(#1154,#1155,#1156,#1157));
#2589=EDGE_LOOP('',(#1158,#1159,#1160,#1161,#1162,#1163,#1164,#1165,#1166,
#1167,#1168,#1169,#1170,#1171,#1172,#1173,#1174,#1175,#1176,#1177,#1178,
#1179));
#2590=EDGE_LOOP('',(#1180,#1181,#1182,#1183));
#2591=EDGE_LOOP('',(#1184,#1185,#1186,#1187));
#2592=EDGE_LOOP('',(#1188,#1189,#1190,#1191));
#2593=EDGE_LOOP('',(#1192,#1193,#1194,#1195));
#2594=EDGE_LOOP('',(#1196,#1197,#1198,#1199));
#2595=EDGE_LOOP('',(#1200,#1201,#1202,#1203));
#2596=EDGE_LOOP('',(#1204,#1205,#1206,#1207));
#2597=EDGE_LOOP('',(#1208,#1209,#1210,#1211));
#2598=EDGE_LOOP('',(#1212,#1213,#1214,#1215));
#2599=EDGE_LOOP('',(#1216,#1217,#1218,#1219));
#2600=EDGE_LOOP('',(#1220,#1221,#1222,#1223));
#2601=EDGE_LOOP('',(#1224,#1225,#1226,#1227));
#2602=EDGE_LOOP('',(#1228,#1229,#1230,#1231));
#2603=EDGE_LOOP('',(#1232,#1233,#1234,#1235));
#2604=EDGE_LOOP('',(#1236,#1237,#1238,#1239));
#2605=EDGE_LOOP('',(#1240,#1241,#1242,#1243));
#2606=EDGE_LOOP('',(#1244,#1245,#1246,#1247));
#2607=EDGE_LOOP('',(#1248,#1249,#1250,#1251));
#2608=EDGE_LOOP('',(#1252,#1253,#1254,#1255));
#2609=EDGE_LOOP('',(#1256,#1257,#1258,#1259));
#2610=EDGE_LOOP('',(#1260,#1261,#1262,#1263));
#2611=EDGE_LOOP('',(#1264,#1265,#1266,#1267));
#2612=EDGE_LOOP('',(#1268,#1269,#1270,#1271));
#2613=EDGE_LOOP('',(#1272,#1273,#1274,#1275));
#2614=EDGE_LOOP('',(#1276,#1277,#1278,#1279));
#2615=EDGE_LOOP('',(#1280,#1281,#1282,#1283));
#2616=EDGE_LOOP('',(#1284,#1285,#1286,#1287,#1288,#1289,#1290,#1291,#1292,
#1293,#1294,#1295,#1296,#1297,#1298,#1299,#1300,#1301,#1302,#1303,#1304,
#1305,#1306,#1307,#1308,#1309));
#2617=EDGE_LOOP('',(#1310,#1311,#1312,#1313));
#2618=EDGE_LOOP('',(#1314,#1315,#1316,#1317));
#2619=EDGE_LOOP('',(#1318,#1319,#1320,#1321));
#2620=EDGE_LOOP('',(#1322,#1323,#1324,#1325));
#2621=EDGE_LOOP('',(#1326,#1327,#1328,#1329));
#2622=EDGE_LOOP('',(#1330,#1331,#1332,#1333));
#2623=EDGE_LOOP('',(#1334,#1335,#1336,#1337));
#2624=EDGE_LOOP('',(#1338,#1339,#1340,#1341));
#2625=EDGE_LOOP('',(#1342,#1343,#1344,#1345));
#2626=EDGE_LOOP('',(#1346,#1347,#1348,#1349));
#2627=EDGE_LOOP('',(#1350,#1351,#1352,#1353));
#2628=EDGE_LOOP('',(#1354,#1355,#1356,#1357));
#2629=EDGE_LOOP('',(#1358,#1359,#1360,#1361));
#2630=EDGE_LOOP('',(#1362,#1363,#1364,#1365));
#2631=EDGE_LOOP('',(#1366,#1367,#1368,#1369));
#2632=EDGE_LOOP('',(#1370,#1371,#1372,#1373));
#2633=EDGE_LOOP('',(#1374,#1375,#1376,#1377));
#2634=EDGE_LOOP('',(#1378,#1379,#1380,#1381));
#2635=EDGE_LOOP('',(#1382,#1383,#1384,#1385));
#2636=EDGE_LOOP('',(#1386,#1387,#1388,#1389));
#2637=EDGE_LOOP('',(#1390,#1391,#1392,#1393));
#2638=EDGE_LOOP('',(#1394,#1395,#1396,#1397));
#2639=EDGE_LOOP('',(#1398,#1399,#1400,#1401));
#2640=EDGE_LOOP('',(#1402,#1403,#1404,#1405));
#2641=EDGE_LOOP('',(#1406,#1407,#1408,#1409));
#2642=EDGE_LOOP('',(#1410,#1411,#1412,#1413));
#2643=EDGE_LOOP('',(#1414,#1415,#1416,#1417,#1418,#1419,#1420,#1421,#1422,
#1423,#1424,#1425,#1426,#1427,#1428,#1429));
#2644=EDGE_LOOP('',(#1430,#1431,#1432,#1433,#1434,#1435,#1436,#1437,#1438,
#1439));
#2645=EDGE_LOOP('',(#1440,#1441,#1442,#1443));
#2646=EDGE_LOOP('',(#1444,#1445,#1446,#1447));
#2647=EDGE_LOOP('',(#1448,#1449,#1450,#1451));
#2648=EDGE_LOOP('',(#1452,#1453,#1454,#1455));
#2649=EDGE_LOOP('',(#1456,#1457,#1458,#1459));
#2650=EDGE_LOOP('',(#1460,#1461,#1462,#1463));
#2651=EDGE_LOOP('',(#1464,#1465,#1466,#1467));
#2652=EDGE_LOOP('',(#1468,#1469,#1470,#1471));
#2653=EDGE_LOOP('',(#1472,#1473,#1474,#1475));
#2654=EDGE_LOOP('',(#1476,#1477,#1478,#1479));
#2655=EDGE_LOOP('',(#1480,#1481,#1482,#1483));
#2656=EDGE_LOOP('',(#1484,#1485,#1486,#1487));
#2657=EDGE_LOOP('',(#1488,#1489,#1490,#1491));
#2658=EDGE_LOOP('',(#1492,#1493,#1494,#1495));
#2659=EDGE_LOOP('',(#1496,#1497,#1498,#1499));
#2660=EDGE_LOOP('',(#1500,#1501,#1502,#1503));
#2661=EDGE_LOOP('',(#1504,#1505,#1506,#1507));
#2662=EDGE_LOOP('',(#1508,#1509,#1510,#1511));
#2663=EDGE_LOOP('',(#1512,#1513,#1514,#1515));
#2664=EDGE_LOOP('',(#1516,#1517,#1518,#1519));
#2665=EDGE_LOOP('',(#1520,#1521,#1522,#1523));
#2666=EDGE_LOOP('',(#1524,#1525,#1526,#1527));
#2667=EDGE_LOOP('',(#1528,#1529,#1530,#1531));
#2668=EDGE_LOOP('',(#1532,#1533,#1534,#1535));
#2669=EDGE_LOOP('',(#1536,#1537,#1538,#1539));
#2670=EDGE_LOOP('',(#1540,#1541,#1542,#1543));
#2671=EDGE_LOOP('',(#1544,#1545,#1546,#1547));
#2672=EDGE_LOOP('',(#1548,#1549,#1550,#1551));
#2673=EDGE_LOOP('',(#1552,#1553,#1554,#1555));
#2674=EDGE_LOOP('',(#1556,#1557,#1558,#1559));
#2675=EDGE_LOOP('',(#1560,#1561,#1562,#1563));
#2676=EDGE_LOOP('',(#1564,#1565,#1566,#1567));
#2677=EDGE_LOOP('',(#1568,#1569,#1570,#1571,#1572,#1573,#1574,#1575,#1576,
#1577,#1578,#1579,#1580,#1581,#1582,#1583,#1584,#1585,#1586,#1587,#1588,
#1589));
#2678=EDGE_LOOP('',(#1590,#1591,#1592,#1593,#1594,#1595,#1596,#1597,#1598,
#1599));
#2679=EDGE_LOOP('',(#1600,#1601,#1602,#1603));
#2680=EDGE_LOOP('',(#1604,#1605,#1606,#1607));
#2681=EDGE_LOOP('',(#1608,#1609,#1610,#1611));
#2682=EDGE_LOOP('',(#1612,#1613,#1614,#1615));
#2683=EDGE_LOOP('',(#1616,#1617,#1618,#1619));
#2684=EDGE_LOOP('',(#1620,#1621,#1622,#1623));
#2685=EDGE_LOOP('',(#1624,#1625,#1626,#1627));
#2686=EDGE_LOOP('',(#1628,#1629,#1630,#1631));
#2687=EDGE_LOOP('',(#1632,#1633,#1634,#1635));
#2688=EDGE_LOOP('',(#1636,#1637,#1638,#1639));
#2689=EDGE_LOOP('',(#1640,#1641,#1642,#1643));
#2690=EDGE_LOOP('',(#1644,#1645,#1646,#1647));
#2691=EDGE_LOOP('',(#1648,#1649,#1650,#1651));
#2692=EDGE_LOOP('',(#1652,#1653,#1654,#1655));
#2693=EDGE_LOOP('',(#1656,#1657,#1658,#1659));
#2694=EDGE_LOOP('',(#1660,#1661,#1662,#1663));
#2695=EDGE_LOOP('',(#1664,#1665,#1666,#1667));
#2696=EDGE_LOOP('',(#1668,#1669,#1670,#1671));
#2697=EDGE_LOOP('',(#1672,#1673,#1674,#1675));
#2698=EDGE_LOOP('',(#1676,#1677,#1678,#1679));
#2699=EDGE_LOOP('',(#1680,#1681,#1682,#1683));
#2700=EDGE_LOOP('',(#1684,#1685,#1686,#1687));
#2701=EDGE_LOOP('',(#1688,#1689,#1690,#1691));
#2702=EDGE_LOOP('',(#1692,#1693,#1694,#1695));
#2703=EDGE_LOOP('',(#1696,#1697,#1698,#1699));
#2704=EDGE_LOOP('',(#1700,#1701,#1702,#1703));
#2705=EDGE_LOOP('',(#1704,#1705,#1706,#1707));
#2706=EDGE_LOOP('',(#1708,#1709,#1710,#1711,#1712,#1713,#1714,#1715,#1716,
#1717,#1718,#1719,#1720,#1721,#1722,#1723,#1724,#1725,#1726,#1727,#1728,
#1729,#1730,#1731,#1732,#1733,#1734));
#2707=EDGE_LOOP('',(#1735,#1736,#1737,#1738,#1739,#1740,#1741,#1742,#1743,
#1744));
#2708=EDGE_LOOP('',(#1745,#1746,#1747,#1748,#1749,#1750,#1751,#1752,#1753,
#1754));
#2709=FACE_BOUND('',#2536,.T.);
#2710=FACE_BOUND('',#2537,.T.);
#2711=FACE_BOUND('',#2538,.T.);
#2712=FACE_BOUND('',#2539,.T.);
#2713=FACE_BOUND('',#2540,.T.);
#2714=FACE_BOUND('',#2541,.T.);
#2715=FACE_BOUND('',#2542,.T.);
#2716=FACE_BOUND('',#2543,.T.);
#2717=FACE_BOUND('',#2544,.T.);
#2718=FACE_BOUND('',#2545,.T.);
#2719=FACE_BOUND('',#2546,.T.);
#2720=FACE_BOUND('',#2547,.T.);
#2721=FACE_BOUND('',#2548,.T.);
#2722=FACE_BOUND('',#2549,.T.);
#2723=FACE_BOUND('',#2550,.T.);
#2724=FACE_BOUND('',#2551,.T.);
#2725=FACE_BOUND('',#2552,.T.);
#2726=FACE_BOUND('',#2553,.T.);
#2727=FACE_BOUND('',#2554,.T.);
#2728=FACE_BOUND('',#2555,.T.);
#2729=FACE_BOUND('',#2556,.T.);
#2730=FACE_BOUND('',#2557,.T.);
#2731=FACE_BOUND('',#2558,.T.);
#2732=FACE_BOUND('',#2559,.T.);
#2733=FACE_BOUND('',#2560,.T.);
#2734=FACE_BOUND('',#2561,.T.);
#2735=FACE_BOUND('',#2562,.T.);
#2736=FACE_BOUND('',#2563,.T.);
#2737=FACE_BOUND('',#2564,.T.);
#2738=FACE_BOUND('',#2565,.T.);
#2739=FACE_BOUND('',#2566,.T.);
#2740=FACE_BOUND('',#2567,.T.);
#2741=FACE_BOUND('',#2568,.T.);
#2742=FACE_BOUND('',#2569,.T.);
#2743=FACE_BOUND('',#2570,.T.);
#2744=FACE_BOUND('',#2571,.T.);
#2745=FACE_BOUND('',#2572,.T.);
#2746=FACE_BOUND('',#2573,.T.);
#2747=FACE_BOUND('',#2574,.T.);
#2748=FACE_BOUND('',#2575,.T.);
#2749=FACE_BOUND('',#2576,.T.);
#2750=FACE_BOUND('',#2577,.T.);
#2751=FACE_BOUND('',#2578,.T.);
#2752=FACE_BOUND('',#2579,.T.);
#2753=FACE_BOUND('',#2580,.T.);
#2754=FACE_BOUND('',#2581,.T.);
#2755=FACE_BOUND('',#2582,.T.);
#2756=FACE_BOUND('',#2583,.T.);
#2757=FACE_BOUND('',#2584,.T.);
#2758=FACE_BOUND('',#2585,.T.);
#2759=FACE_BOUND('',#2586,.T.);
#2760=FACE_BOUND('',#2587,.T.);
#2761=FACE_BOUND('',#2588,.T.);
#2762=FACE_BOUND('',#2589,.T.);
#2763=FACE_BOUND('',#2590,.T.);
#2764=FACE_BOUND('',#2591,.T.);
#2765=FACE_BOUND('',#2592,.T.);
#2766=FACE_BOUND('',#2593,.T.);
#2767=FACE_BOUND('',#2594,.T.);
#2768=FACE_BOUND('',#2595,.T.);
#2769=FACE_BOUND('',#2596,.T.);
#2770=FACE_BOUND('',#2597,.T.);
#2771=FACE_BOUND('',#2598,.T.);
#2772=FACE_BOUND('',#2599,.T.);
#2773=FACE_BOUND('',#2600,.T.);
#2774=FACE_BOUND('',#2601,.T.);
#2775=FACE_BOUND('',#2602,.T.);
#2776=FACE_BOUND('',#2603,.T.);
#2777=FACE_BOUND('',#2604,.T.);
#2778=FACE_BOUND('',#2605,.T.);
#2779=FACE_BOUND('',#2606,.T.);
#2780=FACE_BOUND('',#2607,.T.);
#2781=FACE_BOUND('',#2608,.T.);
#2782=FACE_BOUND('',#2609,.T.);
#2783=FACE_BOUND('',#2610,.T.);
#2784=FACE_BOUND('',#2611,.T.);
#2785=FACE_BOUND('',#2612,.T.);
#2786=FACE_BOUND('',#2613,.T.);
#2787=FACE_BOUND('',#2614,.T.);
#2788=FACE_BOUND('',#2615,.T.);
#2789=FACE_BOUND('',#2616,.T.);
#2790=FACE_BOUND('',#2617,.T.);
#2791=FACE_BOUND('',#2618,.T.);
#2792=FACE_BOUND('',#2619,.T.);
#2793=FACE_BOUND('',#2620,.T.);
#2794=FACE_BOUND('',#2621,.T.);
#2795=FACE_BOUND('',#2622,.T.);
#2796=FACE_BOUND('',#2623,.T.);
#2797=FACE_BOUND('',#2624,.T.);
#2798=FACE_BOUND('',#2625,.T.);
#2799=FACE_BOUND('',#2626,.T.);
#2800=FACE_BOUND('',#2627,.T.);
#2801=FACE_BOUND('',#2628,.T.);
#2802=FACE_BOUND('',#2629,.T.);
#2803=FACE_BOUND('',#2630,.T.);
#2804=FACE_BOUND('',#2631,.T.);
#2805=FACE_BOUND('',#2632,.T.);
#2806=FACE_BOUND('',#2633,.T.);
#2807=FACE_BOUND('',#2634,.T.);
#2808=FACE_BOUND('',#2635,.T.);
#2809=FACE_BOUND('',#2636,.T.);
#2810=FACE_BOUND('',#2637,.T.);
#2811=FACE_BOUND('',#2638,.T.);
#2812=FACE_BOUND('',#2639,.T.);
#2813=FACE_BOUND('',#2640,.T.);
#2814=FACE_BOUND('',#2641,.T.);
#2815=FACE_BOUND('',#2642,.T.);
#2816=FACE_BOUND('',#2643,.T.);
#2817=FACE_BOUND('',#2644,.T.);
#2818=FACE_BOUND('',#2645,.T.);
#2819=FACE_BOUND('',#2646,.T.);
#2820=FACE_BOUND('',#2647,.T.);
#2821=FACE_BOUND('',#2648,.T.);
#2822=FACE_BOUND('',#2649,.T.);
#2823=FACE_BOUND('',#2650,.T.);
#2824=FACE_BOUND('',#2651,.T.);
#2825=FACE_BOUND('',#2652,.T.);
#2826=FACE_BOUND('',#2653,.T.);
#2827=FACE_BOUND('',#2654,.T.);
#2828=FACE_BOUND('',#2655,.T.);
#2829=FACE_BOUND('',#2656,.T.);
#2830=FACE_BOUND('',#2657,.T.);
#2831=FACE_BOUND('',#2658,.T.);
#2832=FACE_BOUND('',#2659,.T.);
#2833=FACE_BOUND('',#2660,.T.);
#2834=FACE_BOUND('',#2661,.T.);
#2835=FACE_BOUND('',#2662,.T.);
#2836=FACE_BOUND('',#2663,.T.);
#2837=FACE_BOUND('',#2664,.T.);
#2838=FACE_BOUND('',#2665,.T.);
#2839=FACE_BOUND('',#2666,.T.);
#2840=FACE_BOUND('',#2667,.T.);
#2841=FACE_BOUND('',#2668,.T.);
#2842=FACE_BOUND('',#2669,.T.);
#2843=FACE_BOUND('',#2670,.T.);
#2844=FACE_BOUND('',#2671,.T.);
#2845=FACE_BOUND('',#2672,.T.);
#2846=FACE_BOUND('',#2673,.T.);
#2847=FACE_BOUND('',#2674,.T.);
#2848=FACE_BOUND('',#2675,.T.);
#2849=FACE_BOUND('',#2676,.T.);
#2850=FACE_BOUND('',#2677,.T.);
#2851=FACE_BOUND('',#2678,.T.);
#2852=FACE_BOUND('',#2679,.T.);
#2853=FACE_BOUND('',#2680,.T.);
#2854=FACE_BOUND('',#2681,.T.);
#2855=FACE_BOUND('',#2682,.T.);
#2856=FACE_BOUND('',#2683,.T.);
#2857=FACE_BOUND('',#2684,.T.);
#2858=FACE_BOUND('',#2685,.T.);
#2859=FACE_BOUND('',#2686,.T.);
#2860=FACE_BOUND('',#2687,.T.);
#2861=FACE_BOUND('',#2688,.T.);
#2862=FACE_BOUND('',#2689,.T.);
#2863=FACE_BOUND('',#2690,.T.);
#2864=FACE_BOUND('',#2691,.T.);
#2865=FACE_BOUND('',#2692,.T.);
#2866=FACE_BOUND('',#2693,.T.);
#2867=FACE_BOUND('',#2694,.T.);
#2868=FACE_BOUND('',#2695,.T.);
#2869=FACE_BOUND('',#2696,.T.);
#2870=FACE_BOUND('',#2697,.T.);
#2871=FACE_BOUND('',#2698,.T.);
#2872=FACE_BOUND('',#2699,.T.);
#2873=FACE_BOUND('',#2700,.T.);
#2874=FACE_BOUND('',#2701,.T.);
#2875=FACE_BOUND('',#2702,.T.);
#2876=FACE_BOUND('',#2703,.T.);
#2877=FACE_BOUND('',#2704,.T.);
#2878=FACE_BOUND('',#2705,.T.);
#2879=FACE_BOUND('',#2706,.T.);
#2880=FACE_BOUND('',#2707,.T.);
#2881=FACE_BOUND('',#2708,.T.);
#2882=PLANE('',#3144);
#2883=PLANE('',#3153);
#2884=PLANE('',#3154);
#2885=PLANE('',#3155);
#2886=PLANE('',#3156);
#2887=PLANE('',#3157);
#2888=PLANE('',#3158);
#2889=PLANE('',#3159);
#2890=PLANE('',#3160);
#2891=PLANE('',#3161);
#2892=PLANE('',#3162);
#2893=PLANE('',#3163);
#2894=PLANE('',#3164);
#2895=PLANE('',#3165);
#2896=PLANE('',#3166);
#2897=PLANE('',#3167);
#2898=PLANE('',#3168);
#2899=PLANE('',#3169);
#2900=PLANE('',#3170);
#2901=PLANE('',#3179);
#2902=PLANE('',#3180);
#2903=PLANE('',#3181);
#2904=PLANE('',#3182);
#2905=PLANE('',#3183);
#2906=PLANE('',#3184);
#2907=PLANE('',#3185);
#2908=PLANE('',#3186);
#2909=PLANE('',#3187);
#2910=PLANE('',#3188);
#2911=PLANE('',#3189);
#2912=PLANE('',#3190);
#2913=PLANE('',#3191);
#2914=PLANE('',#3192);
#2915=PLANE('',#3193);
#2916=PLANE('',#3194);
#2917=PLANE('',#3195);
#2918=PLANE('',#3196);
#2919=PLANE('',#3197);
#2920=PLANE('',#3200);
#2921=PLANE('',#3201);
#2922=PLANE('',#3202);
#2923=PLANE('',#3203);
#2924=PLANE('',#3204);
#2925=PLANE('',#3205);
#2926=PLANE('',#3206);
#2927=PLANE('',#3207);
#2928=PLANE('',#3208);
#2929=PLANE('',#3209);
#2930=PLANE('',#3210);
#2931=PLANE('',#3211);
#2932=PLANE('',#3212);
#2933=PLANE('',#3215);
#2934=PLANE('',#3216);
#2935=PLANE('',#3217);
#2936=PLANE('',#3218);
#2937=PLANE('',#3219);
#2938=PLANE('',#3220);
#2939=PLANE('',#3221);
#2940=PLANE('',#3222);
#2941=PLANE('',#3223);
#2942=PLANE('',#3224);
#2943=PLANE('',#3225);
#2944=PLANE('',#3226);
#2945=PLANE('',#3227);
#2946=PLANE('',#3228);
#2947=PLANE('',#3231);
#2948=PLANE('',#3232);
#2949=PLANE('',#3233);
#2950=PLANE('',#3236);
#2951=PLANE('',#3237);
#2952=PLANE('',#3238);
#2953=PLANE('',#3239);
#2954=PLANE('',#3240);
#2955=PLANE('',#3241);
#2956=PLANE('',#3242);
#2957=PLANE('',#3243);
#2958=PLANE('',#3244);
#2959=PLANE('',#3245);
#2960=PLANE('',#3246);
#2961=PLANE('',#3247);
#2962=PLANE('',#3248);
#2963=PLANE('',#3249);
#2964=PLANE('',#3250);
#2965=PLANE('',#3251);
#2966=PLANE('',#3252);
#2967=PLANE('',#3253);
#2968=ADVANCED_FACE('',(#2709,#2710,#2711,#2712,#2713,#2714,#2715),#2882,
 .T.);
#2969=ADVANCED_FACE('',(#2716),#2883,.F.);
#2970=ADVANCED_FACE('',(#2717),#2884,.F.);
#2971=ADVANCED_FACE('',(#2718),#2885,.T.);
#2972=ADVANCED_FACE('',(#2719),#2886,.T.);
#2973=ADVANCED_FACE('',(#2720,#2721),#2887,.F.);
#2974=ADVANCED_FACE('',(#2722),#2888,.T.);
#2975=ADVANCED_FACE('',(#2723),#2889,.F.);
#2976=ADVANCED_FACE('',(#2724),#2890,.F.);
#2977=ADVANCED_FACE('',(#2725),#2891,.T.);
#2978=ADVANCED_FACE('',(#2726),#2892,.F.);
#2979=ADVANCED_FACE('',(#2727),#2893,.F.);
#2980=ADVANCED_FACE('',(#2728),#2894,.T.);
#2981=ADVANCED_FACE('',(#2729),#2895,.T.);
#2982=ADVANCED_FACE('',(#2730),#2896,.F.);
#2983=ADVANCED_FACE('',(#2731),#2897,.F.);
#2984=ADVANCED_FACE('',(#2732),#2898,.F.);
#2985=ADVANCED_FACE('',(#2733),#2899,.T.);
#2986=ADVANCED_FACE('',(#2734,#2735),#2900,.F.);
#2987=ADVANCED_FACE('',(#2736),#81,.F.);
#2988=ADVANCED_FACE('',(#2737),#82,.F.);
#2989=ADVANCED_FACE('',(#2738),#83,.F.);
#2990=ADVANCED_FACE('',(#2739),#84,.F.);
#2991=ADVANCED_FACE('',(#2740),#2901,.T.);
#2992=ADVANCED_FACE('',(#2741),#12,.T.);
#2993=ADVANCED_FACE('',(#2742),#2902,.T.);
#2994=ADVANCED_FACE('',(#2743),#13,.T.);
#2995=ADVANCED_FACE('',(#2744),#2903,.T.);
#2996=ADVANCED_FACE('',(#2745),#14,.T.);
#2997=ADVANCED_FACE('',(#2746),#15,.T.);
#2998=ADVANCED_FACE('',(#2747),#2904,.T.);
#2999=ADVANCED_FACE('',(#2748),#16,.T.);
#3000=ADVANCED_FACE('',(#2749),#2905,.T.);
#3001=ADVANCED_FACE('',(#2750),#17,.T.);
#3002=ADVANCED_FACE('',(#2751),#2906,.T.);
#3003=ADVANCED_FACE('',(#2752),#18,.T.);
#3004=ADVANCED_FACE('',(#2753),#2907,.T.);
#3005=ADVANCED_FACE('',(#2754),#19,.T.);
#3006=ADVANCED_FACE('',(#2755),#2908,.T.);
#3007=ADVANCED_FACE('',(#2756),#2909,.T.);
#3008=ADVANCED_FACE('',(#2757),#20,.T.);
#3009=ADVANCED_FACE('',(#2758),#2910,.T.);
#3010=ADVANCED_FACE('',(#2759),#21,.T.);
#3011=ADVANCED_FACE('',(#2760),#2911,.T.);
#3012=ADVANCED_FACE('',(#2761),#22,.T.);
#3013=ADVANCED_FACE('',(#2762),#2912,.T.);
#3014=ADVANCED_FACE('',(#2763),#2913,.T.);
#3015=ADVANCED_FACE('',(#2764),#23,.T.);
#3016=ADVANCED_FACE('',(#2765),#2914,.T.);
#3017=ADVANCED_FACE('',(#2766),#2915,.T.);
#3018=ADVANCED_FACE('',(#2767),#2916,.T.);
#3019=ADVANCED_FACE('',(#2768),#24,.T.);
#3020=ADVANCED_FACE('',(#2769),#2917,.T.);
#3021=ADVANCED_FACE('',(#2770),#25,.T.);
#3022=ADVANCED_FACE('',(#2771),#26,.T.);
#3023=ADVANCED_FACE('',(#2772),#2918,.T.);
#3024=ADVANCED_FACE('',(#2773),#2919,.T.);
#3025=ADVANCED_FACE('',(#2774),#85,.F.);
#3026=ADVANCED_FACE('',(#2775),#27,.T.);
#3027=ADVANCED_FACE('',(#2776),#2920,.T.);
#3028=ADVANCED_FACE('',(#2777),#28,.T.);
#3029=ADVANCED_FACE('',(#2778),#2921,.T.);
#3030=ADVANCED_FACE('',(#2779),#2922,.T.);
#3031=ADVANCED_FACE('',(#2780),#2923,.T.);
#3032=ADVANCED_FACE('',(#2781),#29,.T.);
#3033=ADVANCED_FACE('',(#2782),#2924,.T.);
#3034=ADVANCED_FACE('',(#2783),#30,.T.);
#3035=ADVANCED_FACE('',(#2784),#31,.T.);
#3036=ADVANCED_FACE('',(#2785),#2925,.T.);
#3037=ADVANCED_FACE('',(#2786),#2926,.T.);
#3038=ADVANCED_FACE('',(#2787),#32,.T.);
#3039=ADVANCED_FACE('',(#2788),#33,.T.);
#3040=ADVANCED_FACE('',(#2789),#2927,.T.);
#3041=ADVANCED_FACE('',(#2790),#2928,.T.);
#3042=ADVANCED_FACE('',(#2791),#34,.T.);
#3043=ADVANCED_FACE('',(#2792),#2929,.T.);
#3044=ADVANCED_FACE('',(#2793),#35,.T.);
#3045=ADVANCED_FACE('',(#2794),#36,.T.);
#3046=ADVANCED_FACE('',(#2795),#2930,.T.);
#3047=ADVANCED_FACE('',(#2796),#37,.T.);
#3048=ADVANCED_FACE('',(#2797),#38,.T.);
#3049=ADVANCED_FACE('',(#2798),#2931,.T.);
#3050=ADVANCED_FACE('',(#2799),#2932,.T.);
#3051=ADVANCED_FACE('',(#2800),#86,.F.);
#3052=ADVANCED_FACE('',(#2801),#39,.T.);
#3053=ADVANCED_FACE('',(#2802),#2933,.T.);
#3054=ADVANCED_FACE('',(#2803),#2934,.T.);
#3055=ADVANCED_FACE('',(#2804),#40,.T.);
#3056=ADVANCED_FACE('',(#2805),#2935,.T.);
#3057=ADVANCED_FACE('',(#2806),#41,.T.);
#3058=ADVANCED_FACE('',(#2807),#2936,.T.);
#3059=ADVANCED_FACE('',(#2808),#42,.T.);
#3060=ADVANCED_FACE('',(#2809),#2937,.T.);
#3061=ADVANCED_FACE('',(#2810),#43,.T.);
#3062=ADVANCED_FACE('',(#2811),#44,.T.);
#3063=ADVANCED_FACE('',(#2812),#2938,.T.);
#3064=ADVANCED_FACE('',(#2813),#45,.T.);
#3065=ADVANCED_FACE('',(#2814),#46,.T.);
#3066=ADVANCED_FACE('',(#2815),#47,.T.);
#3067=ADVANCED_FACE('',(#2816,#2817),#2939,.T.);
#3068=ADVANCED_FACE('',(#2818),#2940,.T.);
#3069=ADVANCED_FACE('',(#2819),#48,.T.);
#3070=ADVANCED_FACE('',(#2820),#2941,.T.);
#3071=ADVANCED_FACE('',(#2821),#49,.T.);
#3072=ADVANCED_FACE('',(#2822),#2942,.T.);
#3073=ADVANCED_FACE('',(#2823),#50,.T.);
#3074=ADVANCED_FACE('',(#2824),#51,.T.);
#3075=ADVANCED_FACE('',(#2825),#2943,.T.);
#3076=ADVANCED_FACE('',(#2826),#52,.T.);
#3077=ADVANCED_FACE('',(#2827),#2944,.T.);
#3078=ADVANCED_FACE('',(#2828),#53,.T.);
#3079=ADVANCED_FACE('',(#2829),#2945,.T.);
#3080=ADVANCED_FACE('',(#2830),#2946,.T.);
#3081=ADVANCED_FACE('',(#2831),#54,.T.);
#3082=ADVANCED_FACE('',(#2832),#87,.F.);
#3083=ADVANCED_FACE('',(#2833),#2947,.T.);
#3084=ADVANCED_FACE('',(#2834),#55,.T.);
#3085=ADVANCED_FACE('',(#2835),#56,.T.);
#3086=ADVANCED_FACE('',(#2836),#2948,.T.);
#3087=ADVANCED_FACE('',(#2837),#57,.T.);
#3088=ADVANCED_FACE('',(#2838),#58,.T.);
#3089=ADVANCED_FACE('',(#2839),#2949,.T.);
#3090=ADVANCED_FACE('',(#2840),#88,.F.);
#3091=ADVANCED_FACE('',(#2841),#59,.T.);
#3092=ADVANCED_FACE('',(#2842),#2950,.T.);
#3093=ADVANCED_FACE('',(#2843),#2951,.T.);
#3094=ADVANCED_FACE('',(#2844),#60,.T.);
#3095=ADVANCED_FACE('',(#2845),#2952,.T.);
#3096=ADVANCED_FACE('',(#2846),#61,.T.);
#3097=ADVANCED_FACE('',(#2847),#2953,.T.);
#3098=ADVANCED_FACE('',(#2848),#62,.T.);
#3099=ADVANCED_FACE('',(#2849),#63,.T.);
#3100=ADVANCED_FACE('',(#2850,#2851),#2954,.T.);
#3101=ADVANCED_FACE('',(#2852),#2955,.T.);
#3102=ADVANCED_FACE('',(#2853),#64,.T.);
#3103=ADVANCED_FACE('',(#2854),#65,.T.);
#3104=ADVANCED_FACE('',(#2855),#66,.T.);
#3105=ADVANCED_FACE('',(#2856),#2956,.T.);
#3106=ADVANCED_FACE('',(#2857),#67,.T.);
#3107=ADVANCED_FACE('',(#2858),#2957,.T.);
#3108=ADVANCED_FACE('',(#2859),#68,.T.);
#3109=ADVANCED_FACE('',(#2860),#2958,.T.);
#3110=ADVANCED_FACE('',(#2861),#69,.T.);
#3111=ADVANCED_FACE('',(#2862),#70,.T.);
#3112=ADVANCED_FACE('',(#2863),#2959,.T.);
#3113=ADVANCED_FACE('',(#2864),#71,.T.);
#3114=ADVANCED_FACE('',(#2865),#2960,.T.);
#3115=ADVANCED_FACE('',(#2866),#72,.T.);
#3116=ADVANCED_FACE('',(#2867),#73,.T.);
#3117=ADVANCED_FACE('',(#2868),#74,.T.);
#3118=ADVANCED_FACE('',(#2869),#75,.T.);
#3119=ADVANCED_FACE('',(#2870),#2961,.T.);
#3120=ADVANCED_FACE('',(#2871),#76,.T.);
#3121=ADVANCED_FACE('',(#2872),#2962,.T.);
#3122=ADVANCED_FACE('',(#2873),#77,.T.);
#3123=ADVANCED_FACE('',(#2874),#2963,.T.);
#3124=ADVANCED_FACE('',(#2875),#78,.T.);
#3125=ADVANCED_FACE('',(#2876),#79,.T.);
#3126=ADVANCED_FACE('',(#2877),#2964,.T.);
#3127=ADVANCED_FACE('',(#2878),#80,.T.);
#3128=ADVANCED_FACE('',(#2879),#2965,.T.);
#3129=ADVANCED_FACE('',(#2880),#2966,.T.);
#3130=ADVANCED_FACE('',(#2881),#2967,.T.);
#3131=CLOSED_SHELL('',(#2968,#2969,#2970,#2971,#2972,#2973,#2974,#2975,
#2976,#2977,#2978,#2979,#2980,#2981,#2982,#2983,#2984,#2985,#2986,#2987,
#2988,#2989,#2990,#2991,#2992,#2993,#2994,#2995,#2996,#2997,#2998,#2999,
#3000,#3001,#3002,#3003,#3004,#3005,#3006,#3007,#3008,#3009,#3010,#3011,
#3012,#3013,#3014,#3015,#3016,#3017,#3018,#3019,#3020,#3021,#3022,#3023,
#3024,#3025,#3026,#3027,#3028,#3029,#3030,#3031,#3032,#3033,#3034,#3035,
#3036,#3037,#3038,#3039,#3040,#3041,#3042,#3043,#3044,#3045,#3046,#3047,
#3048,#3049,#3050,#3051,#3052,#3053,#3054,#3055,#3056,#3057,#3058,#3059,
#3060,#3061,#3062,#3063,#3064,#3065,#3066,#3067,#3068,#3069,#3070,#3071,
#3072,#3073,#3074,#3075,#3076,#3077,#3078,#3079,#3080,#3081,#3082,#3083,
#3084,#3085,#3086,#3087,#3088,#3089,#3090,#3091,#3092,#3093,#3094,#3095,
#3096,#3097,#3098,#3099,#3100,#3101,#3102,#3103,#3104,#3105,#3106,#3107,
#3108,#3109,#3110,#3111,#3112,#3113,#3114,#3115,#3116,#3117,#3118,#3119,
#3120,#3121,#3122,#3123,#3124,#3125,#3126,#3127,#3128,#3129,#3130));
#3132=STYLED_ITEM('',(#3133),#3140);
#3133=PRESENTATION_STYLE_ASSIGNMENT((#3134));
#3134=SURFACE_STYLE_USAGE(.BOTH.,#3135);
#3135=SURFACE_SIDE_STYLE('',(#3136));
#3136=SURFACE_STYLE_FILL_AREA(#3137);
#3137=FILL_AREA_STYLE('',(#3138));
#3138=FILL_AREA_STYLE_COLOUR('',#3139);
#3139=COLOUR_RGB('',0.615686274509804,0.811764705882353,0.929411764705882);
#3140=MANIFOLD_SOLID_BREP('Part 1',#3131);
#3141=SHAPE_DEFINITION_REPRESENTATION(#5475,#3142);
#3142=SHAPE_REPRESENTATION('Part 1',(#3143),#5470);
#3143=AXIS2_PLACEMENT_3D('',#3781,#3254,#3255);
#3144=AXIS2_PLACEMENT_3D('',#3782,#3256,#3257);
#3145=AXIS2_PLACEMENT_3D('',#3783,#3258,#3259);
#3146=AXIS2_PLACEMENT_3D('',#3842,#3272,#3273);
#3147=AXIS2_PLACEMENT_3D('',#3846,#3275,#3276);
#3148=AXIS2_PLACEMENT_3D('',#3850,#3278,#3279);
#3149=AXIS2_PLACEMENT_3D('',#3854,#3281,#3282);
#3150=AXIS2_PLACEMENT_3D('',#3970,#3302,#3303);
#3151=AXIS2_PLACEMENT_3D('',#4026,#3315,#3316);
#3152=AXIS2_PLACEMENT_3D('',#4050,#3320,#3321);
#3153=AXIS2_PLACEMENT_3D('',#4147,#3334,#3335);
#3154=AXIS2_PLACEMENT_3D('',#4156,#3340,#3341);
#3155=AXIS2_PLACEMENT_3D('',#4162,#3345,#3346);
#3156=AXIS2_PLACEMENT_3D('',#4168,#3350,#3351);
#3157=AXIS2_PLACEMENT_3D('',#4179,#3358,#3359);
#3158=AXIS2_PLACEMENT_3D('',#4193,#3367,#3368);
#3159=AXIS2_PLACEMENT_3D('',#4196,#3371,#3372);
#3160=AXIS2_PLACEMENT_3D('',#4198,#3374,#3375);
#3161=AXIS2_PLACEMENT_3D('',#4200,#3377,#3378);
#3162=AXIS2_PLACEMENT_3D('',#4201,#3379,#3380);
#3163=AXIS2_PLACEMENT_3D('',#4205,#3383,#3384);
#3164=AXIS2_PLACEMENT_3D('',#4209,#3387,#3388);
#3165=AXIS2_PLACEMENT_3D('',#4211,#3390,#3391);
#3166=AXIS2_PLACEMENT_3D('',#4212,#3392,#3393);
#3167=AXIS2_PLACEMENT_3D('',#4218,#3397,#3398);
#3168=AXIS2_PLACEMENT_3D('',#4224,#3402,#3403);
#3169=AXIS2_PLACEMENT_3D('',#4230,#3407,#3408);
#3170=AXIS2_PLACEMENT_3D('',#4236,#3412,#3413);
#3171=AXIS2_PLACEMENT_3D('',#4237,#3414,#3415);
#3172=AXIS2_PLACEMENT_3D('',#4238,#3416,#3417);
#3173=AXIS2_PLACEMENT_3D('',#4239,#3418,#3419);
#3174=AXIS2_PLACEMENT_3D('',#4240,#3420,#3421);
#3175=AXIS2_PLACEMENT_3D('',#4241,#3422,#3423);
#3176=AXIS2_PLACEMENT_3D('',#4242,#3424,#3425);
#3177=AXIS2_PLACEMENT_3D('',#4243,#3426,#3427);
#3178=AXIS2_PLACEMENT_3D('',#4244,#3428,#3429);
#3179=AXIS2_PLACEMENT_3D('',#4245,#3430,#3431);
#3180=AXIS2_PLACEMENT_3D('',#4264,#3436,#3437);
#3181=AXIS2_PLACEMENT_3D('',#4281,#3441,#3442);
#3182=AXIS2_PLACEMENT_3D('',#4311,#3447,#3448);
#3183=AXIS2_PLACEMENT_3D('',#4328,#3452,#3453);
#3184=AXIS2_PLACEMENT_3D('',#4345,#3457,#3458);
#3185=AXIS2_PLACEMENT_3D('',#4362,#3462,#3463);
#3186=AXIS2_PLACEMENT_3D('',#4379,#3467,#3468);
#3187=AXIS2_PLACEMENT_3D('',#4383,#3471,#3472);
#3188=AXIS2_PLACEMENT_3D('',#4400,#3476,#3477);
#3189=AXIS2_PLACEMENT_3D('',#4417,#3481,#3482);
#3190=AXIS2_PLACEMENT_3D('',#4432,#3485,#3486);
#3191=AXIS2_PLACEMENT_3D('',#4433,#3487,#3488);
#3192=AXIS2_PLACEMENT_3D('',#4452,#3493,#3494);
#3193=AXIS2_PLACEMENT_3D('',#4456,#3497,#3498);
#3194=AXIS2_PLACEMENT_3D('',#4460,#3501,#3502);
#3195=AXIS2_PLACEMENT_3D('',#4477,#3506,#3507);
#3196=AXIS2_PLACEMENT_3D('',#4507,#3512,#3513);
#3197=AXIS2_PLACEMENT_3D('',#4511,#3516,#3517);
#3198=AXIS2_PLACEMENT_3D('',#4515,#3520,#3521);
#3199=AXIS2_PLACEMENT_3D('',#4518,#3523,#3524);
#3200=AXIS2_PLACEMENT_3D('',#4532,#3526,#3527);
#3201=AXIS2_PLACEMENT_3D('',#4549,#3531,#3532);
#3202=AXIS2_PLACEMENT_3D('',#4553,#3535,#3536);
#3203=AXIS2_PLACEMENT_3D('',#4557,#3539,#3540);
#3204=AXIS2_PLACEMENT_3D('',#4574,#3544,#3545);
#3205=AXIS2_PLACEMENT_3D('',#4604,#3550,#3551);
#3206=AXIS2_PLACEMENT_3D('',#4608,#3554,#3555);
#3207=AXIS2_PLACEMENT_3D('',#4636,#3559,#3560);
#3208=AXIS2_PLACEMENT_3D('',#4637,#3561,#3562);
#3209=AXIS2_PLACEMENT_3D('',#4663,#3568,#3569);
#3210=AXIS2_PLACEMENT_3D('',#4703,#3575,#3576);
#3211=AXIS2_PLACEMENT_3D('',#4743,#3582,#3583);
#3212=AXIS2_PLACEMENT_3D('',#4749,#3587,#3588);
#3213=AXIS2_PLACEMENT_3D('',#4755,#3592,#3593);
#3214=AXIS2_PLACEMENT_3D('',#4758,#3595,#3596);
#3215=AXIS2_PLACEMENT_3D('',#4772,#3598,#3599);
#3216=AXIS2_PLACEMENT_3D('',#4776,#3602,#3603);
#3217=AXIS2_PLACEMENT_3D('',#4793,#3607,#3608);
#3218=AXIS2_PLACEMENT_3D('',#4810,#3612,#3613);
#3219=AXIS2_PLACEMENT_3D('',#4827,#3617,#3618);
#3220=AXIS2_PLACEMENT_3D('',#4857,#3623,#3624);
#3221=AXIS2_PLACEMENT_3D('',#4899,#3628,#3629);
#3222=AXIS2_PLACEMENT_3D('',#4900,#3630,#3631);
#3223=AXIS2_PLACEMENT_3D('',#4926,#3637,#3638);
#3224=AXIS2_PLACEMENT_3D('',#4949,#3643,#3644);
#3225=AXIS2_PLACEMENT_3D('',#4989,#3650,#3651);
#3226=AXIS2_PLACEMENT_3D('',#5012,#3656,#3657);
#3227=AXIS2_PLACEMENT_3D('',#5031,#3662,#3663);
#3228=AXIS2_PLACEMENT_3D('',#5035,#3666,#3667);
#3229=AXIS2_PLACEMENT_3D('',#5052,#3671,#3672);
#3230=AXIS2_PLACEMENT_3D('',#5055,#3674,#3675);
#3231=AXIS2_PLACEMENT_3D('',#5056,#3676,#3677);
#3232=AXIS2_PLACEMENT_3D('',#5086,#3682,#3683);
#3233=AXIS2_PLACEMENT_3D('',#5116,#3688,#3689);
#3234=AXIS2_PLACEMENT_3D('',#5120,#3692,#3693);
#3235=AXIS2_PLACEMENT_3D('',#5123,#3695,#3696);
#3236=AXIS2_PLACEMENT_3D('',#5137,#3698,#3699);
#3237=AXIS2_PLACEMENT_3D('',#5141,#3702,#3703);
#3238=AXIS2_PLACEMENT_3D('',#5158,#3707,#3708);
#3239=AXIS2_PLACEMENT_3D('',#5175,#3712,#3713);
#3240=AXIS2_PLACEMENT_3D('',#5204,#3716,#3717);
#3241=AXIS2_PLACEMENT_3D('',#5205,#3718,#3719);
#3242=AXIS2_PLACEMENT_3D('',#5250,#3726,#3727);
#3243=AXIS2_PLACEMENT_3D('',#5267,#3731,#3732);
#3244=AXIS2_PLACEMENT_3D('',#5284,#3736,#3737);
#3245=AXIS2_PLACEMENT_3D('',#5314,#3742,#3743);
#3246=AXIS2_PLACEMENT_3D('',#5331,#3747,#3748);
#3247=AXIS2_PLACEMENT_3D('',#5387,#3755,#3756);
#3248=AXIS2_PLACEMENT_3D('',#5404,#3760,#3761);
#3249=AXIS2_PLACEMENT_3D('',#5421,#3765,#3766);
#3250=AXIS2_PLACEMENT_3D('',#5451,#3771,#3772);
#3251=AXIS2_PLACEMENT_3D('',#5466,#3775,#3776);
#3252=AXIS2_PLACEMENT_3D('',#5467,#3777,#3778);
#3253=AXIS2_PLACEMENT_3D('',#5468,#3779,#3780);
#3254=DIRECTION('',(0.,0.,1.));
#3255=DIRECTION('',(1.,0.,0.));
#3256=DIRECTION('',(0.,-1.,0.));
#3257=DIRECTION('',(1.,0.,0.));
#3258=DIRECTION('',(0.,-1.,0.));
#3259=DIRECTION('',(0.,0.,-1.));
#3260=DIRECTION('',(0.,0.,-1.));
#3261=DIRECTION('',(-1.,0.,0.));
#3262=DIRECTION('',(0.,0.,1.));
#3263=DIRECTION('',(1.,0.,0.));
#3264=DIRECTION('',(0.,0.,-1.));
#3265=DIRECTION('',(-1.,0.,0.));
#3266=DIRECTION('',(0.,0.,-1.));
#3267=DIRECTION('',(0.,0.,1.));
#3268=DIRECTION('',(-1.,0.,-1.13826999736011E-16));
#3269=DIRECTION('',(0.,0.,1.));
#3270=DIRECTION('',(-1.,0.,-1.70740499604017E-16));
#3271=DIRECTION('',(0.,0.,-1.));
#3272=DIRECTION('',(0.,-1.,0.));
#3273=DIRECTION('',(0.,0.,-1.));
#3274=DIRECTION('',(-1.,0.,-9.42016549539401E-17));
#3275=DIRECTION('',(0.,-1.,0.));
#3276=DIRECTION('',(0.,0.,-1.));
#3277=DIRECTION('',(-2.33491281509766E-16,0.,1.));
#3278=DIRECTION('',(0.,-1.,0.));
#3279=DIRECTION('',(0.,0.,-1.));
#3280=DIRECTION('',(-1.,0.,9.42016549539401E-17));
#3281=DIRECTION('',(0.,-1.,0.));
#3282=DIRECTION('',(0.,0.,-1.));
#3283=DIRECTION('',(0.,0.,-1.));
#3284=DIRECTION('',(-1.,0.,0.));
#3285=DIRECTION('',(0.,0.,1.));
#3286=DIRECTION('',(1.,0.,0.));
#3287=DIRECTION('',(0.,0.,1.));
#3288=DIRECTION('',(0.,0.,1.));
#3289=DIRECTION('',(1.,0.,0.));
#3290=DIRECTION('',(0.,0.,-1.));
#3291=DIRECTION('',(-1.,0.,0.));
#3292=DIRECTION('',(0.,0.,-1.));
#3293=DIRECTION('',(1.,0.,0.));
#3294=DIRECTION('',(0.,0.,-1.));
#3295=DIRECTION('',(-0.892694197267775,0.,0.450662922997269));
#3296=DIRECTION('',(-0.889420553992798,0.,-0.457089792201866));
#3297=DIRECTION('',(0.,0.,1.));
#3298=DIRECTION('',(0.914686604094761,0.,0.404163848320942));
#3299=DIRECTION('',(0.,0.,1.));
#3300=DIRECTION('',(-0.916401724491268,0.,0.400259764839574));
#3301=DIRECTION('',(0.,0.,1.));
#3302=DIRECTION('',(0.,-1.,0.));
#3303=DIRECTION('',(0.,0.,-1.));
#3304=DIRECTION('',(0.886482956581518,0.,-0.462761242640836));
#3305=DIRECTION('',(0.892138571807843,0.,0.451761849532098));
#3306=DIRECTION('',(0.,0.,-1.));
#3307=DIRECTION('',(-0.909168618323103,0.,-0.416428173226141));
#3308=DIRECTION('',(0.,0.,-1.));
#3309=DIRECTION('',(0.907420544667725,0.,-0.420223696517616));
#3310=DIRECTION('',(0.,0.,-1.));
#3311=DIRECTION('',(-1.,0.,0.));
#3312=DIRECTION('',(0.,0.,1.));
#3313=DIRECTION('',(1.,0.,0.));
#3314=DIRECTION('',(0.,0.,1.));
#3315=DIRECTION('',(0.,-1.,0.));
#3316=DIRECTION('',(0.,0.,-1.));
#3317=DIRECTION('',(0.,0.,1.));
#3318=DIRECTION('',(1.,0.,0.));
#3319=DIRECTION('',(0.,0.,-1.));
#3320=DIRECTION('',(0.,-1.,0.));
#3321=DIRECTION('',(0.,0.,-1.));
#3322=DIRECTION('',(0.,0.,-1.));
#3323=DIRECTION('',(1.,0.,0.));
#3324=DIRECTION('',(0.,0.,-1.));
#3325=DIRECTION('',(-1.,0.,0.));
#3326=DIRECTION('',(0.,0.,1.));
#3327=DIRECTION('',(-1.,0.,0.));
#3328=DIRECTION('',(-0.485994571053941,0.,-0.873961828060068));
#3329=DIRECTION('',(0.,0.,1.));
#3330=DIRECTION('',(1.,0.,0.));
#3331=DIRECTION('',(0.,0.,-1.));
#3332=DIRECTION('',(1.,0.,0.));
#3333=DIRECTION('',(0.510969109417728,0.,0.859599074697532));
#3334=DIRECTION('',(-1.6069694080378E-16,0.,-1.));
#3335=DIRECTION('',(-1.,0.,1.6069694080378E-16));
#3336=DIRECTION('',(-1.,0.,1.6069694080378E-16));
#3337=DIRECTION('',(0.,1.,0.));
#3338=DIRECTION('',(-1.,0.,1.6069694080378E-16));
#3339=DIRECTION('',(0.,1.,0.));
#3340=DIRECTION('',(-1.,0.,0.));
#3341=DIRECTION('',(0.,0.,1.));
#3342=DIRECTION('',(0.,0.,1.));
#3343=DIRECTION('',(0.,0.,1.));
#3344=DIRECTION('',(0.,1.,0.));
#3345=DIRECTION('',(-1.6069694080378E-16,0.,-1.));
#3346=DIRECTION('',(-1.,0.,1.6069694080378E-16));
#3347=DIRECTION('',(0.,1.,0.));
#3348=DIRECTION('',(-1.,0.,1.6069694080378E-16));
#3349=DIRECTION('',(-1.,0.,1.6069694080378E-16));
#3350=DIRECTION('',(-1.,0.,3.03538665962696E-16));
#3351=DIRECTION('',(3.03538665962696E-16,0.,1.));
#3352=DIRECTION('',(3.03538665962696E-16,0.,1.));
#3353=DIRECTION('',(3.03538665962696E-16,0.,1.));
#3354=DIRECTION('',(0.,1.,0.));
#3355=DIRECTION('',(3.03538665962696E-16,0.,1.));
#3356=DIRECTION('',(0.,1.,0.));
#3357=DIRECTION('',(3.03538665962696E-16,0.,1.));
#3358=DIRECTION('',(0.,-1.,0.));
#3359=DIRECTION('',(1.,0.,0.));
#3360=DIRECTION('',(-1.,0.,-1.70740499604017E-16));
#3361=DIRECTION('',(0.,0.,1.));
#3362=DIRECTION('',(-1.,0.,-1.13826999736011E-16));
#3363=DIRECTION('',(0.,0.,1.));
#3364=DIRECTION('',(1.,0.,0.));
#3365=DIRECTION('',(1.,0.,0.));
#3366=DIRECTION('',(-2.48349817605842E-16,0.,-1.));
#3367=DIRECTION('',(1.70740499604017E-16,0.,-1.));
#3368=DIRECTION('',(-1.,0.,-1.70740499604017E-16));
#3369=DIRECTION('',(0.,1.,0.));
#3370=DIRECTION('',(0.,1.,0.));
#3371=DIRECTION('',(-1.,0.,0.));
#3372=DIRECTION('',(0.,0.,1.));
#3373=DIRECTION('',(0.,1.,0.));
#3374=DIRECTION('',(1.13826999736011E-16,0.,-1.));
#3375=DIRECTION('',(-1.,0.,-1.13826999736011E-16));
#3376=DIRECTION('',(0.,1.,0.));
#3377=DIRECTION('',(-1.,0.,0.));
#3378=DIRECTION('',(0.,0.,1.));
#3379=DIRECTION('',(0.,0.,1.));
#3380=DIRECTION('',(1.,0.,0.));
#3381=DIRECTION('',(0.,1.,0.));
#3382=DIRECTION('',(1.,0.,0.));
#3383=DIRECTION('',(1.,0.,-2.48349817605842E-16));
#3384=DIRECTION('',(-2.48349817605842E-16,0.,-1.));
#3385=DIRECTION('',(0.,1.,0.));
#3386=DIRECTION('',(-2.48349817605842E-16,0.,-1.));
#3387=DIRECTION('',(0.,0.,1.));
#3388=DIRECTION('',(1.,0.,0.));
#3389=DIRECTION('',(1.,0.,0.));
#3390=DIRECTION('',(0.,1.,0.));
#3391=DIRECTION('',(-1.,0.,0.));
#3392=DIRECTION('',(-1.,0.,0.));
#3393=DIRECTION('',(0.,0.,1.));
#3394=DIRECTION('',(0.,-1.,0.));
#3395=DIRECTION('',(0.,0.,-1.));
#3396=DIRECTION('',(0.,-1.,0.));
#3397=DIRECTION('',(-9.42016549539401E-17,0.,1.));
#3398=DIRECTION('',(1.,0.,9.42016549539401E-17));
#3399=DIRECTION('',(0.,-1.,0.));
#3400=DIRECTION('',(-1.,0.,-9.42016549539401E-17));
#3401=DIRECTION('',(0.,-1.,0.));
#3402=DIRECTION('',(1.,0.,2.33491281509766E-16));
#3403=DIRECTION('',(2.33491281509766E-16,0.,-1.));
#3404=DIRECTION('',(-2.33491281509766E-16,0.,1.));
#3405=DIRECTION('',(0.,-1.,0.));
#3406=DIRECTION('',(0.,-1.,0.));
#3407=DIRECTION('',(9.42016549539401E-17,0.,1.));
#3408=DIRECTION('',(1.,0.,-9.42016549539401E-17));
#3409=DIRECTION('',(0.,-1.,0.));
#3410=DIRECTION('',(-1.,0.,9.42016549539401E-17));
#3411=DIRECTION('',(0.,-1.,0.));
#3412=DIRECTION('',(0.,-1.,0.));
#3413=DIRECTION('',(1.,0.,0.));
#3414=DIRECTION('',(0.,-1.,0.));
#3415=DIRECTION('',(0.,0.,-1.));
#3416=DIRECTION('',(0.,-1.,0.));
#3417=DIRECTION('',(0.,0.,-1.));
#3418=DIRECTION('',(0.,-1.,0.));
#3419=DIRECTION('',(0.,0.,-1.));
#3420=DIRECTION('',(0.,-1.,0.));
#3421=DIRECTION('',(0.,0.,-1.));
#3422=DIRECTION('',(0.,-1.,0.));
#3423=DIRECTION('',(0.,0.,-1.));
#3424=DIRECTION('',(0.,-1.,0.));
#3425=DIRECTION('',(0.,0.,-1.));
#3426=DIRECTION('',(0.,1.,0.));
#3427=DIRECTION('',(0.,0.,1.));
#3428=DIRECTION('',(0.,1.,0.));
#3429=DIRECTION('',(0.,0.,1.));
#3430=DIRECTION('',(-1.,0.,0.));
#3431=DIRECTION('',(0.,0.,1.));
#3432=DIRECTION('',(0.,-1.,0.));
#3433=DIRECTION('',(0.,0.,-1.));
#3434=DIRECTION('',(0.,-1.,0.));
#3435=DIRECTION('',(0.,-1.,0.));
#3436=DIRECTION('',(0.,0.,-1.));
#3437=DIRECTION('',(-1.,0.,0.));
#3438=DIRECTION('',(0.,-1.,0.));
#3439=DIRECTION('',(1.,0.,0.));
#3440=DIRECTION('',(0.,-1.,0.));
#3441=DIRECTION('',(-1.,0.,0.));
#3442=DIRECTION('',(0.,0.,1.));
#3443=DIRECTION('',(0.,-1.,0.));
#3444=DIRECTION('',(0.,0.,-1.));
#3445=DIRECTION('',(0.,-1.,0.));
#3446=DIRECTION('',(0.,-1.,0.));
#3447=DIRECTION('',(0.,0.,1.));
#3448=DIRECTION('',(1.,0.,0.));
#3449=DIRECTION('',(0.,-1.,0.));
#3450=DIRECTION('',(-1.,0.,0.));
#3451=DIRECTION('',(0.,-1.,0.));
#3452=DIRECTION('',(-1.,0.,0.));
#3453=DIRECTION('',(0.,0.,1.));
#3454=DIRECTION('',(0.,-1.,0.));
#3455=DIRECTION('',(0.,0.,-1.));
#3456=DIRECTION('',(0.,-1.,0.));
#3457=DIRECTION('',(0.,0.,-1.));
#3458=DIRECTION('',(-1.,0.,0.));
#3459=DIRECTION('',(0.,-1.,0.));
#3460=DIRECTION('',(1.,0.,0.));
#3461=DIRECTION('',(0.,-1.,0.));
#3462=DIRECTION('',(1.,0.,0.));
#3463=DIRECTION('',(0.,0.,-1.));
#3464=DIRECTION('',(0.,-1.,0.));
#3465=DIRECTION('',(0.,0.,1.));
#3466=DIRECTION('',(0.,-1.,0.));
#3467=DIRECTION('',(1.,0.,0.));
#3468=DIRECTION('',(0.,0.,-1.));
#3469=DIRECTION('',(0.,-1.,0.));
#3470=DIRECTION('',(0.,0.,1.));
#3471=DIRECTION('',(0.,0.,-1.));
#3472=DIRECTION('',(-1.,0.,0.));
#3473=DIRECTION('',(0.,-1.,0.));
#3474=DIRECTION('',(1.,0.,0.));
#3475=DIRECTION('',(0.,-1.,0.));
#3476=DIRECTION('',(1.,0.,0.));
#3477=DIRECTION('',(0.,0.,-1.));
#3478=DIRECTION('',(0.,-1.,0.));
#3479=DIRECTION('',(0.,0.,1.));
#3480=DIRECTION('',(0.,-1.,0.));
#3481=DIRECTION('',(0.,0.,1.));
#3482=DIRECTION('',(1.,0.,0.));
#3483=DIRECTION('',(0.,-1.,0.));
#3484=DIRECTION('',(-1.,0.,0.));
#3485=DIRECTION('',(0.,-1.,0.));
#3486=DIRECTION('',(1.,0.,0.));
#3487=DIRECTION('',(-1.,0.,0.));
#3488=DIRECTION('',(0.,0.,1.));
#3489=DIRECTION('',(0.,-1.,0.));
#3490=DIRECTION('',(0.,0.,-1.));
#3491=DIRECTION('',(0.,-1.,0.));
#3492=DIRECTION('',(0.,-1.,0.));
#3493=DIRECTION('',(-0.420223696517616,0.,-0.907420544667725));
#3494=DIRECTION('',(-0.907420544667725,0.,0.420223696517616));
#3495=DIRECTION('',(0.,-1.,0.));
#3496=DIRECTION('',(0.907420544667725,0.,-0.420223696517616));
#3497=DIRECTION('',(-1.,0.,0.));
#3498=DIRECTION('',(0.,0.,1.));
#3499=DIRECTION('',(0.,-1.,0.));
#3500=DIRECTION('',(0.,0.,-1.));
#3501=DIRECTION('',(-0.416428173226141,0.,0.909168618323103));
#3502=DIRECTION('',(0.909168618323103,0.,0.416428173226141));
#3503=DIRECTION('',(0.,-1.,0.));
#3504=DIRECTION('',(-0.909168618323103,0.,-0.416428173226141));
#3505=DIRECTION('',(0.,-1.,0.));
#3506=DIRECTION('',(-1.,0.,0.));
#3507=DIRECTION('',(0.,0.,1.));
#3508=DIRECTION('',(0.,-1.,0.));
#3509=DIRECTION('',(0.,0.,-1.));
#3510=DIRECTION('',(0.,-1.,0.));
#3511=DIRECTION('',(0.,-1.,0.));
#3512=DIRECTION('',(0.451761849532098,0.,-0.892138571807843));
#3513=DIRECTION('',(-0.892138571807843,0.,-0.451761849532098));
#3514=DIRECTION('',(0.,-1.,0.));
#3515=DIRECTION('',(0.892138571807843,0.,0.451761849532098));
#3516=DIRECTION('',(-0.462761242640836,0.,-0.886482956581518));
#3517=DIRECTION('',(-0.886482956581518,0.,0.462761242640836));
#3518=DIRECTION('',(0.,-1.,0.));
#3519=DIRECTION('',(0.886482956581518,0.,-0.462761242640836));
#3520=DIRECTION('',(0.,-1.,0.));
#3521=DIRECTION('',(-0.0325894298131761,0.,0.999468823457967));
#3522=DIRECTION('',(0.,-1.,0.));
#3523=DIRECTION('',(0.,-1.,0.));
#3524=DIRECTION('',(0.,0.,-1.));
#3525=DIRECTION('',(0.,-1.,0.));
#3526=DIRECTION('',(1.,0.,0.));
#3527=DIRECTION('',(0.,0.,-1.));
#3528=DIRECTION('',(0.,-1.,0.));
#3529=DIRECTION('',(0.,0.,1.));
#3530=DIRECTION('',(0.,-1.,0.));
#3531=DIRECTION('',(0.400259764839574,0.,0.916401724491268));
#3532=DIRECTION('',(0.916401724491268,0.,-0.400259764839574));
#3533=DIRECTION('',(0.,-1.,0.));
#3534=DIRECTION('',(-0.916401724491268,0.,0.400259764839574));
#3535=DIRECTION('',(1.,0.,0.));
#3536=DIRECTION('',(0.,0.,-1.));
#3537=DIRECTION('',(0.,-1.,0.));
#3538=DIRECTION('',(0.,0.,1.));
#3539=DIRECTION('',(0.404163848320942,0.,-0.914686604094761));
#3540=DIRECTION('',(-0.914686604094761,0.,-0.404163848320942));
#3541=DIRECTION('',(0.,-1.,0.));
#3542=DIRECTION('',(0.914686604094761,0.,0.404163848320942));
#3543=DIRECTION('',(0.,-1.,0.));
#3544=DIRECTION('',(1.,0.,0.));
#3545=DIRECTION('',(0.,0.,-1.));
#3546=DIRECTION('',(0.,-1.,0.));
#3547=DIRECTION('',(0.,0.,1.));
#3548=DIRECTION('',(0.,-1.,0.));
#3549=DIRECTION('',(0.,-1.,0.));
#3550=DIRECTION('',(-0.457089792201866,0.,0.889420553992797));
#3551=DIRECTION('',(0.889420553992798,0.,0.457089792201866));
#3552=DIRECTION('',(0.,-1.,0.));
#3553=DIRECTION('',(-0.889420553992798,0.,-0.457089792201866));
#3554=DIRECTION('',(0.450662922997269,0.,0.892694197267775));
#3555=DIRECTION('',(0.892694197267775,0.,-0.450662922997269));
#3556=DIRECTION('',(0.,-1.,0.));
#3557=DIRECTION('',(-0.892694197267775,0.,0.450662922997269));
#3558=DIRECTION('',(0.,-1.,0.));
#3559=DIRECTION('',(0.,-1.,0.));
#3560=DIRECTION('',(1.,0.,0.));
#3561=DIRECTION('',(0.,0.,1.));
#3562=DIRECTION('',(1.,0.,0.));
#3563=DIRECTION('',(-1.,0.,0.));
#3564=DIRECTION('',(0.,-1.,0.));
#3565=DIRECTION('',(-1.,0.,0.));
#3566=DIRECTION('',(0.,-1.,0.));
#3567=DIRECTION('',(0.,-1.,0.));
#3568=DIRECTION('',(1.,0.,0.));
#3569=DIRECTION('',(0.,0.,-1.));
#3570=DIRECTION('',(0.,0.,1.));
#3571=DIRECTION('',(0.,-1.,0.));
#3572=DIRECTION('',(0.,0.,1.));
#3573=DIRECTION('',(0.,-1.,0.));
#3574=DIRECTION('',(0.,-1.,0.));
#3575=DIRECTION('',(0.,0.,-1.));
#3576=DIRECTION('',(-1.,0.,0.));
#3577=DIRECTION('',(1.,0.,0.));
#3578=DIRECTION('',(0.,-1.,0.));
#3579=DIRECTION('',(1.,0.,0.));
#3580=DIRECTION('',(0.,-1.,0.));
#3581=DIRECTION('',(0.,-1.,0.));
#3582=DIRECTION('',(-1.,0.,0.));
#3583=DIRECTION('',(0.,0.,1.));
#3584=DIRECTION('',(0.,0.,-1.));
#3585=DIRECTION('',(0.,-1.,0.));
#3586=DIRECTION('',(0.,0.,-1.));
#3587=DIRECTION('',(-1.,0.,0.));
#3588=DIRECTION('',(0.,0.,1.));
#3589=DIRECTION('',(0.,-1.,0.));
#3590=DIRECTION('',(0.,0.,-1.));
#3591=DIRECTION('',(0.,-1.,0.));
#3592=DIRECTION('',(0.,-1.,0.));
#3593=DIRECTION('',(0.974709301190142,0.,0.223476571866996));
#3594=DIRECTION('',(0.,-1.,0.));
#3595=DIRECTION('',(0.,-1.,0.));
#3596=DIRECTION('',(0.,0.,-1.));
#3597=DIRECTION('',(0.,-1.,0.));
#3598=DIRECTION('',(-1.,0.,0.));
#3599=DIRECTION('',(0.,0.,1.));
#3600=DIRECTION('',(0.,-1.,0.));
#3601=DIRECTION('',(0.,0.,-1.));
#3602=DIRECTION('',(0.,0.,1.));
#3603=DIRECTION('',(1.,0.,0.));
#3604=DIRECTION('',(0.,-1.,0.));
#3605=DIRECTION('',(-1.,0.,0.));
#3606=DIRECTION('',(0.,-1.,0.));
#3607=DIRECTION('',(-1.,0.,0.));
#3608=DIRECTION('',(0.,0.,1.));
#3609=DIRECTION('',(0.,-1.,0.));
#3610=DIRECTION('',(0.,0.,-1.));
#3611=DIRECTION('',(0.,-1.,0.));
#3612=DIRECTION('',(0.,0.,-1.));
#3613=DIRECTION('',(-1.,0.,0.));
#3614=DIRECTION('',(0.,-1.,0.));
#3615=DIRECTION('',(1.,0.,0.));
#3616=DIRECTION('',(0.,-1.,0.));
#3617=DIRECTION('',(1.,0.,0.));
#3618=DIRECTION('',(0.,0.,-1.));
#3619=DIRECTION('',(0.,-1.,0.));
#3620=DIRECTION('',(0.,0.,1.));
#3621=DIRECTION('',(0.,-1.,0.));
#3622=DIRECTION('',(0.,-1.,0.));
#3623=DIRECTION('',(0.,0.,1.));
#3624=DIRECTION('',(1.,0.,0.));
#3625=DIRECTION('',(0.,-1.,0.));
#3626=DIRECTION('',(-1.,0.,0.));
#3627=DIRECTION('',(0.,-1.,0.));
#3628=DIRECTION('',(0.,-1.,0.));
#3629=DIRECTION('',(1.,0.,0.));
#3630=DIRECTION('',(1.,0.,0.));
#3631=DIRECTION('',(0.,0.,-1.));
#3632=DIRECTION('',(0.,0.,1.));
#3633=DIRECTION('',(0.,-1.,0.));
#3634=DIRECTION('',(0.,0.,1.));
#3635=DIRECTION('',(0.,-1.,0.));
#3636=DIRECTION('',(0.,-1.,0.));
#3637=DIRECTION('',(0.,0.,-1.));
#3638=DIRECTION('',(-1.,0.,0.));
#3639=DIRECTION('',(1.,0.,0.));
#3640=DIRECTION('',(0.,-1.,0.));
#3641=DIRECTION('',(1.,0.,0.));
#3642=DIRECTION('',(0.,-1.,0.));
#3643=DIRECTION('',(-1.,0.,0.));
#3644=DIRECTION('',(0.,0.,1.));
#3645=DIRECTION('',(0.,0.,-1.));
#3646=DIRECTION('',(0.,-1.,0.));
#3647=DIRECTION('',(0.,0.,-1.));
#3648=DIRECTION('',(0.,-1.,0.));
#3649=DIRECTION('',(0.,-1.,0.));
#3650=DIRECTION('',(0.,0.,1.));
#3651=DIRECTION('',(1.,0.,0.));
#3652=DIRECTION('',(-1.,0.,0.));
#3653=DIRECTION('',(0.,-1.,0.));
#3654=DIRECTION('',(-1.,0.,0.));
#3655=DIRECTION('',(0.,-1.,0.));
#3656=DIRECTION('',(-1.,0.,0.));
#3657=DIRECTION('',(0.,0.,1.));
#3658=DIRECTION('',(0.,-1.,0.));
#3659=DIRECTION('',(0.,0.,-1.));
#3660=DIRECTION('',(0.,-1.,0.));
#3661=DIRECTION('',(0.,-1.,0.));
#3662=DIRECTION('',(0.,0.,-1.));
#3663=DIRECTION('',(-1.,0.,0.));
#3664=DIRECTION('',(0.,-1.,0.));
#3665=DIRECTION('',(1.,0.,0.));
#3666=DIRECTION('',(-1.,0.,0.));
#3667=DIRECTION('',(0.,0.,1.));
#3668=DIRECTION('',(0.,-1.,0.));
#3669=DIRECTION('',(0.,0.,-1.));
#3670=DIRECTION('',(0.,-1.,0.));
#3671=DIRECTION('',(0.,-1.,0.));
#3672=DIRECTION('',(0.974793836132756,0.,-0.223107545900145));
#3673=DIRECTION('',(0.,-1.,0.));
#3674=DIRECTION('',(0.,-1.,0.));
#3675=DIRECTION('',(0.,0.,-1.));
#3676=DIRECTION('',(-1.,0.,0.));
#3677=DIRECTION('',(0.,0.,1.));
#3678=DIRECTION('',(0.,-1.,0.));
#3679=DIRECTION('',(0.,0.,-1.));
#3680=DIRECTION('',(0.,-1.,0.));
#3681=DIRECTION('',(0.,-1.,0.));
#3682=DIRECTION('',(0.,0.,-1.));
#3683=DIRECTION('',(-1.,0.,0.));
#3684=DIRECTION('',(0.,-1.,0.));
#3685=DIRECTION('',(1.,0.,0.));
#3686=DIRECTION('',(0.,-1.,0.));
#3687=DIRECTION('',(0.,-1.,0.));
#3688=DIRECTION('',(1.,0.,0.));
#3689=DIRECTION('',(0.,0.,-1.));
#3690=DIRECTION('',(0.,-1.,0.));
#3691=DIRECTION('',(0.,0.,1.));
#3692=DIRECTION('',(0.,-1.,0.));
#3693=DIRECTION('',(-0.974793836132757,0.,-0.223107545900142));
#3694=DIRECTION('',(0.,-1.,0.));
#3695=DIRECTION('',(0.,-1.,0.));
#3696=DIRECTION('',(0.,0.,-1.));
#3697=DIRECTION('',(0.,-1.,0.));
#3698=DIRECTION('',(1.,0.,0.));
#3699=DIRECTION('',(0.,0.,-1.));
#3700=DIRECTION('',(0.,-1.,0.));
#3701=DIRECTION('',(0.,0.,1.));
#3702=DIRECTION('',(0.,0.,-1.));
#3703=DIRECTION('',(-1.,0.,0.));
#3704=DIRECTION('',(0.,-1.,0.));
#3705=DIRECTION('',(1.,0.,0.));
#3706=DIRECTION('',(0.,-1.,0.));
#3707=DIRECTION('',(1.,0.,0.));
#3708=DIRECTION('',(0.,0.,-1.));
#3709=DIRECTION('',(0.,-1.,0.));
#3710=DIRECTION('',(0.,0.,1.));
#3711=DIRECTION('',(0.,-1.,0.));
#3712=DIRECTION('',(0.,0.,1.));
#3713=DIRECTION('',(1.,0.,0.));
#3714=DIRECTION('',(0.,-1.,0.));
#3715=DIRECTION('',(-1.,0.,0.));
#3716=DIRECTION('',(0.,-1.,0.));
#3717=DIRECTION('',(1.,0.,0.));
#3718=DIRECTION('',(-1.,0.,0.));
#3719=DIRECTION('',(0.,0.,1.));
#3720=DIRECTION('',(0.,-1.,0.));
#3721=DIRECTION('',(0.,0.,-1.));
#3722=DIRECTION('',(0.,-1.,0.));
#3723=DIRECTION('',(0.,-1.,0.));
#3724=DIRECTION('',(0.,-1.,0.));
#3725=DIRECTION('',(0.,-1.,0.));
#3726=DIRECTION('',(0.859599074697532,0.,-0.510969109417728));
#3727=DIRECTION('',(-0.510969109417728,0.,-0.859599074697532));
#3728=DIRECTION('',(0.,-1.,0.));
#3729=DIRECTION('',(0.510969109417728,0.,0.859599074697532));
#3730=DIRECTION('',(0.,-1.,0.));
#3731=DIRECTION('',(0.,0.,-1.));
#3732=DIRECTION('',(-1.,0.,0.));
#3733=DIRECTION('',(0.,-1.,0.));
#3734=DIRECTION('',(1.,0.,0.));
#3735=DIRECTION('',(0.,-1.,0.));
#3736=DIRECTION('',(-1.,0.,0.));
#3737=DIRECTION('',(0.,0.,1.));
#3738=DIRECTION('',(0.,-1.,0.));
#3739=DIRECTION('',(0.,0.,-1.));
#3740=DIRECTION('',(0.,-1.,0.));
#3741=DIRECTION('',(0.,-1.,0.));
#3742=DIRECTION('',(0.,0.,-1.));
#3743=DIRECTION('',(-1.,0.,0.));
#3744=DIRECTION('',(0.,-1.,0.));
#3745=DIRECTION('',(1.,0.,0.));
#3746=DIRECTION('',(0.,-1.,0.));
#3747=DIRECTION('',(1.,0.,0.));
#3748=DIRECTION('',(0.,0.,-1.));
#3749=DIRECTION('',(0.,-1.,0.));
#3750=DIRECTION('',(0.,0.,1.));
#3751=DIRECTION('',(0.,-1.,0.));
#3752=DIRECTION('',(0.,-1.,0.));
#3753=DIRECTION('',(0.,-1.,0.));
#3754=DIRECTION('',(0.,-1.,0.));
#3755=DIRECTION('',(-0.873961828060068,0.,0.485994571053941));
#3756=DIRECTION('',(0.485994571053941,0.,0.873961828060068));
#3757=DIRECTION('',(0.,-1.,0.));
#3758=DIRECTION('',(-0.485994571053941,0.,-0.873961828060068));
#3759=DIRECTION('',(0.,-1.,0.));
#3760=DIRECTION('',(0.,0.,1.));
#3761=DIRECTION('',(1.,0.,0.));
#3762=DIRECTION('',(0.,-1.,0.));
#3763=DIRECTION('',(-1.,0.,0.));
#3764=DIRECTION('',(0.,-1.,0.));
#3765=DIRECTION('',(1.,0.,0.));
#3766=DIRECTION('',(0.,0.,-1.));
#3767=DIRECTION('',(0.,-1.,0.));
#3768=DIRECTION('',(0.,0.,1.));
#3769=DIRECTION('',(0.,-1.,0.));
#3770=DIRECTION('',(0.,-1.,0.));
#3771=DIRECTION('',(0.,0.,1.));
#3772=DIRECTION('',(1.,0.,0.));
#3773=DIRECTION('',(0.,-1.,0.));
#3774=DIRECTION('',(-1.,0.,0.));
#3775=DIRECTION('',(0.,-1.,0.));
#3776=DIRECTION('',(1.,0.,0.));
#3777=DIRECTION('',(0.,-1.,0.));
#3778=DIRECTION('',(1.,0.,0.));
#3779=DIRECTION('',(0.,-1.,0.));
#3780=DIRECTION('',(1.,0.,0.));
#3781=CARTESIAN_POINT('',(0.,0.,0.));
#3782=CARTESIAN_POINT('',(0.,-0.00381,3.46944695195361E-18));
#3783=CARTESIAN_POINT('',(0.0248046775663738,-0.00381,-0.00176124400382822));
#3784=CARTESIAN_POINT('',(0.0270520772493184,-0.00381,-0.000665201454104807));
#3785=CARTESIAN_POINT('',(0.027304955042055,-0.00381,-0.00176753517921287));
#3786=CARTESIAN_POINT('',(0.027305,-0.00381,-0.00199268039987881));
#3787=CARTESIAN_POINT('',(0.027305,-0.00381,-0.00221782550742198));
#3788=CARTESIAN_POINT('',(0.027305,-0.00381,-0.00221782550742198));
#3789=CARTESIAN_POINT('',(0.027305,-0.00381,-0.00369735049984852));
#3790=CARTESIAN_POINT('',(0.0265184541048167,-0.00381,-0.00450144016964555));
#3791=CARTESIAN_POINT('',(0.0265184541048167,-0.00381,-0.00450144016964555));
#3792=CARTESIAN_POINT('',(0.0265184541048167,-0.00381,-0.00450144016964555));
#3793=CARTESIAN_POINT('',(0.0257319082096335,-0.00381,-0.00530552983944259));
#3794=CARTESIAN_POINT('',(0.0242553071796426,-0.00381,-0.00530552983944259));
#3795=CARTESIAN_POINT('',(0.0242553071796426,-0.00381,-0.00530552983944259));
#3796=CARTESIAN_POINT('',(0.0225330933050591,-0.00381,-0.00530552983944259));
#3797=CARTESIAN_POINT('',(0.0208108794304756,-0.00381,-0.00530552983944259));
#3798=CARTESIAN_POINT('',(0.0208108794304756,-0.00381,-0.00530552983944259));
#3799=CARTESIAN_POINT('',(0.0193342784004847,-0.00381,-0.00530552983944259));
#3800=CARTESIAN_POINT('',(0.0185477325053014,-0.00381,-0.00450144016964555));
#3801=CARTESIAN_POINT('',(0.0185477325053014,-0.00381,-0.00450144016964555));
#3802=CARTESIAN_POINT('',(0.0185477325053014,-0.00381,-0.00450144016964555));
#3803=CARTESIAN_POINT('',(0.0177611866101181,-0.00381,-0.00369735049984852));
#3804=CARTESIAN_POINT('',(0.0177611866101181,-0.00381,-0.00221782550742198));
#3805=CARTESIAN_POINT('',(0.0177611866101181,-0.00381,-0.00221782550742198));
#3806=CARTESIAN_POINT('',(0.0177611866101181,-0.00381,-5.70172674946873E-5));
#3807=CARTESIAN_POINT('',(0.0177611866101181,-0.00381,0.00210379097243261));
#3808=CARTESIAN_POINT('',(0.0177611866101181,-0.00381,0.00210379097243261));
#3809=CARTESIAN_POINT('',(0.0177611866101181,-0.00381,0.00251606967585581));
#3810=CARTESIAN_POINT('',(0.0181529975764919,-0.00381,0.00251606967585581));
#3811=CARTESIAN_POINT('',(0.0181529975764919,-0.00381,0.00251606967585581));
#3812=CARTESIAN_POINT('',(0.0225330933050591,-0.00381,0.00251606967585581));
#3813=CARTESIAN_POINT('',(0.0269131890336262,-0.00381,0.00251606967585581));
#3814=CARTESIAN_POINT('',(0.0269131890336262,-0.00381,0.00251606967585581));
#3815=CARTESIAN_POINT('',(0.027305,-0.00381,0.00251606967585581));
#3816=CARTESIAN_POINT('',(0.027305,-0.00381,0.00210379097243261));
#3817=CARTESIAN_POINT('',(0.027305,-0.00381,0.00210379097243261));
#3818=CARTESIAN_POINT('',(0.027305,-0.00381,0.00131870705846714));
#3819=CARTESIAN_POINT('',(0.027305,-0.00381,0.000533623144501675));
#3820=CARTESIAN_POINT('',(0.027305,-0.00381,0.000533623144501675));
#3821=CARTESIAN_POINT('',(0.027305,-0.00381,0.000138888215692225));
#3822=CARTESIAN_POINT('',(0.0269131890336262,-0.00381,0.000138888215692225));
#3823=CARTESIAN_POINT('',(0.0269131890336262,-0.00381,0.000138888215692225));
#3824=CARTESIAN_POINT('',(0.0266032490154498,-0.00381,0.000138888215692225));
#3825=CARTESIAN_POINT('',(0.0262933089972735,-0.00381,0.000138888215692225));
#3826=CARTESIAN_POINT('',(0.0262933089972735,-0.00381,0.000102338685246905));
#3827=CARTESIAN_POINT('',(0.0262933089972735,-0.00381,6.57891548015849E-5));
#3828=CARTESIAN_POINT('',(0.0262933089972735,-0.00381,6.57891548015849E-5));
#3829=CARTESIAN_POINT('',(0.0267991544986368,-0.00381,-0.00014181217812783));
#3830=CARTESIAN_POINT('',(0.0270520772493184,-0.00381,-0.000665201454104807));
#3831=CARTESIAN_POINT('',(0.03048,-0.00381,1.04083408558608E-17));
#3832=CARTESIAN_POINT('',(0.03048,-0.00381,-0.02413));
#3833=CARTESIAN_POINT('',(0.03048,-0.00381,0.02413));
#3834=CARTESIAN_POINT('',(0.,-0.00381,0.02413));
#3835=CARTESIAN_POINT('',(-0.03048,-0.00381,0.02413));
#3836=CARTESIAN_POINT('',(-0.03048,-0.00381,0.));
#3837=CARTESIAN_POINT('',(-0.03048,-0.00381,-0.02413));
#3838=CARTESIAN_POINT('',(-3.46944695195361E-18,-0.00381,-0.02413));
#3839=CARTESIAN_POINT('',(-0.02286,-0.00381,0.));
#3840=CARTESIAN_POINT('',(-0.02286,-0.00381,0.009906));
#3841=CARTESIAN_POINT('',(-0.02286,-0.00381,-0.009906));
#3842=CARTESIAN_POINT('',(-0.017907,-0.00381,0.009906));
#3843=CARTESIAN_POINT('',(-0.017907,-0.00381,0.014859));
#3844=CARTESIAN_POINT('',(-0.004445,-0.00381,0.014859));
#3845=CARTESIAN_POINT('',(0.009017,-0.00381,0.014859));
#3846=CARTESIAN_POINT('',(0.009017,-0.00381,0.009906));
#3847=CARTESIAN_POINT('',(0.01397,-0.00381,0.009906));
#3848=CARTESIAN_POINT('',(0.01397,-0.00381,0.));
#3849=CARTESIAN_POINT('',(0.01397,-0.00381,-0.009906));
#3850=CARTESIAN_POINT('',(0.009017,-0.00381,-0.009906));
#3851=CARTESIAN_POINT('',(0.009017,-0.00381,-0.014859));
#3852=CARTESIAN_POINT('',(-0.004445,-0.00381,-0.014859));
#3853=CARTESIAN_POINT('',(-0.017907,-0.00381,-0.014859));
#3854=CARTESIAN_POINT('',(-0.017907,-0.00381,-0.009906));
#3855=CARTESIAN_POINT('',(0.0269131890336262,-0.00381,-0.0125277170554377));
#3856=CARTESIAN_POINT('',(0.027305,-0.00381,-0.0125277170554377));
#3857=CARTESIAN_POINT('',(0.027305,-0.00381,-0.0129224519842472));
#3858=CARTESIAN_POINT('',(0.0269131890336262,-0.00381,-0.0125277170554377));
#3859=CARTESIAN_POINT('',(0.027305,-0.00381,-0.0129224519842472));
#3860=CARTESIAN_POINT('',(0.027305,-0.00381,-0.0137177697667373));
#3861=CARTESIAN_POINT('',(0.027305,-0.00381,-0.0145130875492275));
#3862=CARTESIAN_POINT('',(0.027305,-0.00381,-0.0145130875492275));
#3863=CARTESIAN_POINT('',(0.027305,-0.00381,-0.0149048985156013));
#3864=CARTESIAN_POINT('',(0.0269131890336262,-0.00381,-0.0149048985156013));
#3865=CARTESIAN_POINT('',(0.0269131890336262,-0.00381,-0.0149048985156013));
#3866=CARTESIAN_POINT('',(0.0225330933050591,-0.00381,-0.0149048985156013));
#3867=CARTESIAN_POINT('',(0.0181529975764919,-0.00381,-0.0149048985156013));
#3868=CARTESIAN_POINT('',(0.0181529975764919,-0.00381,-0.0149048985156013));
#3869=CARTESIAN_POINT('',(0.0177611866101181,-0.00381,-0.0149048985156013));
#3870=CARTESIAN_POINT('',(0.0177611866101181,-0.00381,-0.0145130875492275));
#3871=CARTESIAN_POINT('',(0.0177611866101181,-0.00381,-0.0145130875492275));
#3872=CARTESIAN_POINT('',(0.0177611866101181,-0.00381,-0.0137177697667373));
#3873=CARTESIAN_POINT('',(0.0177611866101181,-0.00381,-0.0129224519842472));
#3874=CARTESIAN_POINT('',(0.0177611866101181,-0.00381,-0.0129224519842472));
#3875=CARTESIAN_POINT('',(0.0177611866101181,-0.00381,-0.0125277170554377));
#3876=CARTESIAN_POINT('',(0.0181529975764919,-0.00381,-0.0125277170554377));
#3877=CARTESIAN_POINT('',(0.0181529975764919,-0.00381,-0.0125277170554377));
#3878=CARTESIAN_POINT('',(0.0184629375946683,-0.00381,-0.0125277170554377));
#3879=CARTESIAN_POINT('',(0.0187728776128446,-0.00381,-0.0125277170554377));
#3880=CARTESIAN_POINT('',(0.0187728776128446,-0.00381,-0.0124911675249924));
#3881=CARTESIAN_POINT('',(0.0187728776128446,-0.00381,-0.0124546179945471));
#3882=CARTESIAN_POINT('',(0.0187728776128446,-0.00381,-0.0124546179945471));
#3883=CARTESIAN_POINT('',(0.0177611866101181,-0.00381,-0.0120423392911239));
#3884=CARTESIAN_POINT('',(0.0177611866101181,-0.00381,-0.0106183695849742));
#3885=CARTESIAN_POINT('',(0.0177611866101181,-0.00381,-0.0106183695849742));
#3886=CARTESIAN_POINT('',(0.0177611866101181,-0.00381,-0.0103201254165404));
#3887=CARTESIAN_POINT('',(0.0177611866101181,-0.00381,-0.0100218812481066));
#3888=CARTESIAN_POINT('',(0.0177611866101181,-0.00381,-0.0100218812481066));
#3889=CARTESIAN_POINT('',(0.0177611866101181,-0.00381,-0.00708329900030293));
#3890=CARTESIAN_POINT('',(0.0208108794304756,-0.00381,-0.00708329900030293));
#3891=CARTESIAN_POINT('',(0.0208108794304756,-0.00381,-0.00708329900030293));
#3892=CARTESIAN_POINT('',(0.0238620342320509,-0.00381,-0.00708329900030293));
#3893=CARTESIAN_POINT('',(0.0269131890336262,-0.00381,-0.00708329900030293));
#3894=CARTESIAN_POINT('',(0.0269131890336262,-0.00381,-0.00708329900030293));
#3895=CARTESIAN_POINT('',(0.027305,-0.00381,-0.00708329900030293));
#3896=CARTESIAN_POINT('',(0.027305,-0.00381,-0.00749557770372614));
#3897=CARTESIAN_POINT('',(0.027305,-0.00381,-0.00749557770372614));
#3898=CARTESIAN_POINT('',(0.027305,-0.00381,-0.0082806616176916));
#3899=CARTESIAN_POINT('',(0.027305,-0.00381,-0.00906574553165707));
#3900=CARTESIAN_POINT('',(0.027305,-0.00381,-0.00906574553165707));
#3901=CARTESIAN_POINT('',(0.027305,-0.00381,-0.00946048046046652));
#3902=CARTESIAN_POINT('',(0.0269131890336262,-0.00381,-0.00946048046046652));
#3903=CARTESIAN_POINT('',(0.0269131890336262,-0.00381,-0.00946048046046652));
#3904=CARTESIAN_POINT('',(0.0239190514995456,-0.00381,-0.00946048046046652));
#3905=CARTESIAN_POINT('',(0.020924913965465,-0.00381,-0.00946048046046652));
#3906=CARTESIAN_POINT('',(0.020924913965465,-0.00381,-0.00946048046046652));
#3907=CARTESIAN_POINT('',(0.0203255016661618,-0.00381,-0.00946048046046652));
#3908=CARTESIAN_POINT('',(0.0200725789154802,-0.00381,-0.00971194122993032));
#3909=CARTESIAN_POINT('',(0.0200725789154802,-0.00381,-0.00971194122993032));
#3910=CARTESIAN_POINT('',(0.0200725789154802,-0.00381,-0.00971194122993032));
#3911=CARTESIAN_POINT('',(0.0198196561647986,-0.00381,-0.00996340199939411));
#3912=CARTESIAN_POINT('',(0.0198196561647986,-0.00381,-0.0105628142986974));
#3913=CARTESIAN_POINT('',(0.0198196561647986,-0.00381,-0.0105628142986974));
#3914=CARTESIAN_POINT('',(0.0198196561647986,-0.00381,-0.0109005319600121));
#3915=CARTESIAN_POINT('',(0.0198196561647986,-0.00381,-0.0112382496213269));
#3916=CARTESIAN_POINT('',(0.0198196561647986,-0.00381,-0.0112382496213269));
#3917=CARTESIAN_POINT('',(0.0198196561647986,-0.00381,-0.0125277170554377));
#3918=CARTESIAN_POINT('',(0.0212407019085125,-0.00381,-0.0125277170554377));
#3919=CARTESIAN_POINT('',(0.0212407019085125,-0.00381,-0.0125277170554377));
#3920=CARTESIAN_POINT('',(0.0240769454710694,-0.00381,-0.0125277170554377));
#3921=CARTESIAN_POINT('',(0.0269307328082399,-0.00381,0.0165306216298092));
#3922=CARTESIAN_POINT('',(0.027305,-0.00381,0.0163639557709785));
#3923=CARTESIAN_POINT('',(0.027305,-0.00381,0.015969220842169));
#3924=CARTESIAN_POINT('',(0.0269307328082399,-0.00381,0.0165306216298092));
#3925=CARTESIAN_POINT('',(0.027305,-0.00381,0.015969220842169));
#3926=CARTESIAN_POINT('',(0.027305,-0.00381,0.0150437867312935));
#3927=CARTESIAN_POINT('',(0.027305,-0.00381,0.0141183526204181));
#3928=CARTESIAN_POINT('',(0.027305,-0.00381,0.0141183526204181));
#3929=CARTESIAN_POINT('',(0.027305,-0.00381,0.013931219024538));
#3930=CARTESIAN_POINT('',(0.0271836555589216,-0.00381,0.0138551960012118));
#3931=CARTESIAN_POINT('',(0.0271836555589216,-0.00381,0.0138551960012118));
#3932=CARTESIAN_POINT('',(0.0271836555589216,-0.00381,0.0138551960012118));
#3933=CARTESIAN_POINT('',(0.0270623111178431,-0.00381,0.0137791729778855));
#3934=CARTESIAN_POINT('',(0.0268927212965768,-0.00381,0.0138551960012118));
#3935=CARTESIAN_POINT('',(0.0268927212965768,-0.00381,0.0138551960012118));
#3936=CARTESIAN_POINT('',(0.0240199282035747,-0.00381,0.0153054813692821));
#3937=CARTESIAN_POINT('',(0.0211471351105725,-0.00381,0.0167557667373524));
#3938=CARTESIAN_POINT('',(0.0184161541956982,-0.00381,0.015352264768252));
#3939=CARTESIAN_POINT('',(0.015685173280824,-0.00381,0.0139487627991518));
#3940=CARTESIAN_POINT('',(0.015685173280824,-0.00381,0.0139487627991518));
#3941=CARTESIAN_POINT('',(0.0155331272341715,-0.00381,0.0138727397758255));
#3942=CARTESIAN_POINT('',(0.0154030109057861,-0.00381,0.0139487627991518));
#3943=CARTESIAN_POINT('',(0.0154030109057861,-0.00381,0.0139487627991518));
#3944=CARTESIAN_POINT('',(0.0154030109057861,-0.00381,0.0139487627991518));
#3945=CARTESIAN_POINT('',(0.0152728945774008,-0.00381,0.014024785822478));
#3946=CARTESIAN_POINT('',(0.0152728945774008,-0.00381,0.0142119194183581));
#3947=CARTESIAN_POINT('',(0.0152728945774008,-0.00381,0.0142119194183581));
#3948=CARTESIAN_POINT('',(0.0152728945774008,-0.00381,0.0151095758860952));
#3949=CARTESIAN_POINT('',(0.0152728945774008,-0.00381,0.0160072323538322));
#3950=CARTESIAN_POINT('',(0.0152728945774008,-0.00381,0.0160072323538322));
#3951=CARTESIAN_POINT('',(0.0152728945774008,-0.00381,0.0164750663435323));
#3952=CARTESIAN_POINT('',(0.0156647055437746,-0.00381,0.0166241884277492));
#3953=CARTESIAN_POINT('',(0.0156647055437746,-0.00381,0.0166241884277492));
#3954=CARTESIAN_POINT('',(0.017676391699485,-0.00381,0.0175130730081794));
#3955=CARTESIAN_POINT('',(0.0196880778551954,-0.00381,0.0184019575886096));
#3956=CARTESIAN_POINT('',(0.0196880778551954,-0.00381,0.0184399691002726));
#3957=CARTESIAN_POINT('',(0.0196880778551954,-0.00381,0.0184779806119358));
#3958=CARTESIAN_POINT('',(0.017676391699485,-0.00381,0.0193566313238413));
#3959=CARTESIAN_POINT('',(0.0156647055437746,-0.00381,0.0202352820357467));
#3960=CARTESIAN_POINT('',(0.0156647055437746,-0.00381,0.0202352820357467));
#3961=CARTESIAN_POINT('',(0.0152728945774008,-0.00381,0.0204224156316268));
#3962=CARTESIAN_POINT('',(0.0152728945774008,-0.00381,0.02083469433505));
#3963=CARTESIAN_POINT('',(0.0152728945774008,-0.00381,0.02083469433505));
#3964=CARTESIAN_POINT('',(0.0152728945774008,-0.00381,0.0217513565586186));
#3965=CARTESIAN_POINT('',(0.0152728945774008,-0.00381,0.0226680187821873));
#3966=CARTESIAN_POINT('',(0.0152728945774008,-0.00381,0.0226680187821873));
#3967=CARTESIAN_POINT('',(0.0152728945774008,-0.00381,0.0228551523780673));
#3968=CARTESIAN_POINT('',(0.0154132447743108,-0.00381,0.0229399472887004));
#3969=CARTESIAN_POINT('',(0.0154132447743108,-0.00381,0.0229399472887004));
#3970=CARTESIAN_POINT('',(0.0155648956620635,-0.00381,0.0227052176644834));
#3971=CARTESIAN_POINT('',(0.0157025607246765,-0.00381,0.0229484429723228));
#3972=CARTESIAN_POINT('',(0.0184249260830052,-0.00381,0.0215276734322933));
#3973=CARTESIAN_POINT('',(0.0211471351105725,-0.00381,0.0201066276885792));
#3974=CARTESIAN_POINT('',(0.0240111563162678,-0.00381,0.0215569130566495));
#3975=CARTESIAN_POINT('',(0.026875177521963,-0.00381,0.0230071984247198));
#3976=CARTESIAN_POINT('',(0.026875177521963,-0.00381,0.0230071984247198));
#3977=CARTESIAN_POINT('',(0.0270623111178431,-0.00381,0.0231007652226598));
#3978=CARTESIAN_POINT('',(0.0271836555589216,-0.00381,0.0230247421993335));
#3979=CARTESIAN_POINT('',(0.0271836555589216,-0.00381,0.0230247421993335));
#3980=CARTESIAN_POINT('',(0.0271836555589216,-0.00381,0.0230247421993335));
#3981=CARTESIAN_POINT('',(0.027305,-0.00381,0.0229487191760073));
#3982=CARTESIAN_POINT('',(0.027305,-0.00381,0.0227440418055135));
#3983=CARTESIAN_POINT('',(0.027305,-0.00381,0.0227440418055135));
#3984=CARTESIAN_POINT('',(0.027305,-0.00381,0.0218083738261133));
#3985=CARTESIAN_POINT('',(0.027305,-0.00381,0.0208727058467131));
#3986=CARTESIAN_POINT('',(0.027305,-0.00381,0.0208727058467131));
#3987=CARTESIAN_POINT('',(0.027305,-0.00381,0.0204808948803393));
#3988=CARTESIAN_POINT('',(0.0269307328082399,-0.00381,0.0203288488336868));
#3989=CARTESIAN_POINT('',(0.0269307328082399,-0.00381,0.0203288488336868));
#3990=CARTESIAN_POINT('',(0.0249102747652226,-0.00381,0.0194034147228113));
#3991=CARTESIAN_POINT('',(0.0228898167222054,-0.00381,0.0184779806119358));
#3992=CARTESIAN_POINT('',(0.0228898167222054,-0.00381,0.0184399691002726));
#3993=CARTESIAN_POINT('',(0.0228898167222054,-0.00381,0.0184019575886096));
#3994=CARTESIAN_POINT('',(0.0249102747652226,-0.00381,0.0174662896092093));
#3995=CARTESIAN_POINT('',(0.0294745801272342,-0.00381,0.0069517206906998));
#3996=CARTESIAN_POINT('',(0.0298488473189942,-0.00381,0.0069517206906998));
#3997=CARTESIAN_POINT('',(0.0298488473189942,-0.00381,0.00655698576189035));
#3998=CARTESIAN_POINT('',(0.0294745801272342,-0.00381,0.0069517206906998));
#3999=CARTESIAN_POINT('',(0.0298488473189942,-0.00381,0.00655698576189035));
#4000=CARTESIAN_POINT('',(0.0298488473189942,-0.00381,0.00576166797940019));
#4001=CARTESIAN_POINT('',(0.0298488473189942,-0.00381,0.00496635019691004));
#4002=CARTESIAN_POINT('',(0.0298488473189942,-0.00381,0.00496635019691004));
#4003=CARTESIAN_POINT('',(0.0298488473189942,-0.00381,0.00457453923053621));
#4004=CARTESIAN_POINT('',(0.0294745801272342,-0.00381,0.00457453923053621));
#4005=CARTESIAN_POINT('',(0.0294745801272342,-0.00381,0.00457453923053621));
#4006=CARTESIAN_POINT('',(0.023813788851863,-0.00381,0.00457453923053621));
#4007=CARTESIAN_POINT('',(0.0181529975764919,-0.00381,0.00457453923053621));
#4008=CARTESIAN_POINT('',(0.0181529975764919,-0.00381,0.00457453923053621));
#4009=CARTESIAN_POINT('',(0.0177611866101181,-0.00381,0.00457453923053621));
#4010=CARTESIAN_POINT('',(0.0177611866101181,-0.00381,0.00496635019691004));
#4011=CARTESIAN_POINT('',(0.0177611866101181,-0.00381,0.00496635019691004));
#4012=CARTESIAN_POINT('',(0.0177611866101181,-0.00381,0.00576166797940019));
#4013=CARTESIAN_POINT('',(0.0177611866101181,-0.00381,0.00655698576189035));
#4014=CARTESIAN_POINT('',(0.0177611866101181,-0.00381,0.00655698576189035));
#4015=CARTESIAN_POINT('',(0.0177611866101181,-0.00381,0.0069517206906998));
#4016=CARTESIAN_POINT('',(0.0181529975764919,-0.00381,0.0069517206906998));
#4017=CARTESIAN_POINT('',(0.0181529975764919,-0.00381,0.0069517206906998));
#4018=CARTESIAN_POINT('',(0.0184629375946683,-0.00381,0.0069517206906998));
#4019=CARTESIAN_POINT('',(0.0187728776128446,-0.00381,0.0069517206906998));
#4020=CARTESIAN_POINT('',(0.0187728776128446,-0.00381,0.00698827022114512));
#4021=CARTESIAN_POINT('',(0.0187728776128446,-0.00381,0.00702481975159044));
#4022=CARTESIAN_POINT('',(0.0187728776128446,-0.00381,0.00702481975159044));
#4023=CARTESIAN_POINT('',(0.0182670321114814,-0.00381,0.00723242108451986));
#4024=CARTESIAN_POINT('',(0.0180141093607997,-0.00381,0.00775581036049683));
#4025=CARTESIAN_POINT('',(0.0180141093607997,-0.00381,0.00775581036049683));
#4026=CARTESIAN_POINT('',(0.0202678509343275,-0.00381,0.00885306434948225));
#4027=CARTESIAN_POINT('',(0.0177612605124939,-0.00381,0.00886106792519205));
#4028=CARTESIAN_POINT('',(0.0177611866101181,-0.00381,0.00924410724023024));
#4029=CARTESIAN_POINT('',(0.0177611866101181,-0.00381,0.00962714631929719));
#4030=CARTESIAN_POINT('',(0.0177611866101181,-0.00381,0.00962714631929719));
#4031=CARTESIAN_POINT('',(0.0177611866101181,-0.00381,0.0110686598000606));
#4032=CARTESIAN_POINT('',(0.0185477325053014,-0.00381,0.0118069603150561));
#4033=CARTESIAN_POINT('',(0.0185477325053014,-0.00381,0.0118069603150561));
#4034=CARTESIAN_POINT('',(0.0185477325053014,-0.00381,0.0118069603150561));
#4035=CARTESIAN_POINT('',(0.0193342784004847,-0.00381,0.0125452608300515));
#4036=CARTESIAN_POINT('',(0.0208108794304756,-0.00381,0.0125452608300515));
#4037=CARTESIAN_POINT('',(0.0208108794304756,-0.00381,0.0125452608300515));
#4038=CARTESIAN_POINT('',(0.0225330933050591,-0.00381,0.0125452608300515));
#4039=CARTESIAN_POINT('',(0.0242553071796426,-0.00381,0.0125452608300515));
#4040=CARTESIAN_POINT('',(0.0242553071796426,-0.00381,0.0125452608300515));
#4041=CARTESIAN_POINT('',(0.0257319082096335,-0.00381,0.0125452608300515));
#4042=CARTESIAN_POINT('',(0.0265184541048167,-0.00381,0.0118069603150561));
#4043=CARTESIAN_POINT('',(0.0265184541048167,-0.00381,0.0118069603150561));
#4044=CARTESIAN_POINT('',(0.0265184541048167,-0.00381,0.0118069603150561));
#4045=CARTESIAN_POINT('',(0.027305,-0.00381,0.0110686598000606));
#4046=CARTESIAN_POINT('',(0.027305,-0.00381,0.00962714631929719));
#4047=CARTESIAN_POINT('',(0.027305,-0.00381,0.00962714631929719));
#4048=CARTESIAN_POINT('',(0.027305,-0.00381,0.00924410724023024));
#4049=CARTESIAN_POINT('',(0.0273049260976242,-0.00381,0.00886106792519205));
#4050=CARTESIAN_POINT('',(0.0247983356757906,-0.00381,0.00885306434948227));
#4051=CARTESIAN_POINT('',(0.0270520772493184,-0.00381,0.00775581036049683));
#4052=CARTESIAN_POINT('',(0.0270520772493184,-0.00381,0.00775581036049683));
#4053=CARTESIAN_POINT('',(0.0267991544986368,-0.00381,0.00723242108451986));
#4054=CARTESIAN_POINT('',(0.0262933089972735,-0.00381,0.00702481975159044));
#4055=CARTESIAN_POINT('',(0.0262933089972735,-0.00381,0.00702481975159044));
#4056=CARTESIAN_POINT('',(0.0262933089972735,-0.00381,0.00698827022114512));
#4057=CARTESIAN_POINT('',(0.0262933089972735,-0.00381,0.0069517206906998));
#4058=CARTESIAN_POINT('',(0.0278839445622539,-0.00381,0.0069517206906998));
#4059=CARTESIAN_POINT('',(0.0247962402302332,-0.00381,-0.0165510893668585));
#4060=CARTESIAN_POINT('',(0.027305,-0.00381,-0.0165510893668585));
#4061=CARTESIAN_POINT('',(0.027305,-0.00381,-0.0194896716146622));
#4062=CARTESIAN_POINT('',(0.0247962402302332,-0.00381,-0.0165510893668585));
#4063=CARTESIAN_POINT('',(0.027305,-0.00381,-0.0194896716146622));
#4064=CARTESIAN_POINT('',(0.027305,-0.00381,-0.0212674407755226));
#4065=CARTESIAN_POINT('',(0.027305,-0.00381,-0.0230452099363829));
#4066=CARTESIAN_POINT('',(0.027305,-0.00381,-0.0230452099363829));
#4067=CARTESIAN_POINT('',(0.027305,-0.00381,-0.023419477128143));
#4068=CARTESIAN_POINT('',(0.0269131890336262,-0.00381,-0.023419477128143));
#4069=CARTESIAN_POINT('',(0.0269131890336262,-0.00381,-0.023419477128143));
#4070=CARTESIAN_POINT('',(0.026313776734323,-0.00381,-0.023419477128143));
#4071=CARTESIAN_POINT('',(0.0257143644350197,-0.00381,-0.023419477128143));
#4072=CARTESIAN_POINT('',(0.0257143644350197,-0.00381,-0.023419477128143));
#4073=CARTESIAN_POINT('',(0.0255096870645259,-0.00381,-0.023419477128143));
#4074=CARTESIAN_POINT('',(0.0254248921538928,-0.00381,-0.0233449160860346));
#4075=CARTESIAN_POINT('',(0.0254248921538928,-0.00381,-0.0233449160860346));
#4076=CARTESIAN_POINT('',(0.0254248921538928,-0.00381,-0.0233449160860346));
#4077=CARTESIAN_POINT('',(0.0253400972432596,-0.00381,-0.0232703550439261));
#4078=CARTESIAN_POINT('',(0.0253400972432596,-0.00381,-0.0230452099363829));
#4079=CARTESIAN_POINT('',(0.0253400972432596,-0.00381,-0.0230452099363829));
#4080=CARTESIAN_POINT('',(0.0253400972432596,-0.00381,-0.021482352014541));
#4081=CARTESIAN_POINT('',(0.0253400972432596,-0.00381,-0.0199194940926992));
#4082=CARTESIAN_POINT('',(0.0253400972432596,-0.00381,-0.0199194940926992));
#4083=CARTESIAN_POINT('',(0.0253400972432596,-0.00381,-0.0190013698879128));
#4084=CARTESIAN_POINT('',(0.0247786964556195,-0.00381,-0.0190013698879128));
#4085=CARTESIAN_POINT('',(0.0247786964556195,-0.00381,-0.0190013698879128));
#4086=CARTESIAN_POINT('',(0.0247319130566495,-0.00381,-0.0190013698879128));
#4087=CARTESIAN_POINT('',(0.0246851296576795,-0.00381,-0.0190013698879128));
#4088=CARTESIAN_POINT('',(0.0246851296576795,-0.00381,-0.0190013698879128));
#4089=CARTESIAN_POINT('',(0.0242348394425932,-0.00381,-0.0190013698879128));
#4090=CARTESIAN_POINT('',(0.0238254847016056,-0.00381,-0.0197703720084823));
#4091=CARTESIAN_POINT('',(0.0238254847016056,-0.00381,-0.0197703720084823));
#4092=CARTESIAN_POINT('',(0.0233108673129355,-0.00381,-0.0206958061193577));
#4093=CARTESIAN_POINT('',(0.0227962499242654,-0.00381,-0.0216212402302332));
#4094=CARTESIAN_POINT('',(0.0227962499242654,-0.00381,-0.0216212402302332));
#4095=CARTESIAN_POINT('',(0.0223079481975159,-0.00381,-0.0225773759466828));
#4096=CARTESIAN_POINT('',(0.0217465474098758,-0.00381,-0.0230262041805513));
#4097=CARTESIAN_POINT('',(0.0217465474098758,-0.00381,-0.0230262041805513));
#4098=CARTESIAN_POINT('',(0.0217465474098758,-0.00381,-0.0230262041805513));
#4099=CARTESIAN_POINT('',(0.0211851466222357,-0.00381,-0.0234750324144199));
#4100=CARTESIAN_POINT('',(0.0203050339291124,-0.00381,-0.0234750324144199));
#4101=CARTESIAN_POINT('',(0.0203050339291124,-0.00381,-0.0234750324144199));
#4102=CARTESIAN_POINT('',(0.0203050339291124,-0.00381,-0.0234750324144199));
#4103=CARTESIAN_POINT('',(0.0189950987579522,-0.00381,-0.0234750324144199));
#4104=CARTESIAN_POINT('',(0.0183781426840352,-0.00381,-0.0227820533171766));
#4105=CARTESIAN_POINT('',(0.0183781426840352,-0.00381,-0.0227820533171766));
#4106=CARTESIAN_POINT('',(0.0183781426840352,-0.00381,-0.0227820533171766));
#4107=CARTESIAN_POINT('',(0.0177611866101181,-0.00381,-0.0220890742199333));
#4108=CARTESIAN_POINT('',(0.0177611866101181,-0.00381,-0.0206124731899424));
#4109=CARTESIAN_POINT('',(0.0177611866101181,-0.00381,-0.0206124731899424));
#4110=CARTESIAN_POINT('',(0.0177611866101181,-0.00381,-0.0190496152681006));
#4111=CARTESIAN_POINT('',(0.0177611866101181,-0.00381,-0.0174867573462587));
#4112=CARTESIAN_POINT('',(0.0177611866101181,-0.00381,-0.0174867573462587));
#4113=CARTESIAN_POINT('',(0.0177611866101181,-0.00381,-0.0171124901544987));
#4114=CARTESIAN_POINT('',(0.0181529975764919,-0.00381,-0.0171124901544987));
#4115=CARTESIAN_POINT('',(0.0181529975764919,-0.00381,-0.0171124901544987));
#4116=CARTESIAN_POINT('',(0.0187611817631021,-0.00381,-0.0171124901544987));
#4117=CARTESIAN_POINT('',(0.0193693659497122,-0.00381,-0.0171124901544987));
#4118=CARTESIAN_POINT('',(0.0193693659497122,-0.00381,-0.0171124901544987));
#4119=CARTESIAN_POINT('',(0.0195769672826416,-0.00381,-0.0171124901544987));
#4120=CARTESIAN_POINT('',(0.0196603002120569,-0.00381,-0.0171870511966071));
#4121=CARTESIAN_POINT('',(0.0196603002120569,-0.00381,-0.0171870511966071));
#4122=CARTESIAN_POINT('',(0.0196603002120569,-0.00381,-0.0171870511966071));
#4123=CARTESIAN_POINT('',(0.0197436331414723,-0.00381,-0.0172616122387155));
#4124=CARTESIAN_POINT('',(0.0197436331414723,-0.00381,-0.0174867573462587));
#4125=CARTESIAN_POINT('',(0.0197436331414723,-0.00381,-0.0174867573462587));
#4126=CARTESIAN_POINT('',(0.0197436331414723,-0.00381,-0.0187879206301121));
#4127=CARTESIAN_POINT('',(0.0197436331414723,-0.00381,-0.0200890839139654));
#4128=CARTESIAN_POINT('',(0.0197436331414723,-0.00381,-0.0200890839139654));
#4129=CARTESIAN_POINT('',(0.0197436331414723,-0.00381,-0.0210042841563162));
#4130=CARTESIAN_POINT('',(0.0202114671311724,-0.00381,-0.0210042841563162));
#4131=CARTESIAN_POINT('',(0.0202114671311724,-0.00381,-0.0210042841563162));
#4132=CARTESIAN_POINT('',(0.0202582505301424,-0.00381,-0.0210042841563162));
#4133=CARTESIAN_POINT('',(0.0203050339291124,-0.00381,-0.0210042841563162));
#4134=CARTESIAN_POINT('',(0.0203050339291124,-0.00381,-0.0210042841563162));
#4135=CARTESIAN_POINT('',(0.0207173126325356,-0.00381,-0.0210042841563162));
#4136=CARTESIAN_POINT('',(0.0211471351105725,-0.00381,-0.0202001944865192));
#4137=CARTESIAN_POINT('',(0.0211471351105725,-0.00381,-0.0202001944865192));
#4138=CARTESIAN_POINT('',(0.0217085358982127,-0.00381,-0.0192557546198121));
#4139=CARTESIAN_POINT('',(0.0222699366858528,-0.00381,-0.0183113147531051));
#4140=CARTESIAN_POINT('',(0.0222699366858528,-0.00381,-0.0183113147531051));
#4141=CARTESIAN_POINT('',(0.0227962499242654,-0.00381,-0.0173376352620418));
#4142=CARTESIAN_POINT('',(0.0233474168433808,-0.00381,-0.0169443623144501));
#4143=CARTESIAN_POINT('',(0.0233474168433808,-0.00381,-0.0169443623144501));
#4144=CARTESIAN_POINT('',(0.0233474168433808,-0.00381,-0.0169443623144501));
#4145=CARTESIAN_POINT('',(0.0238985837624962,-0.00381,-0.0165510893668585));
#4146=CARTESIAN_POINT('',(0.0247962402302332,-0.00381,-0.0165510893668585));
#4147=CARTESIAN_POINT('',(-0.002286,-0.00381,-0.017145));
#4148=CARTESIAN_POINT('',(-0.002286,-0.003302,-0.017145));
#4149=CARTESIAN_POINT('',(0.019304,-0.003302,-0.017145));
#4150=CARTESIAN_POINT('',(-0.023876,-0.003302,-0.017145));
#4151=CARTESIAN_POINT('',(0.019304,-0.00381,-0.017145));
#4152=CARTESIAN_POINT('',(0.019304,0.,-0.017145));
#4153=CARTESIAN_POINT('',(-0.002286,0.,-0.017145));
#4154=CARTESIAN_POINT('',(-0.023876,0.,-0.017145));
#4155=CARTESIAN_POINT('',(-0.023876,-0.00381,-0.017145));
#4156=CARTESIAN_POINT('',(-0.023876,-0.00381,3.46944695195361E-18));
#4157=CARTESIAN_POINT('',(-0.023876,-0.003302,3.46944695195361E-18));
#4158=CARTESIAN_POINT('',(-0.023876,-0.003302,0.017145));
#4159=CARTESIAN_POINT('',(-0.023876,0.,3.46944695195361E-18));
#4160=CARTESIAN_POINT('',(-0.023876,0.,0.017145));
#4161=CARTESIAN_POINT('',(-0.023876,-0.00381,0.017145));
#4162=CARTESIAN_POINT('',(-0.002286,-0.00381,0.017145));
#4163=CARTESIAN_POINT('',(0.019304,-0.00381,0.017145));
#4164=CARTESIAN_POINT('',(0.019304,-0.003302,0.017145));
#4165=CARTESIAN_POINT('',(0.019304,0.,0.017145));
#4166=CARTESIAN_POINT('',(-0.002286,-0.003302,0.017145));
#4167=CARTESIAN_POINT('',(-0.002286,0.,0.017145));
#4168=CARTESIAN_POINT('',(0.019304,-0.00381,-3.46944695195361E-18));
#4169=CARTESIAN_POINT('',(0.019304,-0.003302,-3.46944695195361E-18));
#4170=CARTESIAN_POINT('',(0.019304,0.,-3.46944695195361E-18));
#4171=CARTESIAN_POINT('',(0.019304,0.,0.01397));
#4172=CARTESIAN_POINT('',(0.019304,-0.00127,0.01397));
#4173=CARTESIAN_POINT('',(0.019304,-0.00127,0.01397));
#4174=CARTESIAN_POINT('',(0.019304,-0.00127,-3.46944695195361E-18));
#4175=CARTESIAN_POINT('',(0.019304,-0.00127,-0.01397));
#4176=CARTESIAN_POINT('',(0.019304,-0.00127,-0.01397));
#4177=CARTESIAN_POINT('',(0.019304,0.,-0.01397));
#4178=CARTESIAN_POINT('',(0.019304,0.,-3.46944695195361E-18));
#4179=CARTESIAN_POINT('',(0.,0.,3.46944695195361E-18));
#4180=CARTESIAN_POINT('',(-3.46944695195361E-18,0.,-0.02413));
#4181=CARTESIAN_POINT('',(0.03048,0.,-0.02413));
#4182=CARTESIAN_POINT('',(-0.03048,0.,-0.02413));
#4183=CARTESIAN_POINT('',(-0.03048,0.,0.));
#4184=CARTESIAN_POINT('',(-0.03048,0.,0.02413));
#4185=CARTESIAN_POINT('',(0.,0.,0.02413));
#4186=CARTESIAN_POINT('',(0.03048,0.,0.02413));
#4187=CARTESIAN_POINT('',(0.03048,0.,1.04083408558608E-17));
#4188=CARTESIAN_POINT('',(0.022987,0.,0.01397));
#4189=CARTESIAN_POINT('',(0.02667,0.,0.01397));
#4190=CARTESIAN_POINT('',(0.022987,0.,-0.01397));
#4191=CARTESIAN_POINT('',(0.02667,0.,-0.01397));
#4192=CARTESIAN_POINT('',(0.02667,0.,6.93889390390723E-18));
#4193=CARTESIAN_POINT('',(-3.46944695195361E-18,-0.00381,-0.02413));
#4194=CARTESIAN_POINT('',(0.03048,-0.00381,-0.02413));
#4195=CARTESIAN_POINT('',(-0.03048,-0.00381,-0.02413));
#4196=CARTESIAN_POINT('',(0.03048,-0.00381,1.04083408558608E-17));
#4197=CARTESIAN_POINT('',(0.03048,-0.00381,0.02413));
#4198=CARTESIAN_POINT('',(0.,-0.00381,0.02413));
#4199=CARTESIAN_POINT('',(-0.03048,-0.00381,0.02413));
#4200=CARTESIAN_POINT('',(-0.03048,-0.00381,0.));
#4201=CARTESIAN_POINT('',(0.022987,-0.00127,0.01397));
#4202=CARTESIAN_POINT('',(0.02667,-0.00127,0.01397));
#4203=CARTESIAN_POINT('',(0.02667,-0.00127,0.01397));
#4204=CARTESIAN_POINT('',(0.022987,-0.00127,0.01397));
#4205=CARTESIAN_POINT('',(0.02667,-0.00127,6.93889390390723E-18));
#4206=CARTESIAN_POINT('',(0.02667,-0.00127,-0.01397));
#4207=CARTESIAN_POINT('',(0.02667,-0.00127,-0.01397));
#4208=CARTESIAN_POINT('',(0.02667,-0.00127,6.93889390390723E-18));
#4209=CARTESIAN_POINT('',(0.022987,-0.00127,-0.01397));
#4210=CARTESIAN_POINT('',(0.022987,-0.00127,-0.01397));
#4211=CARTESIAN_POINT('',(0.,-0.00127,3.46944695195361E-18));
#4212=CARTESIAN_POINT('',(-0.02286,-0.003302,0.));
#4213=CARTESIAN_POINT('',(-0.02286,-0.003302,-0.009906));
#4214=CARTESIAN_POINT('',(-0.02286,-0.003302,-0.009906));
#4215=CARTESIAN_POINT('',(-0.02286,-0.003302,0.));
#4216=CARTESIAN_POINT('',(-0.02286,-0.003302,0.009906));
#4217=CARTESIAN_POINT('',(-0.02286,-0.00381,0.009906));
#4218=CARTESIAN_POINT('',(-0.004445,-0.003302,0.014859));
#4219=CARTESIAN_POINT('',(-0.017907,-0.003302,0.014859));
#4220=CARTESIAN_POINT('',(-0.017907,-0.003302,0.014859));
#4221=CARTESIAN_POINT('',(-0.004445,-0.003302,0.014859));
#4222=CARTESIAN_POINT('',(0.009017,-0.003302,0.014859));
#4223=CARTESIAN_POINT('',(0.009017,-0.00381,0.014859));
#4224=CARTESIAN_POINT('',(0.01397,-0.003302,0.));
#4225=CARTESIAN_POINT('',(0.01397,-0.003302,0.));
#4226=CARTESIAN_POINT('',(0.01397,-0.003302,-0.009906));
#4227=CARTESIAN_POINT('',(0.01397,-0.003302,0.009906));
#4228=CARTESIAN_POINT('',(0.01397,-0.003302,-0.009906));
#4229=CARTESIAN_POINT('',(0.01397,-0.003302,0.009906));
#4230=CARTESIAN_POINT('',(-0.004445,-0.003302,-0.014859));
#4231=CARTESIAN_POINT('',(0.009017,-0.003302,-0.014859));
#4232=CARTESIAN_POINT('',(0.009017,-0.003302,-0.014859));
#4233=CARTESIAN_POINT('',(-0.004445,-0.003302,-0.014859));
#4234=CARTESIAN_POINT('',(-0.017907,-0.003302,-0.014859));
#4235=CARTESIAN_POINT('',(-0.017907,-0.003302,-0.014859));
#4236=CARTESIAN_POINT('',(0.,-0.003302,3.46944695195361E-18));
#4237=CARTESIAN_POINT('',(-0.017907,-0.003302,0.009906));
#4238=CARTESIAN_POINT('',(-0.017907,-0.003302,-0.009906));
#4239=CARTESIAN_POINT('',(0.009017,-0.003302,-0.009906));
#4240=CARTESIAN_POINT('',(0.009017,-0.003302,0.009906));
#4241=CARTESIAN_POINT('',(0.009017,-0.003302,-0.009906));
#4242=CARTESIAN_POINT('',(-0.017907,-0.003302,-0.009906));
#4243=CARTESIAN_POINT('',(-0.017907,-0.003302,0.009906));
#4244=CARTESIAN_POINT('',(0.009017,-0.003302,0.009906));
#4245=CARTESIAN_POINT('',(0.027305,-0.003556,-0.0137177697667373));
#4246=CARTESIAN_POINT('',(0.027305,-0.003556,-0.0129224519842472));
#4247=CARTESIAN_POINT('',(0.027305,-0.003556,-0.0129224519842472));
#4248=CARTESIAN_POINT('',(0.027305,-0.003556,-0.0137177697667373));
#4249=CARTESIAN_POINT('',(0.027305,-0.003556,-0.0145130875492275));
#4250=CARTESIAN_POINT('',(0.027305,-0.003556,-0.0145130875492275));
#4251=CARTESIAN_POINT('',(0.0269131890336262,-0.003556,-0.0125277170554377));
#4252=CARTESIAN_POINT('',(0.0269131890336262,-0.00381,-0.0125277170554377));
#4253=CARTESIAN_POINT('',(0.0271743963445421,-0.003556,-0.0125277170554377));
#4254=CARTESIAN_POINT('',(0.0271743963445421,-0.00381,-0.0125277170554377));
#4255=CARTESIAN_POINT('',(0.027305,-0.003556,-0.0126592953650409));
#4256=CARTESIAN_POINT('',(0.027305,-0.00381,-0.0126592953650409));
#4257=CARTESIAN_POINT('',(0.027305,-0.003556,-0.0129224519842472));
#4258=CARTESIAN_POINT('',(0.027305,-0.00381,-0.0129224519842472));
#4259=CARTESIAN_POINT('',(0.0269131890336262,-0.003556,-0.0125277170554377));
#4260=CARTESIAN_POINT('',(0.0269131890336262,-0.003556,-0.0125277170554377));
#4261=CARTESIAN_POINT('',(0.0269131890336262,-0.003556,-0.0125277170554377));
#4262=CARTESIAN_POINT('',(0.027305,-0.003556,-0.0125277170554377));
#4263=CARTESIAN_POINT('',(0.027305,-0.003556,-0.0129224519842472));
#4264=CARTESIAN_POINT('',(0.0240769454710694,-0.003556,-0.0125277170554377));
#4265=CARTESIAN_POINT('',(0.0212407019085125,-0.003556,-0.0125277170554377));
#4266=CARTESIAN_POINT('',(0.0212407019085125,-0.003556,-0.0125277170554377));
#4267=CARTESIAN_POINT('',(0.0240769454710694,-0.003556,-0.0125277170554377));
#4268=CARTESIAN_POINT('',(0.0198196561647986,-0.003556,-0.0112382496213269));
#4269=CARTESIAN_POINT('',(0.0198196561647986,-0.00381,-0.0112382496213269));
#4270=CARTESIAN_POINT('',(0.0198196561647986,-0.003556,-0.0120978945774008));
#4271=CARTESIAN_POINT('',(0.0198196561647986,-0.00381,-0.0120978945774008));
#4272=CARTESIAN_POINT('',(0.0202933380793699,-0.003556,-0.0125277170554377));
#4273=CARTESIAN_POINT('',(0.0202933380793699,-0.00381,-0.0125277170554377));
#4274=CARTESIAN_POINT('',(0.0212407019085125,-0.003556,-0.0125277170554377));
#4275=CARTESIAN_POINT('',(0.0212407019085125,-0.00381,-0.0125277170554377));
#4276=CARTESIAN_POINT('',(0.0198196561647986,-0.003556,-0.0112382496213269));
#4277=CARTESIAN_POINT('',(0.0198196561647986,-0.003556,-0.0112382496213269));
#4278=CARTESIAN_POINT('',(0.0198196561647986,-0.003556,-0.0112382496213269));
#4279=CARTESIAN_POINT('',(0.0198196561647986,-0.003556,-0.0125277170554377));
#4280=CARTESIAN_POINT('',(0.0212407019085125,-0.003556,-0.0125277170554377));
#4281=CARTESIAN_POINT('',(0.0198196561647986,-0.003556,-0.0109005319600121));
#4282=CARTESIAN_POINT('',(0.0198196561647986,-0.003556,-0.0105628142986974));
#4283=CARTESIAN_POINT('',(0.0198196561647986,-0.003556,-0.0105628142986974));
#4284=CARTESIAN_POINT('',(0.0198196561647986,-0.003556,-0.0109005319600121));
#4285=CARTESIAN_POINT('',(0.0200725789154802,-0.003556,-0.00971194122993032));
#4286=CARTESIAN_POINT('',(0.0200725789154802,-0.00381,-0.00971194122993032));
#4287=CARTESIAN_POINT('',(0.0199039637483591,-0.003556,-0.00987958174290618));
#4288=CARTESIAN_POINT('',(0.0199039637483591,-0.00381,-0.00987958174290618));
#4289=CARTESIAN_POINT('',(0.0198196561647986,-0.003556,-0.0101632060991619));
#4290=CARTESIAN_POINT('',(0.0198196561647986,-0.00381,-0.0101632060991619));
#4291=CARTESIAN_POINT('',(0.0198196561647986,-0.003556,-0.0105628142986974));
#4292=CARTESIAN_POINT('',(0.0198196561647986,-0.00381,-0.0105628142986974));
#4293=CARTESIAN_POINT('',(0.0200725789154802,-0.003556,-0.00971194122993032));
#4294=CARTESIAN_POINT('',(0.0200725789154802,-0.003556,-0.00971194122993032));
#4295=CARTESIAN_POINT('',(0.0200725789154802,-0.003556,-0.00971194122993032));
#4296=CARTESIAN_POINT('',(0.0198196561647986,-0.003556,-0.00996340199939411));
#4297=CARTESIAN_POINT('',(0.0198196561647986,-0.003556,-0.0105628142986974));
#4298=CARTESIAN_POINT('',(0.020924913965465,-0.003556,-0.00946048046046652));
#4299=CARTESIAN_POINT('',(0.020924913965465,-0.00381,-0.00946048046046652));
#4300=CARTESIAN_POINT('',(0.0205253057659295,-0.003556,-0.00946048046046652));
#4301=CARTESIAN_POINT('',(0.0205253057659295,-0.00381,-0.00946048046046652));
#4302=CARTESIAN_POINT('',(0.0202411940826012,-0.003556,-0.00954430071695445));
#4303=CARTESIAN_POINT('',(0.0202411940826012,-0.00381,-0.00954430071695445));
#4304=CARTESIAN_POINT('',(0.0200725789154802,-0.003556,-0.00971194122993032));
#4305=CARTESIAN_POINT('',(0.0200725789154802,-0.00381,-0.00971194122993032));
#4306=CARTESIAN_POINT('',(0.020924913965465,-0.003556,-0.00946048046046652));
#4307=CARTESIAN_POINT('',(0.020924913965465,-0.003556,-0.00946048046046652));
#4308=CARTESIAN_POINT('',(0.020924913965465,-0.003556,-0.00946048046046652));
#4309=CARTESIAN_POINT('',(0.0203255016661618,-0.003556,-0.00946048046046652));
#4310=CARTESIAN_POINT('',(0.0200725789154802,-0.003556,-0.00971194122993032));
#4311=CARTESIAN_POINT('',(0.0239190514995456,-0.003556,-0.00946048046046652));
#4312=CARTESIAN_POINT('',(0.0269131890336262,-0.003556,-0.00946048046046652));
#4313=CARTESIAN_POINT('',(0.0269131890336262,-0.003556,-0.00946048046046652));
#4314=CARTESIAN_POINT('',(0.0239190514995456,-0.003556,-0.00946048046046652));
#4315=CARTESIAN_POINT('',(0.027305,-0.003556,-0.00906574553165707));
#4316=CARTESIAN_POINT('',(0.027305,-0.00381,-0.00906574553165707));
#4317=CARTESIAN_POINT('',(0.027305,-0.003556,-0.00932890215086337));
#4318=CARTESIAN_POINT('',(0.027305,-0.00381,-0.00932890215086337));
#4319=CARTESIAN_POINT('',(0.0271743963445421,-0.003556,-0.00946048046046652));
#4320=CARTESIAN_POINT('',(0.0271743963445421,-0.00381,-0.00946048046046652));
#4321=CARTESIAN_POINT('',(0.0269131890336262,-0.003556,-0.00946048046046652));
#4322=CARTESIAN_POINT('',(0.0269131890336262,-0.00381,-0.00946048046046652));
#4323=CARTESIAN_POINT('',(0.027305,-0.003556,-0.00906574553165707));
#4324=CARTESIAN_POINT('',(0.027305,-0.003556,-0.00906574553165707));
#4325=CARTESIAN_POINT('',(0.027305,-0.003556,-0.00906574553165707));
#4326=CARTESIAN_POINT('',(0.027305,-0.003556,-0.00946048046046652));
#4327=CARTESIAN_POINT('',(0.0269131890336262,-0.003556,-0.00946048046046652));
#4328=CARTESIAN_POINT('',(0.027305,-0.003556,-0.0082806616176916));
#4329=CARTESIAN_POINT('',(0.027305,-0.003556,-0.00749557770372614));
#4330=CARTESIAN_POINT('',(0.027305,-0.003556,-0.00749557770372614));
#4331=CARTESIAN_POINT('',(0.027305,-0.003556,-0.0082806616176916));
#4332=CARTESIAN_POINT('',(0.0269131890336262,-0.003556,-0.00708329900030293));
#4333=CARTESIAN_POINT('',(0.0269131890336262,-0.00381,-0.00708329900030293));
#4334=CARTESIAN_POINT('',(0.0271743963445421,-0.003556,-0.00708329900030293));
#4335=CARTESIAN_POINT('',(0.0271743963445421,-0.00381,-0.00708329900030293));
#4336=CARTESIAN_POINT('',(0.027305,-0.003556,-0.00722072523477733));
#4337=CARTESIAN_POINT('',(0.027305,-0.00381,-0.00722072523477733));
#4338=CARTESIAN_POINT('',(0.027305,-0.003556,-0.00749557770372614));
#4339=CARTESIAN_POINT('',(0.027305,-0.00381,-0.00749557770372614));
#4340=CARTESIAN_POINT('',(0.0269131890336262,-0.003556,-0.00708329900030293));
#4341=CARTESIAN_POINT('',(0.0269131890336262,-0.003556,-0.00708329900030293));
#4342=CARTESIAN_POINT('',(0.0269131890336262,-0.003556,-0.00708329900030293));
#4343=CARTESIAN_POINT('',(0.027305,-0.003556,-0.00708329900030293));
#4344=CARTESIAN_POINT('',(0.027305,-0.003556,-0.00749557770372614));
#4345=CARTESIAN_POINT('',(0.0238620342320509,-0.003556,-0.00708329900030293));
#4346=CARTESIAN_POINT('',(0.0208108794304756,-0.003556,-0.00708329900030293));
#4347=CARTESIAN_POINT('',(0.0208108794304756,-0.003556,-0.00708329900030293));
#4348=CARTESIAN_POINT('',(0.0238620342320509,-0.003556,-0.00708329900030293));
#4349=CARTESIAN_POINT('',(0.0177611866101181,-0.003556,-0.0100218812481066));
#4350=CARTESIAN_POINT('',(0.0177611866101181,-0.00381,-0.0100218812481066));
#4351=CARTESIAN_POINT('',(0.0177611866101181,-0.003556,-0.00806282641623749));
#4352=CARTESIAN_POINT('',(0.0177611866101181,-0.00381,-0.00806282641623749));
#4353=CARTESIAN_POINT('',(0.0187777508835706,-0.003556,-0.00708329900030293));
#4354=CARTESIAN_POINT('',(0.0187777508835706,-0.00381,-0.00708329900030293));
#4355=CARTESIAN_POINT('',(0.0208108794304756,-0.003556,-0.00708329900030293));
#4356=CARTESIAN_POINT('',(0.0208108794304756,-0.00381,-0.00708329900030293));
#4357=CARTESIAN_POINT('',(0.0177611866101181,-0.003556,-0.0100218812481066));
#4358=CARTESIAN_POINT('',(0.0177611866101181,-0.003556,-0.0100218812481066));
#4359=CARTESIAN_POINT('',(0.0177611866101181,-0.003556,-0.0100218812481066));
#4360=CARTESIAN_POINT('',(0.0177611866101181,-0.003556,-0.00708329900030293));
#4361=CARTESIAN_POINT('',(0.0208108794304756,-0.003556,-0.00708329900030293));
#4362=CARTESIAN_POINT('',(0.0177611866101181,-0.003556,-0.0103201254165404));
#4363=CARTESIAN_POINT('',(0.0177611866101181,-0.003556,-0.0106183695849742));
#4364=CARTESIAN_POINT('',(0.0177611866101181,-0.003556,-0.0106183695849742));
#4365=CARTESIAN_POINT('',(0.0177611866101181,-0.003556,-0.0103201254165404));
#4366=CARTESIAN_POINT('',(0.0187728776128446,-0.003556,-0.0124546179945471));
#4367=CARTESIAN_POINT('',(0.0187728776128446,-0.00381,-0.0124546179945471));
#4368=CARTESIAN_POINT('',(0.0180984169443603,-0.003556,-0.0121797655255983));
#4369=CARTESIAN_POINT('',(0.0180984169443603,-0.00381,-0.0121797655255983));
#4370=CARTESIAN_POINT('',(0.0177611866101181,-0.003556,-0.0115676827224073));
#4371=CARTESIAN_POINT('',(0.0177611866101181,-0.00381,-0.0115676827224073));
#4372=CARTESIAN_POINT('',(0.0177611866101181,-0.003556,-0.0106183695849742));
#4373=CARTESIAN_POINT('',(0.0177611866101181,-0.00381,-0.0106183695849742));
#4374=CARTESIAN_POINT('',(0.0187728776128446,-0.003556,-0.0124546179945471));
#4375=CARTESIAN_POINT('',(0.0187728776128446,-0.003556,-0.0124546179945471));
#4376=CARTESIAN_POINT('',(0.0187728776128446,-0.003556,-0.0124546179945471));
#4377=CARTESIAN_POINT('',(0.0177611866101181,-0.003556,-0.0120423392911239));
#4378=CARTESIAN_POINT('',(0.0177611866101181,-0.003556,-0.0106183695849742));
#4379=CARTESIAN_POINT('',(0.0187728776128446,-0.003556,-0.0124911675249924));
#4380=CARTESIAN_POINT('',(0.0187728776128446,-0.003556,-0.0125277170554377));
#4381=CARTESIAN_POINT('',(0.0187728776128446,-0.003556,-0.0125277170554377));
#4382=CARTESIAN_POINT('',(0.0187728776128446,-0.003556,-0.0124911675249924));
#4383=CARTESIAN_POINT('',(0.0184629375946683,-0.003556,-0.0125277170554377));
#4384=CARTESIAN_POINT('',(0.0181529975764919,-0.003556,-0.0125277170554377));
#4385=CARTESIAN_POINT('',(0.0181529975764919,-0.003556,-0.0125277170554377));
#4386=CARTESIAN_POINT('',(0.0184629375946683,-0.003556,-0.0125277170554377));
#4387=CARTESIAN_POINT('',(0.0177611866101181,-0.003556,-0.0129224519842472));
#4388=CARTESIAN_POINT('',(0.0177611866101181,-0.00381,-0.0129224519842472));
#4389=CARTESIAN_POINT('',(0.0177611866101181,-0.003556,-0.0126592953650409));
#4390=CARTESIAN_POINT('',(0.0177611866101181,-0.00381,-0.0126592953650409));
#4391=CARTESIAN_POINT('',(0.0178917902655761,-0.003556,-0.0125277170554377));
#4392=CARTESIAN_POINT('',(0.0178917902655761,-0.00381,-0.0125277170554377));
#4393=CARTESIAN_POINT('',(0.0181529975764919,-0.003556,-0.0125277170554377));
#4394=CARTESIAN_POINT('',(0.0181529975764919,-0.00381,-0.0125277170554377));
#4395=CARTESIAN_POINT('',(0.0177611866101181,-0.003556,-0.0129224519842472));
#4396=CARTESIAN_POINT('',(0.0177611866101181,-0.003556,-0.0129224519842472));
#4397=CARTESIAN_POINT('',(0.0177611866101181,-0.003556,-0.0129224519842472));
#4398=CARTESIAN_POINT('',(0.0177611866101181,-0.003556,-0.0125277170554377));
#4399=CARTESIAN_POINT('',(0.0181529975764919,-0.003556,-0.0125277170554377));
#4400=CARTESIAN_POINT('',(0.0177611866101181,-0.003556,-0.0137177697667373));
#4401=CARTESIAN_POINT('',(0.0177611866101181,-0.003556,-0.0145130875492275));
#4402=CARTESIAN_POINT('',(0.0177611866101181,-0.003556,-0.0145130875492275));
#4403=CARTESIAN_POINT('',(0.0177611866101181,-0.003556,-0.0137177697667373));
#4404=CARTESIAN_POINT('',(0.0181529975764919,-0.003556,-0.0149048985156013));
#4405=CARTESIAN_POINT('',(0.0181529975764919,-0.00381,-0.0149048985156013));
#4406=CARTESIAN_POINT('',(0.0178917902655761,-0.003556,-0.0149048985156013));
#4407=CARTESIAN_POINT('',(0.0178917902655761,-0.00381,-0.0149048985156013));
#4408=CARTESIAN_POINT('',(0.0177611866101181,-0.003556,-0.0147742948601434));
#4409=CARTESIAN_POINT('',(0.0177611866101181,-0.00381,-0.0147742948601434));
#4410=CARTESIAN_POINT('',(0.0177611866101181,-0.003556,-0.0145130875492275));
#4411=CARTESIAN_POINT('',(0.0177611866101181,-0.00381,-0.0145130875492275));
#4412=CARTESIAN_POINT('',(0.0181529975764919,-0.003556,-0.0149048985156013));
#4413=CARTESIAN_POINT('',(0.0181529975764919,-0.003556,-0.0149048985156013));
#4414=CARTESIAN_POINT('',(0.0181529975764919,-0.003556,-0.0149048985156013));
#4415=CARTESIAN_POINT('',(0.0177611866101181,-0.003556,-0.0149048985156013));
#4416=CARTESIAN_POINT('',(0.0177611866101181,-0.003556,-0.0145130875492275));
#4417=CARTESIAN_POINT('',(0.0225330933050591,-0.003556,-0.0149048985156013));
#4418=CARTESIAN_POINT('',(0.0269131890336262,-0.003556,-0.0149048985156013));
#4419=CARTESIAN_POINT('',(0.0269131890336262,-0.003556,-0.0149048985156013));
#4420=CARTESIAN_POINT('',(0.0225330933050591,-0.003556,-0.0149048985156013));
#4421=CARTESIAN_POINT('',(0.027305,-0.003556,-0.0145130875492275));
#4422=CARTESIAN_POINT('',(0.027305,-0.00381,-0.0145130875492275));
#4423=CARTESIAN_POINT('',(0.027305,-0.003556,-0.0147742948601434));
#4424=CARTESIAN_POINT('',(0.027305,-0.00381,-0.0147742948601434));
#4425=CARTESIAN_POINT('',(0.0271743963445421,-0.003556,-0.0149048985156013));
#4426=CARTESIAN_POINT('',(0.0271743963445421,-0.00381,-0.0149048985156013));
#4427=CARTESIAN_POINT('',(0.0269131890336262,-0.003556,-0.0149048985156013));
#4428=CARTESIAN_POINT('',(0.0269131890336262,-0.00381,-0.0149048985156013));
#4429=CARTESIAN_POINT('',(0.027305,-0.003556,-0.0145130875492275));
#4430=CARTESIAN_POINT('',(0.027305,-0.003556,-0.0149048985156013));
#4431=CARTESIAN_POINT('',(0.0269131890336262,-0.003556,-0.0149048985156013));
#4432=CARTESIAN_POINT('',(0.,-0.003556,3.46944695195361E-18));
#4433=CARTESIAN_POINT('',(0.027305,-0.003556,0.0150437867312935));
#4434=CARTESIAN_POINT('',(0.027305,-0.003556,0.015969220842169));
#4435=CARTESIAN_POINT('',(0.027305,-0.003556,0.015969220842169));
#4436=CARTESIAN_POINT('',(0.027305,-0.003556,0.0150437867312935));
#4437=CARTESIAN_POINT('',(0.027305,-0.003556,0.0141183526204181));
#4438=CARTESIAN_POINT('',(0.027305,-0.003556,0.0141183526204181));
#4439=CARTESIAN_POINT('',(0.0269307328082399,-0.003556,0.0165306216298092));
#4440=CARTESIAN_POINT('',(0.0269307328082399,-0.00381,0.0165306216298092));
#4441=CARTESIAN_POINT('',(0.0271802442694133,-0.003556,0.0164195110572554));
#4442=CARTESIAN_POINT('',(0.0271802442694133,-0.00381,0.0164195110572554));
#4443=CARTESIAN_POINT('',(0.027305,-0.003556,0.0162323774613754));
#4444=CARTESIAN_POINT('',(0.027305,-0.00381,0.0162323774613754));
#4445=CARTESIAN_POINT('',(0.027305,-0.003556,0.015969220842169));
#4446=CARTESIAN_POINT('',(0.027305,-0.00381,0.015969220842169));
#4447=CARTESIAN_POINT('',(0.0269307328082399,-0.003556,0.0165306216298092));
#4448=CARTESIAN_POINT('',(0.0269307328082399,-0.003556,0.0165306216298092));
#4449=CARTESIAN_POINT('',(0.0269307328082399,-0.003556,0.0165306216298092));
#4450=CARTESIAN_POINT('',(0.027305,-0.003556,0.0163639557709785));
#4451=CARTESIAN_POINT('',(0.027305,-0.003556,0.015969220842169));
#4452=CARTESIAN_POINT('',(0.0249102747652226,-0.003556,0.0174662896092093));
#4453=CARTESIAN_POINT('',(0.0228898167222054,-0.003556,0.0184019575886096));
#4454=CARTESIAN_POINT('',(0.0228898167222054,-0.003556,0.0184019575886096));
#4455=CARTESIAN_POINT('',(0.0249102747652226,-0.003556,0.0174662896092093));
#4456=CARTESIAN_POINT('',(0.0228898167222054,-0.003556,0.0184399691002726));
#4457=CARTESIAN_POINT('',(0.0228898167222054,-0.003556,0.0184779806119358));
#4458=CARTESIAN_POINT('',(0.0228898167222054,-0.003556,0.0184779806119358));
#4459=CARTESIAN_POINT('',(0.0228898167222054,-0.003556,0.0184399691002726));
#4460=CARTESIAN_POINT('',(0.0249102747652226,-0.003556,0.0194034147228113));
#4461=CARTESIAN_POINT('',(0.0269307328082399,-0.003556,0.0203288488336868));
#4462=CARTESIAN_POINT('',(0.0269307328082399,-0.003556,0.0203288488336868));
#4463=CARTESIAN_POINT('',(0.0249102747652226,-0.003556,0.0194034147228113));
#4464=CARTESIAN_POINT('',(0.027305,-0.003556,0.0208727058467131));
#4465=CARTESIAN_POINT('',(0.027305,-0.00381,0.0208727058467131));
#4466=CARTESIAN_POINT('',(0.027305,-0.003556,0.0206114985357972));
#4467=CARTESIAN_POINT('',(0.027305,-0.00381,0.0206114985357972));
#4468=CARTESIAN_POINT('',(0.0271802442694133,-0.003556,0.0204302128647885));
#4469=CARTESIAN_POINT('',(0.0271802442694133,-0.00381,0.0204302128647885));
#4470=CARTESIAN_POINT('',(0.0269307328082399,-0.003556,0.0203288488336868));
#4471=CARTESIAN_POINT('',(0.0269307328082399,-0.00381,0.0203288488336868));
#4472=CARTESIAN_POINT('',(0.027305,-0.003556,0.0208727058467131));
#4473=CARTESIAN_POINT('',(0.027305,-0.003556,0.0208727058467131));
#4474=CARTESIAN_POINT('',(0.027305,-0.003556,0.0208727058467131));
#4475=CARTESIAN_POINT('',(0.027305,-0.003556,0.0204808948803393));
#4476=CARTESIAN_POINT('',(0.0269307328082399,-0.003556,0.0203288488336868));
#4477=CARTESIAN_POINT('',(0.027305,-0.003556,0.0218083738261133));
#4478=CARTESIAN_POINT('',(0.027305,-0.003556,0.0227440418055135));
#4479=CARTESIAN_POINT('',(0.027305,-0.003556,0.0227440418055135));
#4480=CARTESIAN_POINT('',(0.027305,-0.003556,0.0218083738261133));
#4481=CARTESIAN_POINT('',(0.0271836555589216,-0.003556,0.0230247421993335));
#4482=CARTESIAN_POINT('',(0.0271836555589216,-0.00381,0.0230247421993335));
#4483=CARTESIAN_POINT('',(0.0272645518529739,-0.003556,0.0229740601837827));
#4484=CARTESIAN_POINT('',(0.0272645518529739,-0.00381,0.0229740601837827));
#4485=CARTESIAN_POINT('',(0.027305,-0.003556,0.0228804933858427));
#4486=CARTESIAN_POINT('',(0.027305,-0.00381,0.0228804933858427));
#4487=CARTESIAN_POINT('',(0.027305,-0.003556,0.0227440418055135));
#4488=CARTESIAN_POINT('',(0.027305,-0.00381,0.0227440418055135));
#4489=CARTESIAN_POINT('',(0.0271836555589216,-0.003556,0.0230247421993335));
#4490=CARTESIAN_POINT('',(0.0271836555589216,-0.003556,0.0230247421993335));
#4491=CARTESIAN_POINT('',(0.0271836555589216,-0.003556,0.0230247421993335));
#4492=CARTESIAN_POINT('',(0.027305,-0.003556,0.0229487191760073));
#4493=CARTESIAN_POINT('',(0.027305,-0.003556,0.0227440418055135));
#4494=CARTESIAN_POINT('',(0.026875177521963,-0.003556,0.0230071984247198));
#4495=CARTESIAN_POINT('',(0.026875177521963,-0.00381,0.0230071984247198));
#4496=CARTESIAN_POINT('',(0.0269999332525497,-0.003556,0.0230695762900131));
#4497=CARTESIAN_POINT('',(0.0269999332525497,-0.00381,0.0230695762900131));
#4498=CARTESIAN_POINT('',(0.0271027592648693,-0.003556,0.0230754242148844));
#4499=CARTESIAN_POINT('',(0.0271027592648693,-0.00381,0.0230754242148844));
#4500=CARTESIAN_POINT('',(0.0271836555589216,-0.003556,0.0230247421993335));
#4501=CARTESIAN_POINT('',(0.0271836555589216,-0.00381,0.0230247421993335));
#4502=CARTESIAN_POINT('',(0.026875177521963,-0.003556,0.0230071984247198));
#4503=CARTESIAN_POINT('',(0.026875177521963,-0.003556,0.0230071984247198));
#4504=CARTESIAN_POINT('',(0.026875177521963,-0.003556,0.0230071984247198));
#4505=CARTESIAN_POINT('',(0.0270623111178431,-0.003556,0.0231007652226598));
#4506=CARTESIAN_POINT('',(0.0271836555589216,-0.003556,0.0230247421993335));
#4507=CARTESIAN_POINT('',(0.0240111563162678,-0.003556,0.0215569130566495));
#4508=CARTESIAN_POINT('',(0.0211471351105725,-0.003556,0.0201066276885792));
#4509=CARTESIAN_POINT('',(0.0211471351105725,-0.003556,0.0201066276885792));
#4510=CARTESIAN_POINT('',(0.0240111563162678,-0.003556,0.0215569130566495));
#4511=CARTESIAN_POINT('',(0.0184249260830052,-0.003556,0.0215276734322933));
#4512=CARTESIAN_POINT('',(0.0157027170554377,-0.003556,0.0229487191760073));
#4513=CARTESIAN_POINT('',(0.0157025607246765,-0.003556,0.0229484429723228));
#4514=CARTESIAN_POINT('',(0.0184249260830052,-0.003556,0.0215276734322933));
#4515=CARTESIAN_POINT('',(0.0155648956620635,-0.003556,0.0227052176644834));
#4516=CARTESIAN_POINT('',(0.0154132447743108,-0.003556,0.0229399472887004));
#4517=CARTESIAN_POINT('',(0.0154132447743108,-0.003556,0.0229399472887004));
#4518=CARTESIAN_POINT('',(0.0155648956620635,-0.003556,0.0227052176644834));
#4519=CARTESIAN_POINT('',(0.0152728945774008,-0.003556,0.0226680187821873));
#4520=CARTESIAN_POINT('',(0.0152728945774008,-0.00381,0.0226680187821873));
#4521=CARTESIAN_POINT('',(0.0152728945774008,-0.003556,0.0227927745127739));
#4522=CARTESIAN_POINT('',(0.0152728945774008,-0.00381,0.0227927745127739));
#4523=CARTESIAN_POINT('',(0.0153196779763708,-0.003556,0.0228834173482783));
#4524=CARTESIAN_POINT('',(0.0153196779763708,-0.00381,0.0228834173482783));
#4525=CARTESIAN_POINT('',(0.0154132447743108,-0.003556,0.0229399472887004));
#4526=CARTESIAN_POINT('',(0.0154132447743108,-0.00381,0.0229399472887004));
#4527=CARTESIAN_POINT('',(0.0152728945774008,-0.003556,0.0226680187821873));
#4528=CARTESIAN_POINT('',(0.0152728945774008,-0.003556,0.0226680187821873));
#4529=CARTESIAN_POINT('',(0.0152728945774008,-0.003556,0.0226680187821873));
#4530=CARTESIAN_POINT('',(0.0152728945774008,-0.003556,0.0228551523780673));
#4531=CARTESIAN_POINT('',(0.0154132447743108,-0.003556,0.0229399472887004));
#4532=CARTESIAN_POINT('',(0.0152728945774008,-0.003556,0.0217513565586186));
#4533=CARTESIAN_POINT('',(0.0152728945774008,-0.003556,0.02083469433505));
#4534=CARTESIAN_POINT('',(0.0152728945774008,-0.003556,0.02083469433505));
#4535=CARTESIAN_POINT('',(0.0152728945774008,-0.003556,0.0217513565586186));
#4536=CARTESIAN_POINT('',(0.0156647055437746,-0.003556,0.0202352820357467));
#4537=CARTESIAN_POINT('',(0.0156647055437746,-0.00381,0.0202352820357467));
#4538=CARTESIAN_POINT('',(0.0154034982328587,-0.003556,0.0203600377663334));
#4539=CARTESIAN_POINT('',(0.0154034982328587,-0.00381,0.0203600377663334));
#4540=CARTESIAN_POINT('',(0.0152728945774008,-0.003556,0.0205598418661012));
#4541=CARTESIAN_POINT('',(0.0152728945774008,-0.00381,0.0205598418661012));
#4542=CARTESIAN_POINT('',(0.0152728945774008,-0.003556,0.02083469433505));
#4543=CARTESIAN_POINT('',(0.0152728945774008,-0.00381,0.02083469433505));
#4544=CARTESIAN_POINT('',(0.0156647055437746,-0.003556,0.0202352820357467));
#4545=CARTESIAN_POINT('',(0.0156647055437746,-0.003556,0.0202352820357467));
#4546=CARTESIAN_POINT('',(0.0156647055437746,-0.003556,0.0202352820357467));
#4547=CARTESIAN_POINT('',(0.0152728945774008,-0.003556,0.0204224156316268));
#4548=CARTESIAN_POINT('',(0.0152728945774008,-0.003556,0.02083469433505));
#4549=CARTESIAN_POINT('',(0.017676391699485,-0.003556,0.0193566313238413));
#4550=CARTESIAN_POINT('',(0.0196880778551954,-0.003556,0.0184779806119358));
#4551=CARTESIAN_POINT('',(0.0196880778551954,-0.003556,0.0184779806119358));
#4552=CARTESIAN_POINT('',(0.017676391699485,-0.003556,0.0193566313238413));
#4553=CARTESIAN_POINT('',(0.0196880778551954,-0.003556,0.0184399691002726));
#4554=CARTESIAN_POINT('',(0.0196880778551954,-0.003556,0.0184019575886096));
#4555=CARTESIAN_POINT('',(0.0196880778551954,-0.003556,0.0184019575886096));
#4556=CARTESIAN_POINT('',(0.0196880778551954,-0.003556,0.0184399691002726));
#4557=CARTESIAN_POINT('',(0.017676391699485,-0.003556,0.0175130730081794));
#4558=CARTESIAN_POINT('',(0.0156647055437746,-0.003556,0.0166241884277492));
#4559=CARTESIAN_POINT('',(0.0156647055437746,-0.003556,0.0166241884277492));
#4560=CARTESIAN_POINT('',(0.017676391699485,-0.003556,0.0175130730081794));
#4561=CARTESIAN_POINT('',(0.0152728945774008,-0.003556,0.0160072323538322));
#4562=CARTESIAN_POINT('',(0.0152728945774008,-0.00381,0.0160072323538322));
#4563=CARTESIAN_POINT('',(0.0152728945774008,-0.003556,0.0163191216802989));
#4564=CARTESIAN_POINT('',(0.0152728945774008,-0.00381,0.0163191216802989));
#4565=CARTESIAN_POINT('',(0.0154034982328587,-0.003556,0.0165247737049379));
#4566=CARTESIAN_POINT('',(0.0154034982328587,-0.00381,0.0165247737049379));
#4567=CARTESIAN_POINT('',(0.0156647055437746,-0.003556,0.0166241884277492));
#4568=CARTESIAN_POINT('',(0.0156647055437746,-0.00381,0.0166241884277492));
#4569=CARTESIAN_POINT('',(0.0152728945774008,-0.003556,0.0160072323538322));
#4570=CARTESIAN_POINT('',(0.0152728945774008,-0.003556,0.0160072323538322));
#4571=CARTESIAN_POINT('',(0.0152728945774008,-0.003556,0.0160072323538322));
#4572=CARTESIAN_POINT('',(0.0152728945774008,-0.003556,0.0164750663435323));
#4573=CARTESIAN_POINT('',(0.0156647055437746,-0.003556,0.0166241884277492));
#4574=CARTESIAN_POINT('',(0.0152728945774008,-0.003556,0.0151095758860952));
#4575=CARTESIAN_POINT('',(0.0152728945774008,-0.003556,0.0142119194183581));
#4576=CARTESIAN_POINT('',(0.0152728945774008,-0.003556,0.0142119194183581));
#4577=CARTESIAN_POINT('',(0.0152728945774008,-0.003556,0.0151095758860952));
#4578=CARTESIAN_POINT('',(0.0154030109057861,-0.003556,0.0139487627991518));
#4579=CARTESIAN_POINT('',(0.0154030109057861,-0.00381,0.0139487627991518));
#4580=CARTESIAN_POINT('',(0.0153162666868626,-0.003556,0.0139994448147026));
#4581=CARTESIAN_POINT('',(0.0153162666868626,-0.00381,0.0139994448147026));
#4582=CARTESIAN_POINT('',(0.0152728945774008,-0.003556,0.0140871636877714));
#4583=CARTESIAN_POINT('',(0.0152728945774008,-0.00381,0.0140871636877714));
#4584=CARTESIAN_POINT('',(0.0152728945774008,-0.003556,0.0142119194183581));
#4585=CARTESIAN_POINT('',(0.0152728945774008,-0.00381,0.0142119194183581));
#4586=CARTESIAN_POINT('',(0.0154030109057861,-0.003556,0.0139487627991518));
#4587=CARTESIAN_POINT('',(0.0154030109057861,-0.003556,0.0139487627991518));
#4588=CARTESIAN_POINT('',(0.0154030109057861,-0.003556,0.0139487627991518));
#4589=CARTESIAN_POINT('',(0.0152728945774008,-0.003556,0.014024785822478));
#4590=CARTESIAN_POINT('',(0.0152728945774008,-0.003556,0.0142119194183581));
#4591=CARTESIAN_POINT('',(0.015685173280824,-0.003556,0.0139487627991518));
#4592=CARTESIAN_POINT('',(0.015685173280824,-0.00381,0.0139487627991518));
#4593=CARTESIAN_POINT('',(0.0155838092497223,-0.003556,0.0138980807836009));
#4594=CARTESIAN_POINT('',(0.0155838092497223,-0.00381,0.0138980807836009));
#4595=CARTESIAN_POINT('',(0.0154897551247097,-0.003556,0.0138980807836009));
#4596=CARTESIAN_POINT('',(0.0154897551247097,-0.00381,0.0138980807836009));
#4597=CARTESIAN_POINT('',(0.0154030109057861,-0.003556,0.0139487627991518));
#4598=CARTESIAN_POINT('',(0.0154030109057861,-0.00381,0.0139487627991518));
#4599=CARTESIAN_POINT('',(0.015685173280824,-0.003556,0.0139487627991518));
#4600=CARTESIAN_POINT('',(0.015685173280824,-0.003556,0.0139487627991518));
#4601=CARTESIAN_POINT('',(0.015685173280824,-0.003556,0.0139487627991518));
#4602=CARTESIAN_POINT('',(0.0155331272341715,-0.003556,0.0138727397758255));
#4603=CARTESIAN_POINT('',(0.0154030109057861,-0.003556,0.0139487627991518));
#4604=CARTESIAN_POINT('',(0.0184161541956982,-0.003556,0.015352264768252));
#4605=CARTESIAN_POINT('',(0.0211471351105725,-0.003556,0.0167557667373524));
#4606=CARTESIAN_POINT('',(0.0211471351105725,-0.003556,0.0167557667373524));
#4607=CARTESIAN_POINT('',(0.0184161541956982,-0.003556,0.015352264768252));
#4608=CARTESIAN_POINT('',(0.0240199282035747,-0.003556,0.0153054813692821));
#4609=CARTESIAN_POINT('',(0.0268927212965768,-0.003556,0.0138551960012118));
#4610=CARTESIAN_POINT('',(0.0268927212965768,-0.003556,0.0138551960012118));
#4611=CARTESIAN_POINT('',(0.0240199282035747,-0.003556,0.0153054813692821));
#4612=CARTESIAN_POINT('',(0.0271836555589216,-0.003556,0.0138551960012118));
#4613=CARTESIAN_POINT('',(0.0271836555589216,-0.00381,0.0138551960012118));
#4614=CARTESIAN_POINT('',(0.0271027592648693,-0.003556,0.0138045139856609));
#4615=CARTESIAN_POINT('',(0.0271027592648693,-0.00381,0.0138045139856609));
#4616=CARTESIAN_POINT('',(0.027005781177421,-0.003556,0.0138045139856609));
#4617=CARTESIAN_POINT('',(0.027005781177421,-0.00381,0.0138045139856609));
#4618=CARTESIAN_POINT('',(0.0268927212965768,-0.003556,0.0138551960012118));
#4619=CARTESIAN_POINT('',(0.0268927212965768,-0.00381,0.0138551960012118));
#4620=CARTESIAN_POINT('',(0.0271836555589216,-0.003556,0.0138551960012118));
#4621=CARTESIAN_POINT('',(0.0271836555589216,-0.003556,0.0138551960012118));
#4622=CARTESIAN_POINT('',(0.0271836555589216,-0.003556,0.0138551960012118));
#4623=CARTESIAN_POINT('',(0.0270623111178431,-0.003556,0.0137791729778855));
#4624=CARTESIAN_POINT('',(0.0268927212965768,-0.003556,0.0138551960012118));
#4625=CARTESIAN_POINT('',(0.027305,-0.003556,0.0141183526204181));
#4626=CARTESIAN_POINT('',(0.027305,-0.00381,0.0141183526204181));
#4627=CARTESIAN_POINT('',(0.027305,-0.003556,0.0139935968898314));
#4628=CARTESIAN_POINT('',(0.027305,-0.00381,0.0139935968898314));
#4629=CARTESIAN_POINT('',(0.0272645518529739,-0.003556,0.0139058780167626));
#4630=CARTESIAN_POINT('',(0.0272645518529739,-0.00381,0.0139058780167626));
#4631=CARTESIAN_POINT('',(0.0271836555589216,-0.003556,0.0138551960012118));
#4632=CARTESIAN_POINT('',(0.0271836555589216,-0.00381,0.0138551960012118));
#4633=CARTESIAN_POINT('',(0.027305,-0.003556,0.0141183526204181));
#4634=CARTESIAN_POINT('',(0.027305,-0.003556,0.013931219024538));
#4635=CARTESIAN_POINT('',(0.0271836555589216,-0.003556,0.0138551960012118));
#4636=CARTESIAN_POINT('',(0.,-0.003556,3.46944695195361E-18));
#4637=CARTESIAN_POINT('',(0.021924909118449,-0.003556,0.000138888215692225));
#4638=CARTESIAN_POINT('',(0.021924909118449,-0.00381,0.000138888215692225));
#4639=CARTESIAN_POINT('',(0.0238254847016056,-0.00381,0.000138888215692225));
#4640=CARTESIAN_POINT('',(0.0200243335352924,-0.00381,0.000138888215692225));
#4641=CARTESIAN_POINT('',(0.0238254847016056,-0.003556,0.000138888215692225));
#4642=CARTESIAN_POINT('',(0.0238254847016056,-0.003556,0.000138888215692225));
#4643=CARTESIAN_POINT('',(0.021924909118449,-0.003556,0.000138888215692225));
#4644=CARTESIAN_POINT('',(0.0200243335352924,-0.003556,0.000138888215692225));
#4645=CARTESIAN_POINT('',(0.0200243335352924,-0.003556,0.000138888215692225));
#4646=CARTESIAN_POINT('',(0.0252465304453196,-0.003556,-0.00115057921841865));
#4647=CARTESIAN_POINT('',(0.0252465304453196,-0.00381,-0.00115057921841865));
#4648=CARTESIAN_POINT('',(0.0252465304453196,-0.003556,-0.000290934262344734));
#4649=CARTESIAN_POINT('',(0.0252465304453196,-0.00381,-0.000290934262344734));
#4650=CARTESIAN_POINT('',(0.0247728485307483,-0.003556,0.000138888215692225));
#4651=CARTESIAN_POINT('',(0.0247728485307483,-0.00381,0.000138888215692225));
#4652=CARTESIAN_POINT('',(0.0238254847016056,-0.003556,0.000138888215692225));
#4653=CARTESIAN_POINT('',(0.0238254847016056,-0.00381,0.000138888215692225));
#4654=CARTESIAN_POINT('',(0.0252465304453196,-0.00381,-0.00115057921841865));
#4655=CARTESIAN_POINT('',(0.0252465304453196,-0.00381,0.000138888215692225));
#4656=CARTESIAN_POINT('',(0.0238254847016056,-0.00381,0.000138888215692225));
#4657=CARTESIAN_POINT('',(0.0252465304453196,-0.00381,-0.00115057921841865));
#4658=CARTESIAN_POINT('',(0.0252465304453196,-0.003556,-0.00115057921841865));
#4659=CARTESIAN_POINT('',(0.0252465304453196,-0.003556,-0.00115057921841865));
#4660=CARTESIAN_POINT('',(0.0252465304453196,-0.003556,-0.00115057921841865));
#4661=CARTESIAN_POINT('',(0.0252465304453196,-0.003556,0.000138888215692225));
#4662=CARTESIAN_POINT('',(0.0238254847016056,-0.003556,0.000138888215692225));
#4663=CARTESIAN_POINT('',(0.0252465304453196,-0.003556,-0.00149706876704028));
#4664=CARTESIAN_POINT('',(0.0252465304453196,-0.00381,-0.00149706876704028));
#4665=CARTESIAN_POINT('',(0.0252465304453196,-0.00381,-0.00184355831566191));
#4666=CARTESIAN_POINT('',(0.0252465304453196,-0.003556,-0.00184355831566191));
#4667=CARTESIAN_POINT('',(0.0252465304453196,-0.003556,-0.00184355831566191));
#4668=CARTESIAN_POINT('',(0.0252465304453196,-0.003556,-0.00149706876704028));
#4669=CARTESIAN_POINT('',(0.024993607694638,-0.003556,-0.00268565949712208));
#4670=CARTESIAN_POINT('',(0.024993607694638,-0.00381,-0.00268565949712208));
#4671=CARTESIAN_POINT('',(0.0251622228617591,-0.003556,-0.00252386690901746));
#4672=CARTESIAN_POINT('',(0.0251622228617591,-0.00381,-0.00252386690901746));
#4673=CARTESIAN_POINT('',(0.0252465304453196,-0.003556,-0.0022431665151974));
#4674=CARTESIAN_POINT('',(0.0252465304453196,-0.00381,-0.0022431665151974));
#4675=CARTESIAN_POINT('',(0.0252465304453196,-0.003556,-0.00184355831566191));
#4676=CARTESIAN_POINT('',(0.0252465304453196,-0.00381,-0.00184355831566191));
#4677=CARTESIAN_POINT('',(0.024993607694638,-0.00381,-0.00268565949712208));
#4678=CARTESIAN_POINT('',(0.0252465304453196,-0.00381,-0.00244297061496515));
#4679=CARTESIAN_POINT('',(0.0252465304453196,-0.00381,-0.00184355831566191));
#4680=CARTESIAN_POINT('',(0.024993607694638,-0.00381,-0.00268565949712208));
#4681=CARTESIAN_POINT('',(0.024993607694638,-0.003556,-0.00268565949712208));
#4682=CARTESIAN_POINT('',(0.024993607694638,-0.003556,-0.00268565949712208));
#4683=CARTESIAN_POINT('',(0.024993607694638,-0.003556,-0.00268565949712208));
#4684=CARTESIAN_POINT('',(0.0252465304453196,-0.003556,-0.00244297061496515));
#4685=CARTESIAN_POINT('',(0.0252465304453196,-0.003556,-0.00184355831566191));
#4686=CARTESIAN_POINT('',(0.0241412726446531,-0.003556,-0.002928348379279));
#4687=CARTESIAN_POINT('',(0.0241412726446531,-0.00381,-0.002928348379279));
#4688=CARTESIAN_POINT('',(0.0245408808441887,-0.003556,-0.002928348379279));
#4689=CARTESIAN_POINT('',(0.0245408808441887,-0.00381,-0.002928348379279));
#4690=CARTESIAN_POINT('',(0.0248249925275169,-0.003556,-0.00284745208522669));
#4691=CARTESIAN_POINT('',(0.0248249925275169,-0.00381,-0.00284745208522669));
#4692=CARTESIAN_POINT('',(0.024993607694638,-0.003556,-0.00268565949712208));
#4693=CARTESIAN_POINT('',(0.024993607694638,-0.00381,-0.00268565949712208));
#4694=CARTESIAN_POINT('',(0.0241412726446531,-0.00381,-0.002928348379279));
#4695=CARTESIAN_POINT('',(0.0247406849439564,-0.00381,-0.002928348379279));
#4696=CARTESIAN_POINT('',(0.024993607694638,-0.00381,-0.00268565949712208));
#4697=CARTESIAN_POINT('',(0.0241412726446531,-0.00381,-0.002928348379279));
#4698=CARTESIAN_POINT('',(0.0241412726446531,-0.003556,-0.002928348379279));
#4699=CARTESIAN_POINT('',(0.0241412726446531,-0.003556,-0.002928348379279));
#4700=CARTESIAN_POINT('',(0.0241412726446531,-0.003556,-0.002928348379279));
#4701=CARTESIAN_POINT('',(0.0247406849439564,-0.003556,-0.002928348379279));
#4702=CARTESIAN_POINT('',(0.024993607694638,-0.003556,-0.00268565949712208));
#4703=CARTESIAN_POINT('',(0.0225330933050591,-0.003556,-0.002928348379279));
#4704=CARTESIAN_POINT('',(0.0225330933050591,-0.00381,-0.002928348379279));
#4705=CARTESIAN_POINT('',(0.020924913965465,-0.00381,-0.002928348379279));
#4706=CARTESIAN_POINT('',(0.020924913965465,-0.003556,-0.002928348379279));
#4707=CARTESIAN_POINT('',(0.020924913965465,-0.003556,-0.002928348379279));
#4708=CARTESIAN_POINT('',(0.0225330933050591,-0.003556,-0.002928348379279));
#4709=CARTESIAN_POINT('',(0.0200725789154802,-0.003556,-0.00268565949712208));
#4710=CARTESIAN_POINT('',(0.0200725789154802,-0.00381,-0.00268565949712208));
#4711=CARTESIAN_POINT('',(0.0202411940826012,-0.003556,-0.00284745208522669));
#4712=CARTESIAN_POINT('',(0.0202411940826012,-0.00381,-0.00284745208522669));
#4713=CARTESIAN_POINT('',(0.0205253057659295,-0.003556,-0.002928348379279));
#4714=CARTESIAN_POINT('',(0.0205253057659295,-0.00381,-0.002928348379279));
#4715=CARTESIAN_POINT('',(0.020924913965465,-0.003556,-0.002928348379279));
#4716=CARTESIAN_POINT('',(0.020924913965465,-0.00381,-0.002928348379279));
#4717=CARTESIAN_POINT('',(0.0200725789154802,-0.00381,-0.00268565949712208));
#4718=CARTESIAN_POINT('',(0.0203255016661618,-0.00381,-0.002928348379279));
#4719=CARTESIAN_POINT('',(0.020924913965465,-0.00381,-0.002928348379279));
#4720=CARTESIAN_POINT('',(0.0200725789154802,-0.00381,-0.00268565949712208));
#4721=CARTESIAN_POINT('',(0.0200725789154802,-0.003556,-0.00268565949712208));
#4722=CARTESIAN_POINT('',(0.0200725789154802,-0.003556,-0.00268565949712208));
#4723=CARTESIAN_POINT('',(0.0200725789154802,-0.003556,-0.00268565949712208));
#4724=CARTESIAN_POINT('',(0.0203255016661618,-0.003556,-0.002928348379279));
#4725=CARTESIAN_POINT('',(0.020924913965465,-0.003556,-0.002928348379279));
#4726=CARTESIAN_POINT('',(0.0198196561647986,-0.003556,-0.00184355831566191));
#4727=CARTESIAN_POINT('',(0.0198196561647986,-0.00381,-0.00184355831566191));
#4728=CARTESIAN_POINT('',(0.0198196561647986,-0.003556,-0.0022431665151974));
#4729=CARTESIAN_POINT('',(0.0198196561647986,-0.00381,-0.0022431665151974));
#4730=CARTESIAN_POINT('',(0.0199039637483591,-0.003556,-0.00252386690901746));
#4731=CARTESIAN_POINT('',(0.0199039637483591,-0.00381,-0.00252386690901746));
#4732=CARTESIAN_POINT('',(0.0200725789154802,-0.003556,-0.00268565949712208));
#4733=CARTESIAN_POINT('',(0.0200725789154802,-0.00381,-0.00268565949712208));
#4734=CARTESIAN_POINT('',(0.0198196561647986,-0.00381,-0.00184355831566191));
#4735=CARTESIAN_POINT('',(0.0198196561647986,-0.00381,-0.00244297061496515));
#4736=CARTESIAN_POINT('',(0.0200725789154802,-0.00381,-0.00268565949712208));
#4737=CARTESIAN_POINT('',(0.0198196561647986,-0.00381,-0.00184355831566191));
#4738=CARTESIAN_POINT('',(0.0198196561647986,-0.003556,-0.00184355831566191));
#4739=CARTESIAN_POINT('',(0.0198196561647986,-0.003556,-0.00184355831566191));
#4740=CARTESIAN_POINT('',(0.0198196561647986,-0.003556,-0.00184355831566191));
#4741=CARTESIAN_POINT('',(0.0198196561647986,-0.003556,-0.00244297061496515));
#4742=CARTESIAN_POINT('',(0.0200725789154802,-0.003556,-0.00268565949712208));
#4743=CARTESIAN_POINT('',(0.0198196561647986,-0.003556,-0.000963445622538615));
#4744=CARTESIAN_POINT('',(0.0198196561647986,-0.00381,-0.000963445622538615));
#4745=CARTESIAN_POINT('',(0.0198196561647986,-0.00381,-8.33329294153175E-5));
#4746=CARTESIAN_POINT('',(0.0198196561647986,-0.003556,-8.33329294153175E-5));
#4747=CARTESIAN_POINT('',(0.0198196561647986,-0.003556,-8.33329294153175E-5));
#4748=CARTESIAN_POINT('',(0.0198196561647986,-0.003556,-0.000963445622538615));
#4749=CARTESIAN_POINT('',(0.027305,-0.003556,-0.00199268039987881));
#4750=CARTESIAN_POINT('',(0.027305,-0.003556,-0.00176753529233564));
#4751=CARTESIAN_POINT('',(0.027304955042055,-0.003556,-0.00176753517921287));
#4752=CARTESIAN_POINT('',(0.027305,-0.003556,-0.00199268039987881));
#4753=CARTESIAN_POINT('',(0.027305,-0.003556,-0.00221782550742198));
#4754=CARTESIAN_POINT('',(0.027305,-0.003556,-0.00221782550742198));
#4755=CARTESIAN_POINT('',(0.0248046775663738,-0.003556,-0.00176124400382822));
#4756=CARTESIAN_POINT('',(0.0270520772493184,-0.003556,-0.000665201454104807));
#4757=CARTESIAN_POINT('',(0.0270520772493184,-0.003556,-0.000665201454104807));
#4758=CARTESIAN_POINT('',(0.0248046775663738,-0.003556,-0.00176124400382822));
#4759=CARTESIAN_POINT('',(0.0262933089972735,-0.003556,6.57891548015849E-5));
#4760=CARTESIAN_POINT('',(0.0262933089972735,-0.00381,6.57891548015849E-5));
#4761=CARTESIAN_POINT('',(0.0266305393315157,-0.003556,-7.2611733818025E-5));
#4762=CARTESIAN_POINT('',(0.0266305393315157,-0.00381,-7.2611733818025E-5));
#4763=CARTESIAN_POINT('',(0.0268834620821973,-0.003556,-0.000316275270120156));
#4764=CARTESIAN_POINT('',(0.0268834620821973,-0.00381,-0.000316275270120156));
#4765=CARTESIAN_POINT('',(0.0270520772493184,-0.003556,-0.000665201454104807));
#4766=CARTESIAN_POINT('',(0.0270520772493184,-0.00381,-0.000665201454104807));
#4767=CARTESIAN_POINT('',(0.0262933089972735,-0.003556,6.57891548015849E-5));
#4768=CARTESIAN_POINT('',(0.0262933089972735,-0.003556,6.57891548015849E-5));
#4769=CARTESIAN_POINT('',(0.0262933089972735,-0.003556,6.57891548015849E-5));
#4770=CARTESIAN_POINT('',(0.0267991544986368,-0.003556,-0.00014181217812783));
#4771=CARTESIAN_POINT('',(0.0270520772493184,-0.003556,-0.000665201454104807));
#4772=CARTESIAN_POINT('',(0.0262933089972735,-0.003556,0.000102338685246905));
#4773=CARTESIAN_POINT('',(0.0262933089972735,-0.003556,0.000138888215692225));
#4774=CARTESIAN_POINT('',(0.0262933089972735,-0.003556,0.000138888215692225));
#4775=CARTESIAN_POINT('',(0.0262933089972735,-0.003556,0.000102338685246905));
#4776=CARTESIAN_POINT('',(0.0266032490154498,-0.003556,0.000138888215692225));
#4777=CARTESIAN_POINT('',(0.0269131890336262,-0.003556,0.000138888215692225));
#4778=CARTESIAN_POINT('',(0.0269131890336262,-0.003556,0.000138888215692225));
#4779=CARTESIAN_POINT('',(0.0266032490154498,-0.003556,0.000138888215692225));
#4780=CARTESIAN_POINT('',(0.027305,-0.003556,0.000533623144501675));
#4781=CARTESIAN_POINT('',(0.027305,-0.00381,0.000533623144501675));
#4782=CARTESIAN_POINT('',(0.027305,-0.003556,0.000270466525295375));
#4783=CARTESIAN_POINT('',(0.027305,-0.00381,0.000270466525295375));
#4784=CARTESIAN_POINT('',(0.0271743963445421,-0.003556,0.000138888215692225));
#4785=CARTESIAN_POINT('',(0.0271743963445421,-0.00381,0.000138888215692225));
#4786=CARTESIAN_POINT('',(0.0269131890336262,-0.003556,0.000138888215692225));
#4787=CARTESIAN_POINT('',(0.0269131890336262,-0.00381,0.000138888215692225));
#4788=CARTESIAN_POINT('',(0.027305,-0.003556,0.000533623144501675));
#4789=CARTESIAN_POINT('',(0.027305,-0.003556,0.000533623144501675));
#4790=CARTESIAN_POINT('',(0.027305,-0.003556,0.000533623144501675));
#4791=CARTESIAN_POINT('',(0.027305,-0.003556,0.000138888215692225));
#4792=CARTESIAN_POINT('',(0.0269131890336262,-0.003556,0.000138888215692225));
#4793=CARTESIAN_POINT('',(0.027305,-0.003556,0.00131870705846714));
#4794=CARTESIAN_POINT('',(0.027305,-0.003556,0.00210379097243261));
#4795=CARTESIAN_POINT('',(0.027305,-0.003556,0.00210379097243261));
#4796=CARTESIAN_POINT('',(0.027305,-0.003556,0.00131870705846714));
#4797=CARTESIAN_POINT('',(0.0269131890336262,-0.003556,0.00251606967585581));
#4798=CARTESIAN_POINT('',(0.0269131890336262,-0.00381,0.00251606967585581));
#4799=CARTESIAN_POINT('',(0.0271743963445421,-0.003556,0.00251606967585581));
#4800=CARTESIAN_POINT('',(0.0271743963445421,-0.00381,0.00251606967585581));
#4801=CARTESIAN_POINT('',(0.027305,-0.003556,0.00237864344138141));
#4802=CARTESIAN_POINT('',(0.027305,-0.00381,0.00237864344138141));
#4803=CARTESIAN_POINT('',(0.027305,-0.003556,0.00210379097243261));
#4804=CARTESIAN_POINT('',(0.027305,-0.00381,0.00210379097243261));
#4805=CARTESIAN_POINT('',(0.0269131890336262,-0.003556,0.00251606967585581));
#4806=CARTESIAN_POINT('',(0.0269131890336262,-0.003556,0.00251606967585581));
#4807=CARTESIAN_POINT('',(0.0269131890336262,-0.003556,0.00251606967585581));
#4808=CARTESIAN_POINT('',(0.027305,-0.003556,0.00251606967585581));
#4809=CARTESIAN_POINT('',(0.027305,-0.003556,0.00210379097243261));
#4810=CARTESIAN_POINT('',(0.0225330933050591,-0.003556,0.00251606967585581));
#4811=CARTESIAN_POINT('',(0.0181529975764919,-0.003556,0.00251606967585581));
#4812=CARTESIAN_POINT('',(0.0181529975764919,-0.003556,0.00251606967585581));
#4813=CARTESIAN_POINT('',(0.0225330933050591,-0.003556,0.00251606967585581));
#4814=CARTESIAN_POINT('',(0.0177611866101181,-0.003556,0.00210379097243261));
#4815=CARTESIAN_POINT('',(0.0177611866101181,-0.00381,0.00210379097243261));
#4816=CARTESIAN_POINT('',(0.0177611866101181,-0.003556,0.00237864344138141));
#4817=CARTESIAN_POINT('',(0.0177611866101181,-0.00381,0.00237864344138141));
#4818=CARTESIAN_POINT('',(0.0178917902655761,-0.003556,0.00251606967585581));
#4819=CARTESIAN_POINT('',(0.0178917902655761,-0.00381,0.00251606967585581));
#4820=CARTESIAN_POINT('',(0.0181529975764919,-0.003556,0.00251606967585581));
#4821=CARTESIAN_POINT('',(0.0181529975764919,-0.00381,0.00251606967585581));
#4822=CARTESIAN_POINT('',(0.0177611866101181,-0.003556,0.00210379097243261));
#4823=CARTESIAN_POINT('',(0.0177611866101181,-0.003556,0.00210379097243261));
#4824=CARTESIAN_POINT('',(0.0177611866101181,-0.003556,0.00210379097243261));
#4825=CARTESIAN_POINT('',(0.0177611866101181,-0.003556,0.00251606967585581));
#4826=CARTESIAN_POINT('',(0.0181529975764919,-0.003556,0.00251606967585581));
#4827=CARTESIAN_POINT('',(0.0177611866101181,-0.003556,-5.70172674946873E-5));
#4828=CARTESIAN_POINT('',(0.0177611866101181,-0.003556,-0.00221782550742198));
#4829=CARTESIAN_POINT('',(0.0177611866101181,-0.003556,-0.00221782550742198));
#4830=CARTESIAN_POINT('',(0.0177611866101181,-0.003556,-5.70172674946873E-5));
#4831=CARTESIAN_POINT('',(0.0185477325053014,-0.003556,-0.00450144016964555));
#4832=CARTESIAN_POINT('',(0.0185477325053014,-0.00381,-0.00450144016964555));
#4833=CARTESIAN_POINT('',(0.0180233685751792,-0.003556,-0.00396538038978086));
#4834=CARTESIAN_POINT('',(0.0180233685751792,-0.00381,-0.00396538038978086));
#4835=CARTESIAN_POINT('',(0.0177611866101181,-0.003556,-0.00320417550237301));
#4836=CARTESIAN_POINT('',(0.0177611866101181,-0.00381,-0.00320417550237301));
#4837=CARTESIAN_POINT('',(0.0177611866101181,-0.003556,-0.00221782550742198));
#4838=CARTESIAN_POINT('',(0.0177611866101181,-0.00381,-0.00221782550742198));
#4839=CARTESIAN_POINT('',(0.0185477325053014,-0.003556,-0.00450144016964555));
#4840=CARTESIAN_POINT('',(0.0185477325053014,-0.003556,-0.00450144016964555));
#4841=CARTESIAN_POINT('',(0.0185477325053014,-0.003556,-0.00450144016964555));
#4842=CARTESIAN_POINT('',(0.0177611866101181,-0.003556,-0.00369735049984852));
#4843=CARTESIAN_POINT('',(0.0177611866101181,-0.003556,-0.00221782550742198));
#4844=CARTESIAN_POINT('',(0.0208108794304756,-0.003556,-0.00530552983944259));
#4845=CARTESIAN_POINT('',(0.0208108794304756,-0.00381,-0.00530552983944259));
#4846=CARTESIAN_POINT('',(0.019826478743815,-0.003556,-0.00530552983944259));
#4847=CARTESIAN_POINT('',(0.019826478743815,-0.00381,-0.00530552983944259));
#4848=CARTESIAN_POINT('',(0.0190720964354236,-0.003556,-0.00503749994951024));
#4849=CARTESIAN_POINT('',(0.0190720964354236,-0.00381,-0.00503749994951024));
#4850=CARTESIAN_POINT('',(0.0185477325053014,-0.003556,-0.00450144016964555));
#4851=CARTESIAN_POINT('',(0.0185477325053014,-0.00381,-0.00450144016964555));
#4852=CARTESIAN_POINT('',(0.0208108794304756,-0.003556,-0.00530552983944259));
#4853=CARTESIAN_POINT('',(0.0208108794304756,-0.003556,-0.00530552983944259));
#4854=CARTESIAN_POINT('',(0.0208108794304756,-0.003556,-0.00530552983944259));
#4855=CARTESIAN_POINT('',(0.0193342784004847,-0.003556,-0.00530552983944259));
#4856=CARTESIAN_POINT('',(0.0185477325053014,-0.003556,-0.00450144016964555));
#4857=CARTESIAN_POINT('',(0.0225330933050591,-0.003556,-0.00530552983944259));
#4858=CARTESIAN_POINT('',(0.0242553071796426,-0.003556,-0.00530552983944259));
#4859=CARTESIAN_POINT('',(0.0242553071796426,-0.003556,-0.00530552983944259));
#4860=CARTESIAN_POINT('',(0.0225330933050591,-0.003556,-0.00530552983944259));
#4861=CARTESIAN_POINT('',(0.0265184541048167,-0.003556,-0.00450144016964555));
#4862=CARTESIAN_POINT('',(0.0265184541048167,-0.00381,-0.00450144016964555));
#4863=CARTESIAN_POINT('',(0.0259940901746945,-0.003556,-0.00503749994951024));
#4864=CARTESIAN_POINT('',(0.0259940901746945,-0.00381,-0.00503749994951024));
#4865=CARTESIAN_POINT('',(0.0252397078663032,-0.003556,-0.00530552983944259));
#4866=CARTESIAN_POINT('',(0.0252397078663032,-0.00381,-0.00530552983944259));
#4867=CARTESIAN_POINT('',(0.0242553071796426,-0.003556,-0.00530552983944259));
#4868=CARTESIAN_POINT('',(0.0242553071796426,-0.00381,-0.00530552983944259));
#4869=CARTESIAN_POINT('',(0.0265184541048167,-0.003556,-0.00450144016964555));
#4870=CARTESIAN_POINT('',(0.0265184541048167,-0.003556,-0.00450144016964555));
#4871=CARTESIAN_POINT('',(0.0265184541048167,-0.003556,-0.00450144016964555));
#4872=CARTESIAN_POINT('',(0.0257319082096335,-0.003556,-0.00530552983944259));
#4873=CARTESIAN_POINT('',(0.0242553071796426,-0.003556,-0.00530552983944259));
#4874=CARTESIAN_POINT('',(0.027305,-0.003556,-0.00221782550742198));
#4875=CARTESIAN_POINT('',(0.027305,-0.00381,-0.00221782550742198));
#4876=CARTESIAN_POINT('',(0.027305,-0.003556,-0.00320417550237301));
#4877=CARTESIAN_POINT('',(0.027305,-0.00381,-0.00320417550237301));
#4878=CARTESIAN_POINT('',(0.0270428180349389,-0.003556,-0.00396538038978086));
#4879=CARTESIAN_POINT('',(0.0270428180349389,-0.00381,-0.00396538038978086));
#4880=CARTESIAN_POINT('',(0.0265184541048167,-0.003556,-0.00450144016964555));
#4881=CARTESIAN_POINT('',(0.0265184541048167,-0.00381,-0.00450144016964555));
#4882=CARTESIAN_POINT('',(0.027305,-0.003556,-0.00221782550742198));
#4883=CARTESIAN_POINT('',(0.027305,-0.003556,-0.00369735049984852));
#4884=CARTESIAN_POINT('',(0.0265184541048167,-0.003556,-0.00450144016964555));
#4885=CARTESIAN_POINT('',(0.0200243335352924,-0.003556,0.000138888215692225));
#4886=CARTESIAN_POINT('',(0.0200243335352924,-0.00381,0.000138888215692225));
#4887=CARTESIAN_POINT('',(0.0198878819549631,-0.003556,0.000138888215692225));
#4888=CARTESIAN_POINT('',(0.0198878819549631,-0.00381,0.000138888215692225));
#4889=CARTESIAN_POINT('',(0.0198196561647986,-0.003556,6.48145006563772E-5));
#4890=CARTESIAN_POINT('',(0.0198196561647986,-0.00381,6.48145006563772E-5));
#4891=CARTESIAN_POINT('',(0.0198196561647986,-0.003556,-8.33329294153175E-5));
#4892=CARTESIAN_POINT('',(0.0198196561647986,-0.00381,-8.33329294153175E-5));
#4893=CARTESIAN_POINT('',(0.0200243335352924,-0.00381,0.000138888215692225));
#4894=CARTESIAN_POINT('',(0.0198196561647986,-0.00381,0.000138888215692225));
#4895=CARTESIAN_POINT('',(0.0198196561647986,-0.00381,-8.33329294153175E-5));
#4896=CARTESIAN_POINT('',(0.0200243335352924,-0.003556,0.000138888215692225));
#4897=CARTESIAN_POINT('',(0.0198196561647986,-0.003556,0.000138888215692225));
#4898=CARTESIAN_POINT('',(0.0198196561647986,-0.003556,-8.33329294153175E-5));
#4899=CARTESIAN_POINT('',(0.,-0.003556,3.46944695195361E-18));
#4900=CARTESIAN_POINT('',(0.0252465304453196,-0.003556,0.00865346682823388));
#4901=CARTESIAN_POINT('',(0.0252465304453196,-0.00381,0.00865346682823388));
#4902=CARTESIAN_POINT('',(0.0252465304453196,-0.00381,0.00824118812481068));
#4903=CARTESIAN_POINT('',(0.0252465304453196,-0.00381,0.00906574553165708));
#4904=CARTESIAN_POINT('',(0.0252465304453196,-0.003556,0.00824118812481068));
#4905=CARTESIAN_POINT('',(0.0252465304453196,-0.003556,0.00824118812481068));
#4906=CARTESIAN_POINT('',(0.0252465304453196,-0.003556,0.00865346682823388));
#4907=CARTESIAN_POINT('',(0.0252465304453196,-0.003556,0.00906574553165708));
#4908=CARTESIAN_POINT('',(0.0252465304453196,-0.003556,0.00906574553165708));
#4909=CARTESIAN_POINT('',(0.0238254847016056,-0.003556,0.0069517206906998));
#4910=CARTESIAN_POINT('',(0.0238254847016056,-0.00381,0.0069517206906998));
#4911=CARTESIAN_POINT('',(0.0247728485307483,-0.003556,0.0069517206906998));
#4912=CARTESIAN_POINT('',(0.0247728485307483,-0.00381,0.0069517206906998));
#4913=CARTESIAN_POINT('',(0.0252465304453196,-0.003556,0.00738154316873676));
#4914=CARTESIAN_POINT('',(0.0252465304453196,-0.00381,0.00738154316873676));
#4915=CARTESIAN_POINT('',(0.0252465304453196,-0.003556,0.00824118812481068));
#4916=CARTESIAN_POINT('',(0.0252465304453196,-0.00381,0.00824118812481068));
#4917=CARTESIAN_POINT('',(0.0238254847016056,-0.00381,0.0069517206906998));
#4918=CARTESIAN_POINT('',(0.0252465304453196,-0.00381,0.0069517206906998));
#4919=CARTESIAN_POINT('',(0.0252465304453196,-0.00381,0.00824118812481068));
#4920=CARTESIAN_POINT('',(0.0238254847016056,-0.00381,0.0069517206906998));
#4921=CARTESIAN_POINT('',(0.0238254847016056,-0.003556,0.0069517206906998));
#4922=CARTESIAN_POINT('',(0.0238254847016056,-0.003556,0.0069517206906998));
#4923=CARTESIAN_POINT('',(0.0238254847016056,-0.003556,0.0069517206906998));
#4924=CARTESIAN_POINT('',(0.0252465304453196,-0.003556,0.0069517206906998));
#4925=CARTESIAN_POINT('',(0.0252465304453196,-0.003556,0.00824118812481068));
#4926=CARTESIAN_POINT('',(0.0225330933050591,-0.003556,0.0069517206906998));
#4927=CARTESIAN_POINT('',(0.0225330933050591,-0.00381,0.0069517206906998));
#4928=CARTESIAN_POINT('',(0.0212407019085125,-0.00381,0.0069517206906998));
#4929=CARTESIAN_POINT('',(0.0212407019085125,-0.003556,0.0069517206906998));
#4930=CARTESIAN_POINT('',(0.0212407019085125,-0.003556,0.0069517206906998));
#4931=CARTESIAN_POINT('',(0.0225330933050591,-0.003556,0.0069517206906998));
#4932=CARTESIAN_POINT('',(0.0198196561647986,-0.003556,0.00824118812481068));
#4933=CARTESIAN_POINT('',(0.0198196561647986,-0.00381,0.00824118812481068));
#4934=CARTESIAN_POINT('',(0.0198196561647986,-0.003556,0.00738154316873676));
#4935=CARTESIAN_POINT('',(0.0198196561647986,-0.00381,0.00738154316873676));
#4936=CARTESIAN_POINT('',(0.0202933380793699,-0.003556,0.0069517206906998));
#4937=CARTESIAN_POINT('',(0.0202933380793699,-0.00381,0.0069517206906998));
#4938=CARTESIAN_POINT('',(0.0212407019085125,-0.003556,0.0069517206906998));
#4939=CARTESIAN_POINT('',(0.0212407019085125,-0.00381,0.0069517206906998));
#4940=CARTESIAN_POINT('',(0.0198196561647986,-0.00381,0.00824118812481068));
#4941=CARTESIAN_POINT('',(0.0198196561647986,-0.00381,0.0069517206906998));
#4942=CARTESIAN_POINT('',(0.0212407019085125,-0.00381,0.0069517206906998));
#4943=CARTESIAN_POINT('',(0.0198196561647986,-0.00381,0.00824118812481068));
#4944=CARTESIAN_POINT('',(0.0198196561647986,-0.003556,0.00824118812481068));
#4945=CARTESIAN_POINT('',(0.0198196561647986,-0.003556,0.00824118812481068));
#4946=CARTESIAN_POINT('',(0.0198196561647986,-0.003556,0.00824118812481068));
#4947=CARTESIAN_POINT('',(0.0198196561647986,-0.003556,0.0069517206906998));
#4948=CARTESIAN_POINT('',(0.0212407019085125,-0.003556,0.0069517206906998));
#4949=CARTESIAN_POINT('',(0.0198196561647986,-0.003556,0.00865346682823388));
#4950=CARTESIAN_POINT('',(0.0198196561647986,-0.00381,0.00865346682823388));
#4951=CARTESIAN_POINT('',(0.0198196561647986,-0.00381,0.00906574553165708));
#4952=CARTESIAN_POINT('',(0.0198196561647986,-0.003556,0.00906574553165708));
#4953=CARTESIAN_POINT('',(0.0198196561647986,-0.003556,0.00906574553165708));
#4954=CARTESIAN_POINT('',(0.0198196561647986,-0.003556,0.00865346682823388));
#4955=CARTESIAN_POINT('',(0.0200725789154802,-0.003556,0.00991808058164194));
#4956=CARTESIAN_POINT('',(0.0200725789154802,-0.00381,0.00991808058164194));
#4957=CARTESIAN_POINT('',(0.0199039637483591,-0.003556,0.00974946541452087));
#4958=CARTESIAN_POINT('',(0.0199039637483591,-0.00381,0.00974946541452087));
#4959=CARTESIAN_POINT('',(0.0198196561647986,-0.003556,0.00946535373119258));
#4960=CARTESIAN_POINT('',(0.0198196561647986,-0.00381,0.00946535373119258));
#4961=CARTESIAN_POINT('',(0.0198196561647986,-0.003556,0.00906574553165708));
#4962=CARTESIAN_POINT('',(0.0198196561647986,-0.00381,0.00906574553165708));
#4963=CARTESIAN_POINT('',(0.0200725789154802,-0.00381,0.00991808058164194));
#4964=CARTESIAN_POINT('',(0.0198196561647986,-0.00381,0.00966515783096033));
#4965=CARTESIAN_POINT('',(0.0198196561647986,-0.00381,0.00906574553165708));
#4966=CARTESIAN_POINT('',(0.0200725789154802,-0.00381,0.00991808058164194));
#4967=CARTESIAN_POINT('',(0.0200725789154802,-0.003556,0.00991808058164194));
#4968=CARTESIAN_POINT('',(0.0200725789154802,-0.003556,0.00991808058164194));
#4969=CARTESIAN_POINT('',(0.0200725789154802,-0.003556,0.00991808058164194));
#4970=CARTESIAN_POINT('',(0.0198196561647986,-0.003556,0.00966515783096033));
#4971=CARTESIAN_POINT('',(0.0198196561647986,-0.003556,0.00906574553165708));
#4972=CARTESIAN_POINT('',(0.020924913965465,-0.003556,0.0101710033323235));
#4973=CARTESIAN_POINT('',(0.020924913965465,-0.00381,0.0101710033323235));
#4974=CARTESIAN_POINT('',(0.0205253057659295,-0.003556,0.0101710033323235));
#4975=CARTESIAN_POINT('',(0.0205253057659295,-0.00381,0.0101710033323235));
#4976=CARTESIAN_POINT('',(0.0202411940826012,-0.003556,0.010086695748763));
#4977=CARTESIAN_POINT('',(0.0202411940826012,-0.00381,0.010086695748763));
#4978=CARTESIAN_POINT('',(0.0200725789154802,-0.003556,0.00991808058164194));
#4979=CARTESIAN_POINT('',(0.0200725789154802,-0.00381,0.00991808058164194));
#4980=CARTESIAN_POINT('',(0.020924913965465,-0.00381,0.0101710033323235));
#4981=CARTESIAN_POINT('',(0.0203255016661618,-0.00381,0.0101710033323235));
#4982=CARTESIAN_POINT('',(0.0200725789154802,-0.00381,0.00991808058164194));
#4983=CARTESIAN_POINT('',(0.020924913965465,-0.00381,0.0101710033323235));
#4984=CARTESIAN_POINT('',(0.020924913965465,-0.003556,0.0101710033323235));
#4985=CARTESIAN_POINT('',(0.020924913965465,-0.003556,0.0101710033323235));
#4986=CARTESIAN_POINT('',(0.020924913965465,-0.003556,0.0101710033323235));
#4987=CARTESIAN_POINT('',(0.0203255016661618,-0.003556,0.0101710033323235));
#4988=CARTESIAN_POINT('',(0.0200725789154802,-0.003556,0.00991808058164194));
#4989=CARTESIAN_POINT('',(0.0225330933050591,-0.003556,0.0101710033323235));
#4990=CARTESIAN_POINT('',(0.0225330933050591,-0.00381,0.0101710033323235));
#4991=CARTESIAN_POINT('',(0.0241412726446531,-0.00381,0.0101710033323235));
#4992=CARTESIAN_POINT('',(0.0241412726446531,-0.003556,0.0101710033323235));
#4993=CARTESIAN_POINT('',(0.0241412726446531,-0.003556,0.0101710033323235));
#4994=CARTESIAN_POINT('',(0.0225330933050591,-0.003556,0.0101710033323235));
#4995=CARTESIAN_POINT('',(0.024993607694638,-0.003556,0.00991808058164194));
#4996=CARTESIAN_POINT('',(0.024993607694638,-0.00381,0.00991808058164194));
#4997=CARTESIAN_POINT('',(0.0248249925275169,-0.003556,0.010086695748763));
#4998=CARTESIAN_POINT('',(0.0248249925275169,-0.00381,0.010086695748763));
#4999=CARTESIAN_POINT('',(0.0245408808441887,-0.003556,0.0101710033323235));
#5000=CARTESIAN_POINT('',(0.0245408808441887,-0.00381,0.0101710033323235));
#5001=CARTESIAN_POINT('',(0.0241412726446531,-0.003556,0.0101710033323235));
#5002=CARTESIAN_POINT('',(0.0241412726446531,-0.00381,0.0101710033323235));
#5003=CARTESIAN_POINT('',(0.024993607694638,-0.00381,0.00991808058164194));
#5004=CARTESIAN_POINT('',(0.0247406849439564,-0.00381,0.0101710033323235));
#5005=CARTESIAN_POINT('',(0.0241412726446531,-0.00381,0.0101710033323235));
#5006=CARTESIAN_POINT('',(0.024993607694638,-0.00381,0.00991808058164194));
#5007=CARTESIAN_POINT('',(0.024993607694638,-0.003556,0.00991808058164194));
#5008=CARTESIAN_POINT('',(0.024993607694638,-0.003556,0.00991808058164194));
#5009=CARTESIAN_POINT('',(0.024993607694638,-0.003556,0.00991808058164194));
#5010=CARTESIAN_POINT('',(0.0247406849439564,-0.003556,0.0101710033323235));
#5011=CARTESIAN_POINT('',(0.0241412726446531,-0.003556,0.0101710033323235));
#5012=CARTESIAN_POINT('',(0.0298488473189942,-0.003556,0.00576166797940019));
#5013=CARTESIAN_POINT('',(0.0298488473189942,-0.003556,0.00655698576189035));
#5014=CARTESIAN_POINT('',(0.0298488473189942,-0.003556,0.00655698576189035));
#5015=CARTESIAN_POINT('',(0.0298488473189942,-0.003556,0.00576166797940019));
#5016=CARTESIAN_POINT('',(0.0298488473189942,-0.003556,0.00496635019691004));
#5017=CARTESIAN_POINT('',(0.0298488473189942,-0.003556,0.00496635019691004));
#5018=CARTESIAN_POINT('',(0.0294745801272342,-0.003556,0.0069517206906998));
#5019=CARTESIAN_POINT('',(0.0294745801272342,-0.00381,0.0069517206906998));
#5020=CARTESIAN_POINT('',(0.0297240915884075,-0.003556,0.0069517206906998));
#5021=CARTESIAN_POINT('',(0.0297240915884075,-0.00381,0.0069517206906998));
#5022=CARTESIAN_POINT('',(0.0298488473189942,-0.003556,0.00682014238109665));
#5023=CARTESIAN_POINT('',(0.0298488473189942,-0.00381,0.00682014238109665));
#5024=CARTESIAN_POINT('',(0.0298488473189942,-0.003556,0.00655698576189035));
#5025=CARTESIAN_POINT('',(0.0298488473189942,-0.00381,0.00655698576189035));
#5026=CARTESIAN_POINT('',(0.0294745801272342,-0.003556,0.0069517206906998));
#5027=CARTESIAN_POINT('',(0.0294745801272342,-0.003556,0.0069517206906998));
#5028=CARTESIAN_POINT('',(0.0294745801272342,-0.003556,0.0069517206906998));
#5029=CARTESIAN_POINT('',(0.0298488473189942,-0.003556,0.0069517206906998));
#5030=CARTESIAN_POINT('',(0.0298488473189942,-0.003556,0.00655698576189035));
#5031=CARTESIAN_POINT('',(0.0278839445622539,-0.003556,0.0069517206906998));
#5032=CARTESIAN_POINT('',(0.0262933089972735,-0.003556,0.0069517206906998));
#5033=CARTESIAN_POINT('',(0.0262933089972735,-0.003556,0.0069517206906998));
#5034=CARTESIAN_POINT('',(0.0278839445622539,-0.003556,0.0069517206906998));
#5035=CARTESIAN_POINT('',(0.0262933089972735,-0.003556,0.00698827022114512));
#5036=CARTESIAN_POINT('',(0.0262933089972735,-0.003556,0.00702481975159044));
#5037=CARTESIAN_POINT('',(0.0262933089972735,-0.003556,0.00702481975159044));
#5038=CARTESIAN_POINT('',(0.0262933089972735,-0.003556,0.00698827022114512));
#5039=CARTESIAN_POINT('',(0.0270520772493184,-0.003556,0.00775581036049683));
#5040=CARTESIAN_POINT('',(0.0270520772493184,-0.00381,0.00775581036049683));
#5041=CARTESIAN_POINT('',(0.0268834620821973,-0.003556,0.00740688417651218));
#5042=CARTESIAN_POINT('',(0.0268834620821973,-0.00381,0.00740688417651218));
#5043=CARTESIAN_POINT('',(0.0266305393315157,-0.003556,0.00716322064021005));
#5044=CARTESIAN_POINT('',(0.0266305393315157,-0.00381,0.00716322064021005));
#5045=CARTESIAN_POINT('',(0.0262933089972735,-0.003556,0.00702481975159044));
#5046=CARTESIAN_POINT('',(0.0262933089972735,-0.00381,0.00702481975159044));
#5047=CARTESIAN_POINT('',(0.0270520772493184,-0.003556,0.00775581036049683));
#5048=CARTESIAN_POINT('',(0.0270520772493184,-0.003556,0.00775581036049683));
#5049=CARTESIAN_POINT('',(0.0270520772493184,-0.003556,0.00775581036049683));
#5050=CARTESIAN_POINT('',(0.0267991544986368,-0.003556,0.00723242108451986));
#5051=CARTESIAN_POINT('',(0.0262933089972735,-0.003556,0.00702481975159044));
#5052=CARTESIAN_POINT('',(0.0247983356757906,-0.003556,0.00885306434948227));
#5053=CARTESIAN_POINT('',(0.027305,-0.003556,0.00886106816116329));
#5054=CARTESIAN_POINT('',(0.0273049260976242,-0.00355600025,0.00886106792519205));
#5055=CARTESIAN_POINT('',(0.0247983356757906,-0.003556,0.00885306434948227));
#5056=CARTESIAN_POINT('',(0.027305,-0.003556,0.00924410724023024));
#5057=CARTESIAN_POINT('',(0.027305,-0.003556,0.00962714631929719));
#5058=CARTESIAN_POINT('',(0.027305,-0.003556,0.00962714631929719));
#5059=CARTESIAN_POINT('',(0.027305,-0.003556,0.00924410724023024));
#5060=CARTESIAN_POINT('',(0.0265184541048167,-0.003556,0.0118069603150561));
#5061=CARTESIAN_POINT('',(0.0265184541048167,-0.00381,0.0118069603150561));
#5062=CARTESIAN_POINT('',(0.0270428180349389,-0.003556,0.0113147599717258));
#5063=CARTESIAN_POINT('',(0.0270428180349389,-0.00381,0.0113147599717258));
#5064=CARTESIAN_POINT('',(0.027305,-0.003556,0.0105881553064728));
#5065=CARTESIAN_POINT('',(0.027305,-0.00381,0.0105881553064728));
#5066=CARTESIAN_POINT('',(0.027305,-0.003556,0.00962714631929719));
#5067=CARTESIAN_POINT('',(0.027305,-0.00381,0.00962714631929719));
#5068=CARTESIAN_POINT('',(0.0265184541048167,-0.003556,0.0118069603150561));
#5069=CARTESIAN_POINT('',(0.0265184541048167,-0.003556,0.0118069603150561));
#5070=CARTESIAN_POINT('',(0.0265184541048167,-0.003556,0.0118069603150561));
#5071=CARTESIAN_POINT('',(0.027305,-0.003556,0.0110686598000606));
#5072=CARTESIAN_POINT('',(0.027305,-0.003556,0.00962714631929719));
#5073=CARTESIAN_POINT('',(0.0242553071796426,-0.003556,0.0125452608300515));
#5074=CARTESIAN_POINT('',(0.0242553071796426,-0.00381,0.0125452608300515));
#5075=CARTESIAN_POINT('',(0.0252397078663032,-0.003556,0.0125452608300515));
#5076=CARTESIAN_POINT('',(0.0252397078663032,-0.00381,0.0125452608300515));
#5077=CARTESIAN_POINT('',(0.0259940901746945,-0.003556,0.0122991606583864));
#5078=CARTESIAN_POINT('',(0.0259940901746945,-0.00381,0.0122991606583864));
#5079=CARTESIAN_POINT('',(0.0265184541048167,-0.003556,0.0118069603150561));
#5080=CARTESIAN_POINT('',(0.0265184541048167,-0.00381,0.0118069603150561));
#5081=CARTESIAN_POINT('',(0.0242553071796426,-0.003556,0.0125452608300515));
#5082=CARTESIAN_POINT('',(0.0242553071796426,-0.003556,0.0125452608300515));
#5083=CARTESIAN_POINT('',(0.0242553071796426,-0.003556,0.0125452608300515));
#5084=CARTESIAN_POINT('',(0.0257319082096335,-0.003556,0.0125452608300515));
#5085=CARTESIAN_POINT('',(0.0265184541048167,-0.003556,0.0118069603150561));
#5086=CARTESIAN_POINT('',(0.0225330933050591,-0.003556,0.0125452608300515));
#5087=CARTESIAN_POINT('',(0.0208108794304756,-0.003556,0.0125452608300515));
#5088=CARTESIAN_POINT('',(0.0208108794304756,-0.003556,0.0125452608300515));
#5089=CARTESIAN_POINT('',(0.0225330933050591,-0.003556,0.0125452608300515));
#5090=CARTESIAN_POINT('',(0.0185477325053014,-0.003556,0.0118069603150561));
#5091=CARTESIAN_POINT('',(0.0185477325053014,-0.00381,0.0118069603150561));
#5092=CARTESIAN_POINT('',(0.0190720964354236,-0.003556,0.0122991606583864));
#5093=CARTESIAN_POINT('',(0.0190720964354236,-0.00381,0.0122991606583864));
#5094=CARTESIAN_POINT('',(0.019826478743815,-0.003556,0.0125452608300515));
#5095=CARTESIAN_POINT('',(0.019826478743815,-0.00381,0.0125452608300515));
#5096=CARTESIAN_POINT('',(0.0208108794304756,-0.003556,0.0125452608300515));
#5097=CARTESIAN_POINT('',(0.0208108794304756,-0.00381,0.0125452608300515));
#5098=CARTESIAN_POINT('',(0.0185477325053014,-0.003556,0.0118069603150561));
#5099=CARTESIAN_POINT('',(0.0185477325053014,-0.003556,0.0118069603150561));
#5100=CARTESIAN_POINT('',(0.0185477325053014,-0.003556,0.0118069603150561));
#5101=CARTESIAN_POINT('',(0.0193342784004847,-0.003556,0.0125452608300515));
#5102=CARTESIAN_POINT('',(0.0208108794304756,-0.003556,0.0125452608300515));
#5103=CARTESIAN_POINT('',(0.0177611866101181,-0.003556,0.00962714631929719));
#5104=CARTESIAN_POINT('',(0.0177611866101181,-0.00381,0.00962714631929719));
#5105=CARTESIAN_POINT('',(0.0177611866101181,-0.003556,0.0105881553064728));
#5106=CARTESIAN_POINT('',(0.0177611866101181,-0.00381,0.0105881553064728));
#5107=CARTESIAN_POINT('',(0.0180233685751792,-0.003556,0.0113147599717258));
#5108=CARTESIAN_POINT('',(0.0180233685751792,-0.00381,0.0113147599717258));
#5109=CARTESIAN_POINT('',(0.0185477325053014,-0.003556,0.0118069603150561));
#5110=CARTESIAN_POINT('',(0.0185477325053014,-0.00381,0.0118069603150561));
#5111=CARTESIAN_POINT('',(0.0177611866101181,-0.003556,0.00962714631929719));
#5112=CARTESIAN_POINT('',(0.0177611866101181,-0.003556,0.00962714631929719));
#5113=CARTESIAN_POINT('',(0.0177611866101181,-0.003556,0.00962714631929719));
#5114=CARTESIAN_POINT('',(0.0177611866101181,-0.003556,0.0110686598000606));
#5115=CARTESIAN_POINT('',(0.0185477325053014,-0.003556,0.0118069603150561));
#5116=CARTESIAN_POINT('',(0.0177611866101181,-0.003556,0.00924410724023024));
#5117=CARTESIAN_POINT('',(0.0177611866101181,-0.003556,0.00886106816116329));
#5118=CARTESIAN_POINT('',(0.0177612605124939,-0.003556,0.00886106792519205));
#5119=CARTESIAN_POINT('',(0.0177611866101181,-0.003556,0.00924410724023024));
#5120=CARTESIAN_POINT('',(0.0202678509343275,-0.003556,0.00885306434948225));
#5121=CARTESIAN_POINT('',(0.0180141093607997,-0.003556,0.00775581036049683));
#5122=CARTESIAN_POINT('',(0.0180141093607997,-0.003556,0.00775581036049683));
#5123=CARTESIAN_POINT('',(0.0202678509343275,-0.003556,0.00885306434948225));
#5124=CARTESIAN_POINT('',(0.0187728776128446,-0.003556,0.00702481975159044));
#5125=CARTESIAN_POINT('',(0.0187728776128446,-0.00381,0.00702481975159044));
#5126=CARTESIAN_POINT('',(0.0184356472786024,-0.003556,0.00716322064021005));
#5127=CARTESIAN_POINT('',(0.0184356472786024,-0.00381,0.00716322064021005));
#5128=CARTESIAN_POINT('',(0.0181827245279208,-0.003556,0.00740688417651218));
#5129=CARTESIAN_POINT('',(0.0181827245279208,-0.00381,0.00740688417651218));
#5130=CARTESIAN_POINT('',(0.0180141093607997,-0.003556,0.00775581036049683));
#5131=CARTESIAN_POINT('',(0.0180141093607997,-0.00381,0.00775581036049683));
#5132=CARTESIAN_POINT('',(0.0187728776128446,-0.003556,0.00702481975159044));
#5133=CARTESIAN_POINT('',(0.0187728776128446,-0.003556,0.00702481975159044));
#5134=CARTESIAN_POINT('',(0.0187728776128446,-0.003556,0.00702481975159044));
#5135=CARTESIAN_POINT('',(0.0182670321114814,-0.003556,0.00723242108451986));
#5136=CARTESIAN_POINT('',(0.0180141093607997,-0.003556,0.00775581036049683));
#5137=CARTESIAN_POINT('',(0.0187728776128446,-0.003556,0.00698827022114512));
#5138=CARTESIAN_POINT('',(0.0187728776128446,-0.003556,0.0069517206906998));
#5139=CARTESIAN_POINT('',(0.0187728776128446,-0.003556,0.0069517206906998));
#5140=CARTESIAN_POINT('',(0.0187728776128446,-0.003556,0.00698827022114512));
#5141=CARTESIAN_POINT('',(0.0184629375946683,-0.003556,0.0069517206906998));
#5142=CARTESIAN_POINT('',(0.0181529975764919,-0.003556,0.0069517206906998));
#5143=CARTESIAN_POINT('',(0.0181529975764919,-0.003556,0.0069517206906998));
#5144=CARTESIAN_POINT('',(0.0184629375946683,-0.003556,0.0069517206906998));
#5145=CARTESIAN_POINT('',(0.0177611866101181,-0.003556,0.00655698576189035));
#5146=CARTESIAN_POINT('',(0.0177611866101181,-0.00381,0.00655698576189035));
#5147=CARTESIAN_POINT('',(0.0177611866101181,-0.003556,0.00682014238109665));
#5148=CARTESIAN_POINT('',(0.0177611866101181,-0.00381,0.00682014238109665));
#5149=CARTESIAN_POINT('',(0.0178917902655761,-0.003556,0.0069517206906998));
#5150=CARTESIAN_POINT('',(0.0178917902655761,-0.00381,0.0069517206906998));
#5151=CARTESIAN_POINT('',(0.0181529975764919,-0.003556,0.0069517206906998));
#5152=CARTESIAN_POINT('',(0.0181529975764919,-0.00381,0.0069517206906998));
#5153=CARTESIAN_POINT('',(0.0177611866101181,-0.003556,0.00655698576189035));
#5154=CARTESIAN_POINT('',(0.0177611866101181,-0.003556,0.00655698576189035));
#5155=CARTESIAN_POINT('',(0.0177611866101181,-0.003556,0.00655698576189035));
#5156=CARTESIAN_POINT('',(0.0177611866101181,-0.003556,0.0069517206906998));
#5157=CARTESIAN_POINT('',(0.0181529975764919,-0.003556,0.0069517206906998));
#5158=CARTESIAN_POINT('',(0.0177611866101181,-0.003556,0.00576166797940019));
#5159=CARTESIAN_POINT('',(0.0177611866101181,-0.003556,0.00496635019691004));
#5160=CARTESIAN_POINT('',(0.0177611866101181,-0.003556,0.00496635019691004));
#5161=CARTESIAN_POINT('',(0.0177611866101181,-0.003556,0.00576166797940019));
#5162=CARTESIAN_POINT('',(0.0181529975764919,-0.003556,0.00457453923053621));
#5163=CARTESIAN_POINT('',(0.0181529975764919,-0.00381,0.00457453923053621));
#5164=CARTESIAN_POINT('',(0.0178917902655761,-0.003556,0.00457453923053621));
#5165=CARTESIAN_POINT('',(0.0178917902655761,-0.00381,0.00457453923053621));
#5166=CARTESIAN_POINT('',(0.0177611866101181,-0.003556,0.00470514288599415));
#5167=CARTESIAN_POINT('',(0.0177611866101181,-0.00381,0.00470514288599415));
#5168=CARTESIAN_POINT('',(0.0177611866101181,-0.003556,0.00496635019691004));
#5169=CARTESIAN_POINT('',(0.0177611866101181,-0.00381,0.00496635019691004));
#5170=CARTESIAN_POINT('',(0.0181529975764919,-0.003556,0.00457453923053621));
#5171=CARTESIAN_POINT('',(0.0181529975764919,-0.003556,0.00457453923053621));
#5172=CARTESIAN_POINT('',(0.0181529975764919,-0.003556,0.00457453923053621));
#5173=CARTESIAN_POINT('',(0.0177611866101181,-0.003556,0.00457453923053621));
#5174=CARTESIAN_POINT('',(0.0177611866101181,-0.003556,0.00496635019691004));
#5175=CARTESIAN_POINT('',(0.023813788851863,-0.003556,0.00457453923053621));
#5176=CARTESIAN_POINT('',(0.0294745801272342,-0.003556,0.00457453923053621));
#5177=CARTESIAN_POINT('',(0.0294745801272342,-0.003556,0.00457453923053621));
#5178=CARTESIAN_POINT('',(0.023813788851863,-0.003556,0.00457453923053621));
#5179=CARTESIAN_POINT('',(0.0298488473189942,-0.003556,0.00496635019691004));
#5180=CARTESIAN_POINT('',(0.0298488473189942,-0.00381,0.00496635019691004));
#5181=CARTESIAN_POINT('',(0.0298488473189942,-0.003556,0.00470514288599415));
#5182=CARTESIAN_POINT('',(0.0298488473189942,-0.00381,0.00470514288599415));
#5183=CARTESIAN_POINT('',(0.0297240915884075,-0.003556,0.00457453923053621));
#5184=CARTESIAN_POINT('',(0.0297240915884075,-0.00381,0.00457453923053621));
#5185=CARTESIAN_POINT('',(0.0294745801272342,-0.003556,0.00457453923053621));
#5186=CARTESIAN_POINT('',(0.0294745801272342,-0.00381,0.00457453923053621));
#5187=CARTESIAN_POINT('',(0.0298488473189942,-0.003556,0.00496635019691004));
#5188=CARTESIAN_POINT('',(0.0298488473189942,-0.003556,0.00457453923053621));
#5189=CARTESIAN_POINT('',(0.0294745801272342,-0.003556,0.00457453923053621));
#5190=CARTESIAN_POINT('',(0.0252465304453196,-0.003556,0.00906574553165708));
#5191=CARTESIAN_POINT('',(0.0252465304453196,-0.00381,0.00906574553165708));
#5192=CARTESIAN_POINT('',(0.0252465304453196,-0.003556,0.00946535373119258));
#5193=CARTESIAN_POINT('',(0.0252465304453196,-0.00381,0.00946535373119258));
#5194=CARTESIAN_POINT('',(0.0251622228617591,-0.003556,0.00974946541452087));
#5195=CARTESIAN_POINT('',(0.0251622228617591,-0.00381,0.00974946541452087));
#5196=CARTESIAN_POINT('',(0.024993607694638,-0.003556,0.00991808058164194));
#5197=CARTESIAN_POINT('',(0.024993607694638,-0.00381,0.00991808058164194));
#5198=CARTESIAN_POINT('',(0.0252465304453196,-0.00381,0.00906574553165708));
#5199=CARTESIAN_POINT('',(0.0252465304453196,-0.00381,0.00966515783096033));
#5200=CARTESIAN_POINT('',(0.024993607694638,-0.00381,0.00991808058164194));
#5201=CARTESIAN_POINT('',(0.0252465304453196,-0.003556,0.00906574553165708));
#5202=CARTESIAN_POINT('',(0.0252465304453196,-0.003556,0.00966515783096033));
#5203=CARTESIAN_POINT('',(0.024993607694638,-0.003556,0.00991808058164194));
#5204=CARTESIAN_POINT('',(0.,-0.003556,3.46944695195361E-18));
#5205=CARTESIAN_POINT('',(0.027305,-0.003556,-0.0212674407755226));
#5206=CARTESIAN_POINT('',(0.027305,-0.003556,-0.0194896716146622));
#5207=CARTESIAN_POINT('',(0.027305,-0.003556,-0.0194896716146622));
#5208=CARTESIAN_POINT('',(0.027305,-0.003556,-0.0212674407755226));
#5209=CARTESIAN_POINT('',(0.027305,-0.003556,-0.0230452099363829));
#5210=CARTESIAN_POINT('',(0.027305,-0.003556,-0.0230452099363829));
#5211=CARTESIAN_POINT('',(0.0247962402302332,-0.003556,-0.0165510893668585));
#5212=CARTESIAN_POINT('',(0.0247962402302332,-0.00381,-0.0165510893668585));
#5213=CARTESIAN_POINT('',(0.0264687467434111,-0.003556,-0.0165510893668585));
#5214=CARTESIAN_POINT('',(0.0264687467434111,-0.00381,-0.0165510893668585));
#5215=CARTESIAN_POINT('',(0.027305,-0.003556,-0.0175306167827931));
#5216=CARTESIAN_POINT('',(0.027305,-0.00381,-0.0175306167827931));
#5217=CARTESIAN_POINT('',(0.027305,-0.003556,-0.0194896716146622));
#5218=CARTESIAN_POINT('',(0.027305,-0.00381,-0.0194896716146622));
#5219=CARTESIAN_POINT('',(0.0247962402302332,-0.003556,-0.0165510893668585));
#5220=CARTESIAN_POINT('',(0.0247962402302332,-0.003556,-0.0165510893668585));
#5221=CARTESIAN_POINT('',(0.0247962402302332,-0.003556,-0.0165510893668585));
#5222=CARTESIAN_POINT('',(0.027305,-0.003556,-0.0165510893668585));
#5223=CARTESIAN_POINT('',(0.027305,-0.003556,-0.0194896716146622));
#5224=CARTESIAN_POINT('',(0.0233474168433808,-0.003556,-0.0169443623144501));
#5225=CARTESIAN_POINT('',(0.0233474168433808,-0.00381,-0.0169443623144501));
#5226=CARTESIAN_POINT('',(0.0237148614561244,-0.003556,-0.016682180349389));
#5227=CARTESIAN_POINT('',(0.0237148614561244,-0.00381,-0.016682180349389));
#5228=CARTESIAN_POINT('',(0.0241978025850752,-0.003556,-0.0165510893668585));
#5229=CARTESIAN_POINT('',(0.0241978025850752,-0.00381,-0.0165510893668585));
#5230=CARTESIAN_POINT('',(0.0247962402302332,-0.003556,-0.0165510893668585));
#5231=CARTESIAN_POINT('',(0.0247962402302332,-0.00381,-0.0165510893668585));
#5232=CARTESIAN_POINT('',(0.0233474168433808,-0.003556,-0.0169443623144501));
#5233=CARTESIAN_POINT('',(0.0233474168433808,-0.003556,-0.0169443623144501));
#5234=CARTESIAN_POINT('',(0.0233474168433808,-0.003556,-0.0169443623144501));
#5235=CARTESIAN_POINT('',(0.0238985837624962,-0.003556,-0.0165510893668585));
#5236=CARTESIAN_POINT('',(0.0247962402302332,-0.003556,-0.0165510893668585));
#5237=CARTESIAN_POINT('',(0.0222699366858528,-0.003556,-0.0183113147531051));
#5238=CARTESIAN_POINT('',(0.0222699366858528,-0.00381,-0.0183113147531051));
#5239=CARTESIAN_POINT('',(0.0226208121781278,-0.003556,-0.0176621950923962));
#5240=CARTESIAN_POINT('',(0.0226208121781278,-0.00381,-0.0176621950923962));
#5241=CARTESIAN_POINT('',(0.0229799722306372,-0.003556,-0.0172065442795112));
#5242=CARTESIAN_POINT('',(0.0229799722306372,-0.00381,-0.0172065442795112));
#5243=CARTESIAN_POINT('',(0.0233474168433808,-0.003556,-0.0169443623144501));
#5244=CARTESIAN_POINT('',(0.0233474168433808,-0.00381,-0.0169443623144501));
#5245=CARTESIAN_POINT('',(0.0222699366858528,-0.003556,-0.0183113147531051));
#5246=CARTESIAN_POINT('',(0.0222699366858528,-0.003556,-0.0183113147531051));
#5247=CARTESIAN_POINT('',(0.0222699366858528,-0.003556,-0.0183113147531051));
#5248=CARTESIAN_POINT('',(0.0227962499242654,-0.003556,-0.0173376352620418));
#5249=CARTESIAN_POINT('',(0.0233474168433808,-0.003556,-0.0169443623144501));
#5250=CARTESIAN_POINT('',(0.0217085358982127,-0.003556,-0.0192557546198121));
#5251=CARTESIAN_POINT('',(0.0211471351105725,-0.003556,-0.0202001944865192));
#5252=CARTESIAN_POINT('',(0.0211471351105725,-0.003556,-0.0202001944865192));
#5253=CARTESIAN_POINT('',(0.0217085358982127,-0.003556,-0.0192557546198121));
#5254=CARTESIAN_POINT('',(0.0203050339291124,-0.003556,-0.0210042841563162));
#5255=CARTESIAN_POINT('',(0.0203050339291124,-0.00381,-0.0210042841563162));
#5256=CARTESIAN_POINT('',(0.0205798863980612,-0.003556,-0.0210042841563162));
#5257=CARTESIAN_POINT('',(0.0205798863980612,-0.00381,-0.0210042841563162));
#5258=CARTESIAN_POINT('',(0.0208605867918813,-0.003556,-0.0207362542663839));
#5259=CARTESIAN_POINT('',(0.0208605867918813,-0.00381,-0.0207362542663839));
#5260=CARTESIAN_POINT('',(0.0211471351105725,-0.003556,-0.0202001944865192));
#5261=CARTESIAN_POINT('',(0.0211471351105725,-0.00381,-0.0202001944865192));
#5262=CARTESIAN_POINT('',(0.0203050339291124,-0.003556,-0.0210042841563162));
#5263=CARTESIAN_POINT('',(0.0203050339291124,-0.003556,-0.0210042841563162));
#5264=CARTESIAN_POINT('',(0.0203050339291124,-0.003556,-0.0210042841563162));
#5265=CARTESIAN_POINT('',(0.0207173126325356,-0.003556,-0.0210042841563162));
#5266=CARTESIAN_POINT('',(0.0211471351105725,-0.003556,-0.0202001944865192));
#5267=CARTESIAN_POINT('',(0.0202582505301424,-0.003556,-0.0210042841563162));
#5268=CARTESIAN_POINT('',(0.0202114671311724,-0.003556,-0.0210042841563162));
#5269=CARTESIAN_POINT('',(0.0202114671311724,-0.003556,-0.0210042841563162));
#5270=CARTESIAN_POINT('',(0.0202582505301424,-0.003556,-0.0210042841563162));
#5271=CARTESIAN_POINT('',(0.0197436331414723,-0.003556,-0.0200890839139654));
#5272=CARTESIAN_POINT('',(0.0197436331414723,-0.00381,-0.0200890839139654));
#5273=CARTESIAN_POINT('',(0.0197436331414723,-0.003556,-0.020699217408866));
#5274=CARTESIAN_POINT('',(0.0197436331414723,-0.00381,-0.020699217408866));
#5275=CARTESIAN_POINT('',(0.0198995778047057,-0.003556,-0.0210042841563162));
#5276=CARTESIAN_POINT('',(0.0198995778047057,-0.00381,-0.0210042841563162));
#5277=CARTESIAN_POINT('',(0.0202114671311724,-0.003556,-0.0210042841563162));
#5278=CARTESIAN_POINT('',(0.0202114671311724,-0.00381,-0.0210042841563162));
#5279=CARTESIAN_POINT('',(0.0197436331414723,-0.003556,-0.0200890839139654));
#5280=CARTESIAN_POINT('',(0.0197436331414723,-0.003556,-0.0200890839139654));
#5281=CARTESIAN_POINT('',(0.0197436331414723,-0.003556,-0.0200890839139654));
#5282=CARTESIAN_POINT('',(0.0197436331414723,-0.003556,-0.0210042841563162));
#5283=CARTESIAN_POINT('',(0.0202114671311724,-0.003556,-0.0210042841563162));
#5284=CARTESIAN_POINT('',(0.0197436331414723,-0.003556,-0.0187879206301121));
#5285=CARTESIAN_POINT('',(0.0197436331414723,-0.003556,-0.0174867573462587));
#5286=CARTESIAN_POINT('',(0.0197436331414723,-0.003556,-0.0174867573462587));
#5287=CARTESIAN_POINT('',(0.0197436331414723,-0.003556,-0.0187879206301121));
#5288=CARTESIAN_POINT('',(0.0196603002120569,-0.003556,-0.0171870511966071));
#5289=CARTESIAN_POINT('',(0.0196603002120569,-0.00381,-0.0171870511966071));
#5290=CARTESIAN_POINT('',(0.0197158554983339,-0.003556,-0.0172367585580127));
#5291=CARTESIAN_POINT('',(0.0197158554983339,-0.00381,-0.0172367585580127));
#5292=CARTESIAN_POINT('',(0.0197436331414723,-0.003556,-0.0173366606078966));
#5293=CARTESIAN_POINT('',(0.0197436331414723,-0.00381,-0.0173366606078966));
#5294=CARTESIAN_POINT('',(0.0197436331414723,-0.003556,-0.0174867573462587));
#5295=CARTESIAN_POINT('',(0.0197436331414723,-0.00381,-0.0174867573462587));
#5296=CARTESIAN_POINT('',(0.0196603002120569,-0.003556,-0.0171870511966071));
#5297=CARTESIAN_POINT('',(0.0196603002120569,-0.003556,-0.0171870511966071));
#5298=CARTESIAN_POINT('',(0.0196603002120569,-0.003556,-0.0171870511966071));
#5299=CARTESIAN_POINT('',(0.0197436331414723,-0.003556,-0.0172616122387155));
#5300=CARTESIAN_POINT('',(0.0197436331414723,-0.003556,-0.0174867573462587));
#5301=CARTESIAN_POINT('',(0.0193693659497122,-0.003556,-0.0171124901544987));
#5302=CARTESIAN_POINT('',(0.0193693659497122,-0.00381,-0.0171124901544987));
#5303=CARTESIAN_POINT('',(0.0195077668383318,-0.003556,-0.0171124901544987));
#5304=CARTESIAN_POINT('',(0.0195077668383318,-0.00381,-0.0171124901544987));
#5305=CARTESIAN_POINT('',(0.01960474492578,-0.003556,-0.0171373438352015));
#5306=CARTESIAN_POINT('',(0.01960474492578,-0.00381,-0.0171373438352015));
#5307=CARTESIAN_POINT('',(0.0196603002120569,-0.003556,-0.0171870511966071));
#5308=CARTESIAN_POINT('',(0.0196603002120569,-0.00381,-0.0171870511966071));
#5309=CARTESIAN_POINT('',(0.0193693659497122,-0.003556,-0.0171124901544987));
#5310=CARTESIAN_POINT('',(0.0193693659497122,-0.003556,-0.0171124901544987));
#5311=CARTESIAN_POINT('',(0.0193693659497122,-0.003556,-0.0171124901544987));
#5312=CARTESIAN_POINT('',(0.0195769672826416,-0.003556,-0.0171124901544987));
#5313=CARTESIAN_POINT('',(0.0196603002120569,-0.003556,-0.0171870511966071));
#5314=CARTESIAN_POINT('',(0.0187611817631021,-0.003556,-0.0171124901544987));
#5315=CARTESIAN_POINT('',(0.0181529975764919,-0.003556,-0.0171124901544987));
#5316=CARTESIAN_POINT('',(0.0181529975764919,-0.003556,-0.0171124901544987));
#5317=CARTESIAN_POINT('',(0.0187611817631021,-0.003556,-0.0171124901544987));
#5318=CARTESIAN_POINT('',(0.0177611866101181,-0.003556,-0.0174867573462587));
#5319=CARTESIAN_POINT('',(0.0177611866101181,-0.00381,-0.0174867573462587));
#5320=CARTESIAN_POINT('',(0.0177611866101181,-0.003556,-0.0172372458850853));
#5321=CARTESIAN_POINT('',(0.0177611866101181,-0.00381,-0.0172372458850853));
#5322=CARTESIAN_POINT('',(0.0178917902655761,-0.003556,-0.0171124901544987));
#5323=CARTESIAN_POINT('',(0.0178917902655761,-0.00381,-0.0171124901544987));
#5324=CARTESIAN_POINT('',(0.0181529975764919,-0.003556,-0.0171124901544987));
#5325=CARTESIAN_POINT('',(0.0181529975764919,-0.00381,-0.0171124901544987));
#5326=CARTESIAN_POINT('',(0.0177611866101181,-0.003556,-0.0174867573462587));
#5327=CARTESIAN_POINT('',(0.0177611866101181,-0.003556,-0.0174867573462587));
#5328=CARTESIAN_POINT('',(0.0177611866101181,-0.003556,-0.0174867573462587));
#5329=CARTESIAN_POINT('',(0.0177611866101181,-0.003556,-0.0171124901544987));
#5330=CARTESIAN_POINT('',(0.0181529975764919,-0.003556,-0.0171124901544987));
#5331=CARTESIAN_POINT('',(0.0177611866101181,-0.003556,-0.0190496152681006));
#5332=CARTESIAN_POINT('',(0.0177611866101181,-0.003556,-0.0206124731899424));
#5333=CARTESIAN_POINT('',(0.0177611866101181,-0.003556,-0.0206124731899424));
#5334=CARTESIAN_POINT('',(0.0177611866101181,-0.003556,-0.0190496152681006));
#5335=CARTESIAN_POINT('',(0.0183781426840352,-0.003556,-0.0227820533171766));
#5336=CARTESIAN_POINT('',(0.0183781426840352,-0.00381,-0.0227820533171766));
#5337=CARTESIAN_POINT('',(0.0179668386347572,-0.003556,-0.0223200672523478));
#5338=CARTESIAN_POINT('',(0.0179668386347572,-0.00381,-0.0223200672523478));
#5339=CARTESIAN_POINT('',(0.0177611866101181,-0.003556,-0.021596873876603));
#5340=CARTESIAN_POINT('',(0.0177611866101181,-0.00381,-0.021596873876603));
#5341=CARTESIAN_POINT('',(0.0177611866101181,-0.003556,-0.0206124731899424));
#5342=CARTESIAN_POINT('',(0.0177611866101181,-0.00381,-0.0206124731899424));
#5343=CARTESIAN_POINT('',(0.0183781426840352,-0.003556,-0.0227820533171766));
#5344=CARTESIAN_POINT('',(0.0183781426840352,-0.003556,-0.0227820533171766));
#5345=CARTESIAN_POINT('',(0.0183781426840352,-0.003556,-0.0227820533171766));
#5346=CARTESIAN_POINT('',(0.0177611866101181,-0.003556,-0.0220890742199333));
#5347=CARTESIAN_POINT('',(0.0177611866101181,-0.003556,-0.0206124731899424));
#5348=CARTESIAN_POINT('',(0.0203050339291124,-0.003556,-0.0234750324144199));
#5349=CARTESIAN_POINT('',(0.0203050339291124,-0.00381,-0.0234750324144199));
#5350=CARTESIAN_POINT('',(0.0194317438150056,-0.003556,-0.0234750324144199));
#5351=CARTESIAN_POINT('',(0.0194317438150056,-0.00381,-0.0234750324144199));
#5352=CARTESIAN_POINT('',(0.0187894467333132,-0.003556,-0.0232440393820054));
#5353=CARTESIAN_POINT('',(0.0187894467333132,-0.00381,-0.0232440393820054));
#5354=CARTESIAN_POINT('',(0.0183781426840352,-0.003556,-0.0227820533171766));
#5355=CARTESIAN_POINT('',(0.0183781426840352,-0.00381,-0.0227820533171766));
#5356=CARTESIAN_POINT('',(0.0203050339291124,-0.003556,-0.0234750324144199));
#5357=CARTESIAN_POINT('',(0.0203050339291124,-0.003556,-0.0234750324144199));
#5358=CARTESIAN_POINT('',(0.0203050339291124,-0.003556,-0.0234750324144199));
#5359=CARTESIAN_POINT('',(0.0189950987579522,-0.003556,-0.0234750324144199));
#5360=CARTESIAN_POINT('',(0.0183781426840352,-0.003556,-0.0227820533171766));
#5361=CARTESIAN_POINT('',(0.0217465474098758,-0.003556,-0.0230262041805513));
#5362=CARTESIAN_POINT('',(0.0217465474098758,-0.00381,-0.0230262041805513));
#5363=CARTESIAN_POINT('',(0.0213722802181157,-0.003556,-0.0233254230031304));
#5364=CARTESIAN_POINT('',(0.0213722802181157,-0.00381,-0.0233254230031304));
#5365=CARTESIAN_POINT('',(0.0208917757245279,-0.003556,-0.0234750324144199));
#5366=CARTESIAN_POINT('',(0.0208917757245279,-0.00381,-0.0234750324144199));
#5367=CARTESIAN_POINT('',(0.0203050339291124,-0.003556,-0.0234750324144199));
#5368=CARTESIAN_POINT('',(0.0203050339291124,-0.00381,-0.0234750324144199));
#5369=CARTESIAN_POINT('',(0.0217465474098758,-0.003556,-0.0230262041805513));
#5370=CARTESIAN_POINT('',(0.0217465474098758,-0.003556,-0.0230262041805513));
#5371=CARTESIAN_POINT('',(0.0217465474098758,-0.003556,-0.0230262041805513));
#5372=CARTESIAN_POINT('',(0.0211851466222357,-0.003556,-0.0234750324144199));
#5373=CARTESIAN_POINT('',(0.0203050339291124,-0.003556,-0.0234750324144199));
#5374=CARTESIAN_POINT('',(0.0227962499242654,-0.003556,-0.0216212402302332));
#5375=CARTESIAN_POINT('',(0.0227962499242654,-0.00381,-0.0216212402302332));
#5376=CARTESIAN_POINT('',(0.0224707154397657,-0.003556,-0.0222586640411996));
#5377=CARTESIAN_POINT('',(0.0224707154397657,-0.00381,-0.0222586640411996));
#5378=CARTESIAN_POINT('',(0.0221208146016359,-0.003556,-0.0227269853579723));
#5379=CARTESIAN_POINT('',(0.0221208146016359,-0.00381,-0.0227269853579723));
#5380=CARTESIAN_POINT('',(0.0217465474098758,-0.003556,-0.0230262041805513));
#5381=CARTESIAN_POINT('',(0.0217465474098758,-0.00381,-0.0230262041805513));
#5382=CARTESIAN_POINT('',(0.0227962499242654,-0.003556,-0.0216212402302332));
#5383=CARTESIAN_POINT('',(0.0227962499242654,-0.003556,-0.0216212402302332));
#5384=CARTESIAN_POINT('',(0.0227962499242654,-0.003556,-0.0216212402302332));
#5385=CARTESIAN_POINT('',(0.0223079481975159,-0.003556,-0.0225773759466828));
#5386=CARTESIAN_POINT('',(0.0217465474098758,-0.003556,-0.0230262041805513));
#5387=CARTESIAN_POINT('',(0.0233108673129355,-0.003556,-0.0206958061193577));
#5388=CARTESIAN_POINT('',(0.0238254847016056,-0.003556,-0.0197703720084823));
#5389=CARTESIAN_POINT('',(0.0238254847016056,-0.003556,-0.0197703720084823));
#5390=CARTESIAN_POINT('',(0.0233108673129355,-0.003556,-0.0206958061193577));
#5391=CARTESIAN_POINT('',(0.0246851296576795,-0.003556,-0.0190013698879128));
#5392=CARTESIAN_POINT('',(0.0246851296576795,-0.00381,-0.0190013698879128));
#5393=CARTESIAN_POINT('',(0.0243849361809553,-0.003556,-0.0190013698879128));
#5394=CARTESIAN_POINT('',(0.0243849361809553,-0.00381,-0.0190013698879128));
#5395=CARTESIAN_POINT('',(0.024098387862264,-0.003556,-0.0192577039281026));
#5396=CARTESIAN_POINT('',(0.024098387862264,-0.00381,-0.0192577039281026));
#5397=CARTESIAN_POINT('',(0.0238254847016056,-0.003556,-0.0197703720084823));
#5398=CARTESIAN_POINT('',(0.0238254847016056,-0.00381,-0.0197703720084823));
#5399=CARTESIAN_POINT('',(0.0246851296576795,-0.003556,-0.0190013698879128));
#5400=CARTESIAN_POINT('',(0.0246851296576795,-0.003556,-0.0190013698879128));
#5401=CARTESIAN_POINT('',(0.0246851296576795,-0.003556,-0.0190013698879128));
#5402=CARTESIAN_POINT('',(0.0242348394425932,-0.003556,-0.0190013698879128));
#5403=CARTESIAN_POINT('',(0.0238254847016056,-0.003556,-0.0197703720084823));
#5404=CARTESIAN_POINT('',(0.0247319130566495,-0.003556,-0.0190013698879128));
#5405=CARTESIAN_POINT('',(0.0247786964556195,-0.003556,-0.0190013698879128));
#5406=CARTESIAN_POINT('',(0.0247786964556195,-0.003556,-0.0190013698879128));
#5407=CARTESIAN_POINT('',(0.0247319130566495,-0.003556,-0.0190013698879128));
#5408=CARTESIAN_POINT('',(0.0253400972432596,-0.003556,-0.0199194940926992));
#5409=CARTESIAN_POINT('',(0.0253400972432596,-0.00381,-0.0199194940926992));
#5410=CARTESIAN_POINT('',(0.0253400972432596,-0.003556,-0.0193074112895082));
#5411=CARTESIAN_POINT('',(0.0253400972432596,-0.00381,-0.0193074112895082));
#5412=CARTESIAN_POINT('',(0.0251529636473796,-0.003556,-0.0190013698879128));
#5413=CARTESIAN_POINT('',(0.0251529636473796,-0.00381,-0.0190013698879128));
#5414=CARTESIAN_POINT('',(0.0247786964556195,-0.003556,-0.0190013698879128));
#5415=CARTESIAN_POINT('',(0.0247786964556195,-0.00381,-0.0190013698879128));
#5416=CARTESIAN_POINT('',(0.0253400972432596,-0.003556,-0.0199194940926992));
#5417=CARTESIAN_POINT('',(0.0253400972432596,-0.003556,-0.0199194940926992));
#5418=CARTESIAN_POINT('',(0.0253400972432596,-0.003556,-0.0199194940926992));
#5419=CARTESIAN_POINT('',(0.0253400972432596,-0.003556,-0.0190013698879128));
#5420=CARTESIAN_POINT('',(0.0247786964556195,-0.003556,-0.0190013698879128));
#5421=CARTESIAN_POINT('',(0.0253400972432596,-0.003556,-0.021482352014541));
#5422=CARTESIAN_POINT('',(0.0253400972432596,-0.003556,-0.0230452099363829));
#5423=CARTESIAN_POINT('',(0.0253400972432596,-0.003556,-0.0230452099363829));
#5424=CARTESIAN_POINT('',(0.0253400972432596,-0.003556,-0.021482352014541));
#5425=CARTESIAN_POINT('',(0.0254248921538928,-0.003556,-0.0233449160860346));
#5426=CARTESIAN_POINT('',(0.0254248921538928,-0.00381,-0.0233449160860346));
#5427=CARTESIAN_POINT('',(0.0253683622134707,-0.003556,-0.0232952087246289));
#5428=CARTESIAN_POINT('',(0.0253683622134707,-0.00381,-0.0232952087246289));
#5429=CARTESIAN_POINT('',(0.0253400972432596,-0.003556,-0.023195306674745));
#5430=CARTESIAN_POINT('',(0.0253400972432596,-0.00381,-0.023195306674745));
#5431=CARTESIAN_POINT('',(0.0253400972432596,-0.003556,-0.0230452099363829));
#5432=CARTESIAN_POINT('',(0.0253400972432596,-0.00381,-0.0230452099363829));
#5433=CARTESIAN_POINT('',(0.0254248921538928,-0.003556,-0.0233449160860346));
#5434=CARTESIAN_POINT('',(0.0254248921538928,-0.003556,-0.0233449160860346));
#5435=CARTESIAN_POINT('',(0.0254248921538928,-0.003556,-0.0233449160860346));
#5436=CARTESIAN_POINT('',(0.0253400972432596,-0.003556,-0.0232703550439261));
#5437=CARTESIAN_POINT('',(0.0253400972432596,-0.003556,-0.0230452099363829));
#5438=CARTESIAN_POINT('',(0.0257143644350197,-0.003556,-0.023419477128143));
#5439=CARTESIAN_POINT('',(0.0257143644350197,-0.00381,-0.023419477128143));
#5440=CARTESIAN_POINT('',(0.0255779128546905,-0.003556,-0.023419477128143));
#5441=CARTESIAN_POINT('',(0.0255779128546905,-0.00381,-0.023419477128143));
#5442=CARTESIAN_POINT('',(0.0254814220943148,-0.003556,-0.0233946234474402));
#5443=CARTESIAN_POINT('',(0.0254814220943148,-0.00381,-0.0233946234474402));
#5444=CARTESIAN_POINT('',(0.0254248921538928,-0.003556,-0.0233449160860346));
#5445=CARTESIAN_POINT('',(0.0254248921538928,-0.00381,-0.0233449160860346));
#5446=CARTESIAN_POINT('',(0.0257143644350197,-0.003556,-0.023419477128143));
#5447=CARTESIAN_POINT('',(0.0257143644350197,-0.003556,-0.023419477128143));
#5448=CARTESIAN_POINT('',(0.0257143644350197,-0.003556,-0.023419477128143));
#5449=CARTESIAN_POINT('',(0.0255096870645259,-0.003556,-0.023419477128143));
#5450=CARTESIAN_POINT('',(0.0254248921538928,-0.003556,-0.0233449160860346));
#5451=CARTESIAN_POINT('',(0.026313776734323,-0.003556,-0.023419477128143));
#5452=CARTESIAN_POINT('',(0.0269131890336262,-0.003556,-0.023419477128143));
#5453=CARTESIAN_POINT('',(0.0269131890336262,-0.003556,-0.023419477128143));
#5454=CARTESIAN_POINT('',(0.026313776734323,-0.003556,-0.023419477128143));
#5455=CARTESIAN_POINT('',(0.027305,-0.003556,-0.0230452099363829));
#5456=CARTESIAN_POINT('',(0.027305,-0.00381,-0.0230452099363829));
#5457=CARTESIAN_POINT('',(0.027305,-0.003556,-0.0232947213975563));
#5458=CARTESIAN_POINT('',(0.027305,-0.00381,-0.0232947213975563));
#5459=CARTESIAN_POINT('',(0.0271743963445421,-0.003556,-0.023419477128143));
#5460=CARTESIAN_POINT('',(0.0271743963445421,-0.00381,-0.023419477128143));
#5461=CARTESIAN_POINT('',(0.0269131890336262,-0.003556,-0.023419477128143));
#5462=CARTESIAN_POINT('',(0.0269131890336262,-0.00381,-0.023419477128143));
#5463=CARTESIAN_POINT('',(0.027305,-0.003556,-0.0230452099363829));
#5464=CARTESIAN_POINT('',(0.027305,-0.003556,-0.023419477128143));
#5465=CARTESIAN_POINT('',(0.0269131890336262,-0.003556,-0.023419477128143));
#5466=CARTESIAN_POINT('',(0.,-0.003556,3.46944695195361E-18));
#5467=CARTESIAN_POINT('',(0.,-0.00381,3.46944695195361E-18));
#5468=CARTESIAN_POINT('',(0.,-0.00381,3.46944695195361E-18));
#5469=MECHANICAL_DESIGN_GEOMETRIC_PRESENTATION_REPRESENTATION('',(#3132),
#5470);
#5470=(
GEOMETRIC_REPRESENTATION_CONTEXT(3)
GLOBAL_UNCERTAINTY_ASSIGNED_CONTEXT((#5471))
GLOBAL_UNIT_ASSIGNED_CONTEXT((#5474,#5473,#5472))
REPRESENTATION_CONTEXT('Part 1','TOP_LEVEL_ASSEMBLY_PART')
);
#5471=UNCERTAINTY_MEASURE_WITH_UNIT(LENGTH_MEASURE(2.E-5),#5474,
'DISTANCE_ACCURACY_VALUE','Maximum Tolerance applied to model');
#5472=(
NAMED_UNIT(*)
SI_UNIT($,.STERADIAN.)
SOLID_ANGLE_UNIT()
);
#5473=(
NAMED_UNIT(*)
PLANE_ANGLE_UNIT()
SI_UNIT($,.RADIAN.)
);
#5474=(
LENGTH_UNIT()
NAMED_UNIT(*)
SI_UNIT($,.METRE.)
);
#5475=PRODUCT_DEFINITION_SHAPE('','',#5476);
#5476=PRODUCT_DEFINITION('','',#5478,#5477);
#5477=PRODUCT_DEFINITION_CONTEXT('',#5484,'design');
#5478=PRODUCT_DEFINITION_FORMATION_WITH_SPECIFIED_SOURCE('','',#5480,
 .NOT_KNOWN.);
#5479=PRODUCT_RELATED_PRODUCT_CATEGORY('','',(#5480));
#5480=PRODUCT('Part 1','Part 1','Part 1',(#5482));
#5481=PRODUCT_CATEGORY('','');
#5482=PRODUCT_CONTEXT('',#5484,'mechanical');
#5483=APPLICATION_PROTOCOL_DEFINITION('international standard',
'ap242_managed_model_based_3d_engineering',2020,#5484);
#5484=APPLICATION_CONTEXT('managed model based 3d engineering');
ENDSEC;
END-ISO-10303-21;
