ISO-10303-21;
HEADER;
/* Generated by software containing ST-Developer
 * from STEP Tools, Inc. (www.steptools.com) 
 */
/* OPTION: using custom renumber hook */

FILE_DESCRIPTION(
/* description */ ('STEP AP242 Edition 2',
'CAx-IF Rec.Pracs.---Representation and Presentation of Product Manufa
cturing Information (PMI)---4.0---2014-10-13',
'CAx-IF Rec.Pracs.---3D Tessellated Geometry---0.4---2014-09-14','2;1',
'CAx-IF Rec.Pracs.---User Defined Attributes---1.5---2016-08-15'),
/* implementation_level */ '2;1');

FILE_NAME(
/* name */ '6a9db29e9cce83d56f505d4a',
/* time_stamp */ '2026-09-06T18:36:15Z',
/* author */ (''),
/* organization */ (''),
/* preprocessor_version */ 'ST-DEVELOPER v20',
/* originating_system */ 'ONSHAPE BY PTC INC, 1.220',
/* authorisation */ '  ');

FILE_SCHEMA (('AP242_MANAGED_MODEL_BASED_3D_ENGINEERING_MIM_LF { 1 0 10303 442 3 1 4 }'));
ENDSEC;

DATA;
#10=B_SPLINE_SURFACE_WITH_KNOTS('',3,1,((#6540,#6541),(#6542,#6543),(#6544,
#6545),(#6546,#6547)),.SURF_OF_LINEAR_EXTRUSION.,.F.,.F.,.F.,(4,4),(2,2),
(0.,1.),(0.,1.),.PIECEWISE_BEZIER_KNOTS.);
#11=B_SPLINE_SURFACE_WITH_KNOTS('',3,1,((#6557,#6558),(#6559,#6560),(#6561,
#6562),(#6563,#6564)),.SURF_OF_LINEAR_EXTRUSION.,.F.,.F.,.F.,(4,4),(2,2),
(0.,1.),(0.,1.),.PIECEWISE_BEZIER_KNOTS.);
#12=B_SPLINE_SURFACE_WITH_KNOTS('',3,1,((#6574,#6575),(#6576,#6577),(#6578,
#6579),(#6580,#6581)),.SURF_OF_LINEAR_EXTRUSION.,.F.,.F.,.F.,(4,4),(2,2),
(0.,1.),(0.,1.),.PIECEWISE_BEZIER_KNOTS.);
#13=B_SPLINE_SURFACE_WITH_KNOTS('',3,1,((#6587,#6588),(#6589,#6590),(#6591,
#6592),(#6593,#6594)),.SURF_OF_LINEAR_EXTRUSION.,.F.,.F.,.F.,(4,4),(2,2),
(0.,1.),(0.,1.),.PIECEWISE_BEZIER_KNOTS.);
#14=B_SPLINE_SURFACE_WITH_KNOTS('',3,1,((#6604,#6605),(#6606,#6607),(#6608,
#6609),(#6610,#6611)),.SURF_OF_LINEAR_EXTRUSION.,.F.,.F.,.F.,(4,4),(2,2),
(0.,1.),(0.,1.),.PIECEWISE_BEZIER_KNOTS.);
#15=B_SPLINE_SURFACE_WITH_KNOTS('',3,1,((#6621,#6622),(#6623,#6624),(#6625,
#6626),(#6627,#6628)),.SURF_OF_LINEAR_EXTRUSION.,.F.,.F.,.F.,(4,4),(2,2),
(0.,1.),(0.,1.),.PIECEWISE_BEZIER_KNOTS.);
#16=B_SPLINE_SURFACE_WITH_KNOTS('',3,1,((#6638,#6639),(#6640,#6641),(#6642,
#6643),(#6644,#6645)),.SURF_OF_LINEAR_EXTRUSION.,.F.,.F.,.F.,(4,4),(2,2),
(0.,1.),(0.,1.),.PIECEWISE_BEZIER_KNOTS.);
#17=B_SPLINE_SURFACE_WITH_KNOTS('',3,1,((#6655,#6656),(#6657,#6658),(#6659,
#6660),(#6661,#6662)),.SURF_OF_LINEAR_EXTRUSION.,.F.,.F.,.F.,(4,4),(2,2),
(0.,1.),(0.,1.),.PIECEWISE_BEZIER_KNOTS.);
#18=B_SPLINE_SURFACE_WITH_KNOTS('',3,1,((#6676,#6677),(#6678,#6679),(#6680,
#6681),(#6682,#6683)),.SURF_OF_LINEAR_EXTRUSION.,.F.,.F.,.F.,(4,4),(2,2),
(0.,1.),(0.,1.),.PIECEWISE_BEZIER_KNOTS.);
#19=B_SPLINE_SURFACE_WITH_KNOTS('',3,1,((#6693,#6694),(#6695,#6696),(#6697,
#6698),(#6699,#6700)),.SURF_OF_LINEAR_EXTRUSION.,.F.,.F.,.F.,(4,4),(2,2),
(0.,1.),(0.,1.),.PIECEWISE_BEZIER_KNOTS.);
#20=B_SPLINE_SURFACE_WITH_KNOTS('',3,1,((#6710,#6711),(#6712,#6713),(#6714,
#6715),(#6716,#6717)),.SURF_OF_LINEAR_EXTRUSION.,.F.,.F.,.F.,(4,4),(2,2),
(0.,1.),(0.,1.),.PIECEWISE_BEZIER_KNOTS.);
#21=B_SPLINE_SURFACE_WITH_KNOTS('',3,1,((#6728,#6729),(#6730,#6731),(#6732,
#6733),(#6734,#6735)),.SURF_OF_LINEAR_EXTRUSION.,.F.,.F.,.F.,(4,4),(2,2),
(0.,1.),(0.,1.),.PIECEWISE_BEZIER_KNOTS.);
#22=B_SPLINE_SURFACE_WITH_KNOTS('',3,1,((#6753,#6754),(#6755,#6756),(#6757,
#6758),(#6759,#6760)),.SURF_OF_LINEAR_EXTRUSION.,.F.,.F.,.F.,(4,4),(2,2),
(0.,1.),(0.,1.),.PIECEWISE_BEZIER_KNOTS.);
#23=B_SPLINE_SURFACE_WITH_KNOTS('',3,1,((#6770,#6771),(#6772,#6773),(#6774,
#6775),(#6776,#6777)),.SURF_OF_LINEAR_EXTRUSION.,.F.,.F.,.F.,(4,4),(2,2),
(0.,1.),(0.,1.),.PIECEWISE_BEZIER_KNOTS.);
#24=B_SPLINE_SURFACE_WITH_KNOTS('',3,1,((#6783,#6784),(#6785,#6786),(#6787,
#6788),(#6789,#6790)),.SURF_OF_LINEAR_EXTRUSION.,.F.,.F.,.F.,(4,4),(2,2),
(0.,1.),(0.,1.),.PIECEWISE_BEZIER_KNOTS.);
#25=B_SPLINE_SURFACE_WITH_KNOTS('',3,1,((#6808,#6809),(#6810,#6811),(#6812,
#6813),(#6814,#6815)),.SURF_OF_LINEAR_EXTRUSION.,.F.,.F.,.F.,(4,4),(2,2),
(0.,1.),(0.,1.),.PIECEWISE_BEZIER_KNOTS.);
#26=B_SPLINE_SURFACE_WITH_KNOTS('',3,1,((#6825,#6826),(#6827,#6828),(#6829,
#6830),(#6831,#6832)),.SURF_OF_LINEAR_EXTRUSION.,.F.,.F.,.F.,(4,4),(2,2),
(0.,1.),(0.,1.),.PIECEWISE_BEZIER_KNOTS.);
#27=B_SPLINE_SURFACE_WITH_KNOTS('',3,1,((#6850,#6851),(#6852,#6853),(#6854,
#6855),(#6856,#6857)),.SURF_OF_LINEAR_EXTRUSION.,.F.,.F.,.F.,(4,4),(2,2),
(0.,1.),(0.,1.),.PIECEWISE_BEZIER_KNOTS.);
#28=B_SPLINE_SURFACE_WITH_KNOTS('',3,1,((#6867,#6868),(#6869,#6870),(#6871,
#6872),(#6873,#6874)),.SURF_OF_LINEAR_EXTRUSION.,.F.,.F.,.F.,(4,4),(2,2),
(0.,1.),(0.,1.),.PIECEWISE_BEZIER_KNOTS.);
#29=B_SPLINE_SURFACE_WITH_KNOTS('',3,1,((#6880,#6881),(#6882,#6883),(#6884,
#6885),(#6886,#6887)),.SURF_OF_LINEAR_EXTRUSION.,.F.,.F.,.F.,(4,4),(2,2),
(0.,1.),(0.,1.),.PIECEWISE_BEZIER_KNOTS.);
#30=B_SPLINE_SURFACE_WITH_KNOTS('',3,1,((#6901,#6902),(#6903,#6904),(#6905,
#6906),(#6907,#6908)),.SURF_OF_LINEAR_EXTRUSION.,.F.,.F.,.F.,(4,4),(2,2),
(0.,1.),(0.,1.),.PIECEWISE_BEZIER_KNOTS.);
#31=B_SPLINE_SURFACE_WITH_KNOTS('',3,1,((#6914,#6915),(#6916,#6917),(#6918,
#6919),(#6920,#6921)),.SURF_OF_LINEAR_EXTRUSION.,.F.,.F.,.F.,(4,4),(2,2),
(0.,1.),(0.,1.),.PIECEWISE_BEZIER_KNOTS.);
#32=B_SPLINE_SURFACE_WITH_KNOTS('',3,1,((#6935,#6936),(#6937,#6938),(#6939,
#6940),(#6941,#6942)),.SURF_OF_LINEAR_EXTRUSION.,.F.,.F.,.F.,(4,4),(2,2),
(0.,1.),(0.,1.),.PIECEWISE_BEZIER_KNOTS.);
#33=B_SPLINE_SURFACE_WITH_KNOTS('',3,1,((#6958,#6959),(#6960,#6961),(#6962,
#6963),(#6964,#6965)),.SURF_OF_LINEAR_EXTRUSION.,.F.,.F.,.F.,(4,4),(2,2),
(0.,1.),(0.,1.),.PIECEWISE_BEZIER_KNOTS.);
#34=B_SPLINE_SURFACE_WITH_KNOTS('',3,1,((#6975,#6976),(#6977,#6978),(#6979,
#6980),(#6981,#6982)),.SURF_OF_LINEAR_EXTRUSION.,.F.,.F.,.F.,(4,4),(2,2),
(0.,1.),(0.,1.),.PIECEWISE_BEZIER_KNOTS.);
#35=B_SPLINE_SURFACE_WITH_KNOTS('',3,1,((#6998,#6999),(#7000,#7001),(#7002,
#7003),(#7004,#7005)),.SURF_OF_LINEAR_EXTRUSION.,.F.,.F.,.F.,(4,4),(2,2),
(0.,1.),(0.,1.),.PIECEWISE_BEZIER_KNOTS.);
#36=B_SPLINE_SURFACE_WITH_KNOTS('',3,1,((#7015,#7016),(#7017,#7018),(#7019,
#7020),(#7021,#7022)),.SURF_OF_LINEAR_EXTRUSION.,.F.,.F.,.F.,(4,4),(2,2),
(0.,1.),(0.,1.),.PIECEWISE_BEZIER_KNOTS.);
#37=B_SPLINE_SURFACE_WITH_KNOTS('',3,1,((#7048,#7049),(#7050,#7051),(#7052,
#7053),(#7054,#7055)),.SURF_OF_LINEAR_EXTRUSION.,.F.,.F.,.F.,(4,4),(2,2),
(0.,1.),(0.,1.),.PIECEWISE_BEZIER_KNOTS.);
#38=B_SPLINE_SURFACE_WITH_KNOTS('',3,1,((#7069,#7070),(#7071,#7072),(#7073,
#7074),(#7075,#7076)),.SURF_OF_LINEAR_EXTRUSION.,.F.,.F.,.F.,(4,4),(2,2),
(0.,1.),(0.,1.),.PIECEWISE_BEZIER_KNOTS.);
#39=B_SPLINE_SURFACE_WITH_KNOTS('',3,1,((#7086,#7087),(#7088,#7089),(#7090,
#7091),(#7092,#7093)),.SURF_OF_LINEAR_EXTRUSION.,.F.,.F.,.F.,(4,4),(2,2),
(0.,1.),(0.,1.),.PIECEWISE_BEZIER_KNOTS.);
#40=B_SPLINE_SURFACE_WITH_KNOTS('',3,1,((#7103,#7104),(#7105,#7106),(#7107,
#7108),(#7109,#7110)),.SURF_OF_LINEAR_EXTRUSION.,.F.,.F.,.F.,(4,4),(2,2),
(0.,1.),(0.,1.),.PIECEWISE_BEZIER_KNOTS.);
#41=B_SPLINE_SURFACE_WITH_KNOTS('',3,1,((#7120,#7121),(#7122,#7123),(#7124,
#7125),(#7126,#7127)),.SURF_OF_LINEAR_EXTRUSION.,.F.,.F.,.F.,(4,4),(2,2),
(0.,1.),(0.,1.),.PIECEWISE_BEZIER_KNOTS.);
#42=B_SPLINE_SURFACE_WITH_KNOTS('',3,1,((#7133,#7134),(#7135,#7136),(#7137,
#7138),(#7139,#7140)),.SURF_OF_LINEAR_EXTRUSION.,.F.,.F.,.F.,(4,4),(2,2),
(0.,1.),(0.,1.),.PIECEWISE_BEZIER_KNOTS.);
#43=B_SPLINE_SURFACE_WITH_KNOTS('',3,1,((#7150,#7151),(#7152,#7153),(#7154,
#7155),(#7156,#7157)),.SURF_OF_LINEAR_EXTRUSION.,.F.,.F.,.F.,(4,4),(2,2),
(0.,1.),(0.,1.),.PIECEWISE_BEZIER_KNOTS.);
#44=B_SPLINE_SURFACE_WITH_KNOTS('',3,1,((#7163,#7164),(#7165,#7166),(#7167,
#7168),(#7169,#7170)),.SURF_OF_LINEAR_EXTRUSION.,.F.,.F.,.F.,(4,4),(2,2),
(0.,1.),(0.,1.),.PIECEWISE_BEZIER_KNOTS.);
#45=B_SPLINE_SURFACE_WITH_KNOTS('',3,1,((#7174,#7175),(#7176,#7177),(#7178,
#7179),(#7180,#7181)),.SURF_OF_LINEAR_EXTRUSION.,.F.,.F.,.F.,(4,4),(2,2),
(0.,1.),(0.,1.),.PIECEWISE_BEZIER_KNOTS.);
#46=B_SPLINE_SURFACE_WITH_KNOTS('',3,1,((#7198,#7199),(#7200,#7201),(#7202,
#7203),(#7204,#7205)),.SURF_OF_LINEAR_EXTRUSION.,.F.,.F.,.F.,(4,4),(2,2),
(0.,1.),(0.,1.),.PIECEWISE_BEZIER_KNOTS.);
#47=B_SPLINE_SURFACE_WITH_KNOTS('',3,1,((#7221,#7222),(#7223,#7224),(#7225,
#7226),(#7227,#7228)),.SURF_OF_LINEAR_EXTRUSION.,.F.,.F.,.F.,(4,4),(2,2),
(0.,1.),(0.,1.),.PIECEWISE_BEZIER_KNOTS.);
#48=B_SPLINE_SURFACE_WITH_KNOTS('',3,1,((#7244,#7245),(#7246,#7247),(#7248,
#7249),(#7250,#7251)),.SURF_OF_LINEAR_EXTRUSION.,.F.,.F.,.F.,(4,4),(2,2),
(0.,1.),(0.,1.),.PIECEWISE_BEZIER_KNOTS.);
#49=B_SPLINE_SURFACE_WITH_KNOTS('',3,1,((#7261,#7262),(#7263,#7264),(#7265,
#7266),(#7267,#7268)),.SURF_OF_LINEAR_EXTRUSION.,.F.,.F.,.F.,(4,4),(2,2),
(0.,1.),(0.,1.),.PIECEWISE_BEZIER_KNOTS.);
#50=B_SPLINE_SURFACE_WITH_KNOTS('',3,1,((#7284,#7285),(#7286,#7287),(#7288,
#7289),(#7290,#7291)),.SURF_OF_LINEAR_EXTRUSION.,.F.,.F.,.F.,(4,4),(2,2),
(0.,1.),(0.,1.),.PIECEWISE_BEZIER_KNOTS.);
#51=B_SPLINE_SURFACE_WITH_KNOTS('',3,1,((#7307,#7308),(#7309,#7310),(#7311,
#7312),(#7313,#7314)),.SURF_OF_LINEAR_EXTRUSION.,.F.,.F.,.F.,(4,4),(2,2),
(0.,1.),(0.,1.),.PIECEWISE_BEZIER_KNOTS.);
#52=B_SPLINE_SURFACE_WITH_KNOTS('',3,1,((#7328,#7329),(#7330,#7331),(#7332,
#7333),(#7334,#7335)),.SURF_OF_LINEAR_EXTRUSION.,.F.,.F.,.F.,(4,4),(2,2),
(0.,1.),(0.,1.),.PIECEWISE_BEZIER_KNOTS.);
#53=B_SPLINE_SURFACE_WITH_KNOTS('',3,1,((#7349,#7350),(#7351,#7352),(#7353,
#7354),(#7355,#7356)),.SURF_OF_LINEAR_EXTRUSION.,.F.,.F.,.F.,(4,4),(2,2),
(0.,1.),(0.,1.),.PIECEWISE_BEZIER_KNOTS.);
#54=B_SPLINE_SURFACE_WITH_KNOTS('',3,1,((#7362,#7363),(#7364,#7365),(#7366,
#7367),(#7368,#7369)),.SURF_OF_LINEAR_EXTRUSION.,.F.,.F.,.F.,(4,4),(2,2),
(0.,1.),(0.,1.),.PIECEWISE_BEZIER_KNOTS.);
#55=B_SPLINE_SURFACE_WITH_KNOTS('',3,1,((#7379,#7380),(#7381,#7382),(#7383,
#7384),(#7385,#7386)),.SURF_OF_LINEAR_EXTRUSION.,.F.,.F.,.F.,(4,4),(2,2),
(0.,1.),(0.,1.),.PIECEWISE_BEZIER_KNOTS.);
#56=B_SPLINE_SURFACE_WITH_KNOTS('',3,1,((#7392,#7393),(#7394,#7395),(#7396,
#7397),(#7398,#7399)),.SURF_OF_LINEAR_EXTRUSION.,.F.,.F.,.F.,(4,4),(2,2),
(0.,1.),(0.,1.),.PIECEWISE_BEZIER_KNOTS.);
#57=B_SPLINE_SURFACE_WITH_KNOTS('',3,1,((#7413,#7414),(#7415,#7416),(#7417,
#7418),(#7419,#7420)),.SURF_OF_LINEAR_EXTRUSION.,.F.,.F.,.F.,(4,4),(2,2),
(0.,1.),(0.,1.),.PIECEWISE_BEZIER_KNOTS.);
#58=B_SPLINE_SURFACE_WITH_KNOTS('',3,1,((#7434,#7435),(#7436,#7437),(#7438,
#7439),(#7440,#7441)),.SURF_OF_LINEAR_EXTRUSION.,.F.,.F.,.F.,(4,4),(2,2),
(0.,1.),(0.,1.),.PIECEWISE_BEZIER_KNOTS.);
#59=B_SPLINE_SURFACE_WITH_KNOTS('',3,1,((#7451,#7452),(#7453,#7454),(#7455,
#7456),(#7457,#7458)),.SURF_OF_LINEAR_EXTRUSION.,.F.,.F.,.F.,(4,4),(2,2),
(0.,1.),(0.,1.),.PIECEWISE_BEZIER_KNOTS.);
#60=B_SPLINE_SURFACE_WITH_KNOTS('',3,1,((#7468,#7469),(#7470,#7471),(#7472,
#7473),(#7474,#7475)),.SURF_OF_LINEAR_EXTRUSION.,.F.,.F.,.F.,(4,4),(2,2),
(0.,1.),(0.,1.),.PIECEWISE_BEZIER_KNOTS.);
#61=B_SPLINE_SURFACE_WITH_KNOTS('',3,1,((#7479,#7480),(#7481,#7482),(#7483,
#7484),(#7485,#7486)),.SURF_OF_LINEAR_EXTRUSION.,.F.,.F.,.F.,(4,4),(2,2),
(0.,1.),(0.,1.),.PIECEWISE_BEZIER_KNOTS.);
#62=B_SPLINE_SURFACE_WITH_KNOTS('',3,1,((#7500,#7501),(#7502,#7503),(#7504,
#7505),(#7506,#7507)),.SURF_OF_LINEAR_EXTRUSION.,.F.,.F.,.F.,(4,4),(2,2),
(0.,1.),(0.,1.),.PIECEWISE_BEZIER_KNOTS.);
#63=B_SPLINE_SURFACE_WITH_KNOTS('',3,1,((#7513,#7514),(#7515,#7516),(#7517,
#7518),(#7519,#7520)),.SURF_OF_LINEAR_EXTRUSION.,.F.,.F.,.F.,(4,4),(2,2),
(0.,1.),(0.,1.),.PIECEWISE_BEZIER_KNOTS.);
#64=B_SPLINE_SURFACE_WITH_KNOTS('',3,1,((#7526,#7527),(#7528,#7529),(#7530,
#7531),(#7532,#7533)),.SURF_OF_LINEAR_EXTRUSION.,.F.,.F.,.F.,(4,4),(2,2),
(0.,1.),(0.,1.),.PIECEWISE_BEZIER_KNOTS.);
#65=B_SPLINE_SURFACE_WITH_KNOTS('',3,1,((#7543,#7544),(#7545,#7546),(#7547,
#7548),(#7549,#7550)),.SURF_OF_LINEAR_EXTRUSION.,.F.,.F.,.F.,(4,4),(2,2),
(0.,1.),(0.,1.),.PIECEWISE_BEZIER_KNOTS.);
#66=B_SPLINE_SURFACE_WITH_KNOTS('',3,1,((#7560,#7561),(#7562,#7563),(#7564,
#7565),(#7566,#7567)),.SURF_OF_LINEAR_EXTRUSION.,.F.,.F.,.F.,(4,4),(2,2),
(0.,1.),(0.,1.),.PIECEWISE_BEZIER_KNOTS.);
#67=B_SPLINE_SURFACE_WITH_KNOTS('',3,1,((#7577,#7578),(#7579,#7580),(#7581,
#7582),(#7583,#7584)),.SURF_OF_LINEAR_EXTRUSION.,.F.,.F.,.F.,(4,4),(2,2),
(0.,1.),(0.,1.),.PIECEWISE_BEZIER_KNOTS.);
#68=B_SPLINE_SURFACE_WITH_KNOTS('',3,1,((#7590,#7591),(#7592,#7593),(#7594,
#7595),(#7596,#7597)),.SURF_OF_LINEAR_EXTRUSION.,.F.,.F.,.F.,(4,4),(2,2),
(0.,1.),(0.,1.),.PIECEWISE_BEZIER_KNOTS.);
#69=B_SPLINE_SURFACE_WITH_KNOTS('',3,1,((#7607,#7608),(#7609,#7610),(#7611,
#7612),(#7613,#7614)),.SURF_OF_LINEAR_EXTRUSION.,.F.,.F.,.F.,(4,4),(2,2),
(0.,1.),(0.,1.),.PIECEWISE_BEZIER_KNOTS.);
#70=B_SPLINE_SURFACE_WITH_KNOTS('',3,1,((#7624,#7625),(#7626,#7627),(#7628,
#7629),(#7630,#7631)),.SURF_OF_LINEAR_EXTRUSION.,.F.,.F.,.F.,(4,4),(2,2),
(0.,1.),(0.,1.),.PIECEWISE_BEZIER_KNOTS.);
#71=B_SPLINE_SURFACE_WITH_KNOTS('',3,1,((#7637,#7638),(#7639,#7640),(#7641,
#7642),(#7643,#7644)),.SURF_OF_LINEAR_EXTRUSION.,.F.,.F.,.F.,(4,4),(2,2),
(0.,1.),(0.,1.),.PIECEWISE_BEZIER_KNOTS.);
#72=B_SPLINE_SURFACE_WITH_KNOTS('',3,1,((#7650,#7651),(#7652,#7653),(#7654,
#7655),(#7656,#7657)),.SURF_OF_LINEAR_EXTRUSION.,.F.,.F.,.F.,(4,4),(2,2),
(0.,1.),(0.,1.),.PIECEWISE_BEZIER_KNOTS.);
#73=B_SPLINE_SURFACE_WITH_KNOTS('',3,1,((#7663,#7664),(#7665,#7666),(#7667,
#7668),(#7669,#7670)),.SURF_OF_LINEAR_EXTRUSION.,.F.,.F.,.F.,(4,4),(2,2),
(0.,1.),(0.,1.),.PIECEWISE_BEZIER_KNOTS.);
#74=B_SPLINE_SURFACE_WITH_KNOTS('',3,1,((#7680,#7681),(#7682,#7683),(#7684,
#7685),(#7686,#7687)),.SURF_OF_LINEAR_EXTRUSION.,.F.,.F.,.F.,(4,4),(2,2),
(0.,1.),(0.,1.),.PIECEWISE_BEZIER_KNOTS.);
#75=B_SPLINE_SURFACE_WITH_KNOTS('',3,1,((#7697,#7698),(#7699,#7700),(#7701,
#7702),(#7703,#7704)),.SURF_OF_LINEAR_EXTRUSION.,.F.,.F.,.F.,(4,4),(2,2),
(0.,1.),(0.,1.),.PIECEWISE_BEZIER_KNOTS.);
#76=B_SPLINE_SURFACE_WITH_KNOTS('',3,1,((#7714,#7715),(#7716,#7717),(#7718,
#7719),(#7720,#7721)),.SURF_OF_LINEAR_EXTRUSION.,.F.,.F.,.F.,(4,4),(2,2),
(0.,1.),(0.,1.),.PIECEWISE_BEZIER_KNOTS.);
#77=B_SPLINE_SURFACE_WITH_KNOTS('',3,1,((#7727,#7728),(#7729,#7730),(#7731,
#7732),(#7733,#7734)),.SURF_OF_LINEAR_EXTRUSION.,.F.,.F.,.F.,(4,4),(2,2),
(0.,1.),(0.,1.),.PIECEWISE_BEZIER_KNOTS.);
#78=B_SPLINE_SURFACE_WITH_KNOTS('',3,1,((#7744,#7745),(#7746,#7747),(#7748,
#7749),(#7750,#7751)),.SURF_OF_LINEAR_EXTRUSION.,.F.,.F.,.F.,(4,4),(2,2),
(0.,1.),(0.,1.),.PIECEWISE_BEZIER_KNOTS.);
#79=CONTEXT_DEPENDENT_SHAPE_REPRESENTATION(#83,#7771);
#80=CONTEXT_DEPENDENT_SHAPE_REPRESENTATION(#84,#7773);
#81=NEXT_ASSEMBLY_USAGE_OCCURRENCE('NAUO1','Part 1','Part 1',#7774,#7775,
'');
#82=NEXT_ASSEMBLY_USAGE_OCCURRENCE('NAUO2','Part 1','Part 1',#7774,#7776,
'');
#83=(
REPRESENTATION_RELATIONSHIP(' ',' ',#4559,#4558)
REPRESENTATION_RELATIONSHIP_WITH_TRANSFORMATION(#85)
SHAPE_REPRESENTATION_RELATIONSHIP()
);
#84=(
REPRESENTATION_RELATIONSHIP(' ',' ',#4560,#4558)
REPRESENTATION_RELATIONSHIP_WITH_TRANSFORMATION(#86)
SHAPE_REPRESENTATION_RELATIONSHIP()
);
#85=ITEM_DEFINED_TRANSFORMATION(' ',' ',#4561,#4657);
#86=ITEM_DEFINED_TRANSFORMATION(' ',' ',#4561,#4768);
#87=SHAPE_REPRESENTATION_RELATIONSHIP('','',#4559,#89);
#88=SHAPE_REPRESENTATION_RELATIONSHIP('','',#4560,#90);
#89=ADVANCED_BREP_SHAPE_REPRESENTATION('',(#4553),#7761);
#90=ADVANCED_BREP_SHAPE_REPRESENTATION('',(#4554),#7762);
#91=B_SPLINE_CURVE_WITH_KNOTS('',3,(#6006,#6007,#6008,#6009,#6010,#6011,
#6012),.UNSPECIFIED.,.F.,.F.,(4,1,1,1,4),(0.,0.00283234666868498,0.00566469333736996,
0.00849704000605494,0.0113293866747399),.UNSPECIFIED.);
#92=B_SPLINE_CURVE_WITH_KNOTS('',2,(#6077,#6078,#6079),.UNSPECIFIED.,.F.,
 .F.,(3,3),(0.,1.),.PIECEWISE_BEZIER_KNOTS.);
#93=B_SPLINE_CURVE_WITH_KNOTS('',2,(#6081,#6082,#6083),.UNSPECIFIED.,.F.,
 .F.,(3,3),(0.,1.),.PIECEWISE_BEZIER_KNOTS.);
#94=B_SPLINE_CURVE_WITH_KNOTS('',2,(#6087,#6088,#6089),.UNSPECIFIED.,.F.,
 .F.,(3,3),(0.,1.),.PIECEWISE_BEZIER_KNOTS.);
#95=B_SPLINE_CURVE_WITH_KNOTS('',2,(#6091,#6092,#6093),.UNSPECIFIED.,.F.,
 .F.,(3,3),(0.,1.),.PIECEWISE_BEZIER_KNOTS.);
#96=B_SPLINE_CURVE_WITH_KNOTS('',2,(#6097,#6098,#6099),.UNSPECIFIED.,.F.,
 .F.,(3,3),(0.,1.),.PIECEWISE_BEZIER_KNOTS.);
#97=B_SPLINE_CURVE_WITH_KNOTS('',2,(#6103,#6104,#6105),.UNSPECIFIED.,.F.,
 .F.,(3,3),(0.,1.),.PIECEWISE_BEZIER_KNOTS.);
#98=B_SPLINE_CURVE_WITH_KNOTS('',2,(#6109,#6110,#6111),.UNSPECIFIED.,.F.,
 .F.,(3,3),(0.,1.),.PIECEWISE_BEZIER_KNOTS.);
#99=B_SPLINE_CURVE_WITH_KNOTS('',2,(#6117,#6118,#6119),.UNSPECIFIED.,.F.,
 .F.,(3,3),(0.,1.),.PIECEWISE_BEZIER_KNOTS.);
#100=B_SPLINE_CURVE_WITH_KNOTS('',2,(#6144,#6145,#6146),.UNSPECIFIED.,.F.,
 .F.,(3,3),(0.,1.),.PIECEWISE_BEZIER_KNOTS.);
#101=B_SPLINE_CURVE_WITH_KNOTS('',2,(#6151,#6152,#6153),.UNSPECIFIED.,.F.,
 .F.,(3,3),(0.,1.),.PIECEWISE_BEZIER_KNOTS.);
#102=B_SPLINE_CURVE_WITH_KNOTS('',2,(#6157,#6158,#6159),.UNSPECIFIED.,.F.,
 .F.,(3,3),(0.,1.),.PIECEWISE_BEZIER_KNOTS.);
#103=B_SPLINE_CURVE_WITH_KNOTS('',2,(#6163,#6164,#6165),.UNSPECIFIED.,.F.,
 .F.,(3,3),(0.,1.),.PIECEWISE_BEZIER_KNOTS.);
#104=B_SPLINE_CURVE_WITH_KNOTS('',2,(#6171,#6172,#6173),.UNSPECIFIED.,.F.,
 .F.,(3,3),(0.,1.),.PIECEWISE_BEZIER_KNOTS.);
#105=B_SPLINE_CURVE_WITH_KNOTS('',2,(#6177,#6178,#6179),.UNSPECIFIED.,.F.,
 .F.,(3,3),(0.,1.),.PIECEWISE_BEZIER_KNOTS.);
#106=B_SPLINE_CURVE_WITH_KNOTS('',2,(#6183,#6184,#6185),.UNSPECIFIED.,.F.,
 .F.,(3,3),(0.,1.),.PIECEWISE_BEZIER_KNOTS.);
#107=B_SPLINE_CURVE_WITH_KNOTS('',2,(#6189,#6190,#6191),.UNSPECIFIED.,.F.,
 .F.,(3,3),(0.,1.),.PIECEWISE_BEZIER_KNOTS.);
#108=B_SPLINE_CURVE_WITH_KNOTS('',2,(#6195,#6196,#6197),.UNSPECIFIED.,.F.,
 .F.,(3,3),(0.,1.),.PIECEWISE_BEZIER_KNOTS.);
#109=B_SPLINE_CURVE_WITH_KNOTS('',2,(#6199,#6200,#6201),.UNSPECIFIED.,.F.,
 .F.,(3,3),(0.,1.),.PIECEWISE_BEZIER_KNOTS.);
#110=B_SPLINE_CURVE_WITH_KNOTS('',2,(#6205,#6206,#6207),.UNSPECIFIED.,.F.,
 .F.,(3,3),(0.,1.),.PIECEWISE_BEZIER_KNOTS.);
#111=B_SPLINE_CURVE_WITH_KNOTS('',2,(#6210,#6211,#6212),.UNSPECIFIED.,.F.,
 .F.,(3,3),(0.,1.),.PIECEWISE_BEZIER_KNOTS.);
#112=B_SPLINE_CURVE_WITH_KNOTS('',2,(#6217,#6218,#6219),.UNSPECIFIED.,.F.,
 .F.,(3,3),(0.,1.),.PIECEWISE_BEZIER_KNOTS.);
#113=B_SPLINE_CURVE_WITH_KNOTS('',2,(#6221,#6222,#6223),.UNSPECIFIED.,.F.,
 .F.,(3,3),(0.,1.),.PIECEWISE_BEZIER_KNOTS.);
#114=B_SPLINE_CURVE_WITH_KNOTS('',2,(#6229,#6230,#6231),.UNSPECIFIED.,.F.,
 .F.,(3,3),(0.,1.),.PIECEWISE_BEZIER_KNOTS.);
#115=B_SPLINE_CURVE_WITH_KNOTS('',2,(#6233,#6234,#6235),.UNSPECIFIED.,.F.,
 .F.,(3,3),(0.,1.),.PIECEWISE_BEZIER_KNOTS.);
#116=B_SPLINE_CURVE_WITH_KNOTS('',2,(#6239,#6240,#6241),.UNSPECIFIED.,.F.,
 .F.,(3,3),(0.,1.),.PIECEWISE_BEZIER_KNOTS.);
#117=B_SPLINE_CURVE_WITH_KNOTS('',2,(#6249,#6250,#6251),.UNSPECIFIED.,.F.,
 .F.,(3,3),(0.,1.),.PIECEWISE_BEZIER_KNOTS.);
#118=B_SPLINE_CURVE_WITH_KNOTS('',2,(#6255,#6256,#6257),.UNSPECIFIED.,.F.,
 .F.,(3,3),(0.,1.),.PIECEWISE_BEZIER_KNOTS.);
#119=B_SPLINE_CURVE_WITH_KNOTS('',2,(#6265,#6266,#6267),.UNSPECIFIED.,.F.,
 .F.,(3,3),(0.,1.),.PIECEWISE_BEZIER_KNOTS.);
#120=B_SPLINE_CURVE_WITH_KNOTS('',2,(#6269,#6270,#6271),.UNSPECIFIED.,.F.,
 .F.,(3,3),(0.,1.),.PIECEWISE_BEZIER_KNOTS.);
#121=B_SPLINE_CURVE_WITH_KNOTS('',2,(#6275,#6276,#6277),.UNSPECIFIED.,.F.,
 .F.,(3,3),(0.,1.),.PIECEWISE_BEZIER_KNOTS.);
#122=B_SPLINE_CURVE_WITH_KNOTS('',2,(#6284,#6285,#6286),.UNSPECIFIED.,.F.,
 .F.,(3,3),(0.,1.),.PIECEWISE_BEZIER_KNOTS.);
#123=B_SPLINE_CURVE_WITH_KNOTS('',2,(#6291,#6292,#6293),.UNSPECIFIED.,.F.,
 .F.,(3,3),(0.,1.),.PIECEWISE_BEZIER_KNOTS.);
#124=B_SPLINE_CURVE_WITH_KNOTS('',2,(#6297,#6298,#6299),.UNSPECIFIED.,.F.,
 .F.,(3,3),(0.,1.),.PIECEWISE_BEZIER_KNOTS.);
#125=B_SPLINE_CURVE_WITH_KNOTS('',2,(#6303,#6304,#6305),.UNSPECIFIED.,.F.,
 .F.,(3,3),(0.,1.),.PIECEWISE_BEZIER_KNOTS.);
#126=B_SPLINE_CURVE_WITH_KNOTS('',2,(#6311,#6312,#6313),.UNSPECIFIED.,.F.,
 .F.,(3,3),(0.,1.),.PIECEWISE_BEZIER_KNOTS.);
#127=B_SPLINE_CURVE_WITH_KNOTS('',2,(#6319,#6320,#6321),.UNSPECIFIED.,.F.,
 .F.,(3,3),(0.,1.),.PIECEWISE_BEZIER_KNOTS.);
#128=B_SPLINE_CURVE_WITH_KNOTS('',2,(#6323,#6324,#6325),.UNSPECIFIED.,.F.,
 .F.,(3,3),(0.,1.),.PIECEWISE_BEZIER_KNOTS.);
#129=B_SPLINE_CURVE_WITH_KNOTS('',2,(#6329,#6330,#6331),.UNSPECIFIED.,.F.,
 .F.,(3,3),(0.,1.),.PIECEWISE_BEZIER_KNOTS.);
#130=B_SPLINE_CURVE_WITH_KNOTS('',2,(#6333,#6334,#6335),.UNSPECIFIED.,.F.,
 .F.,(3,3),(0.,1.),.PIECEWISE_BEZIER_KNOTS.);
#131=B_SPLINE_CURVE_WITH_KNOTS('',2,(#6341,#6342,#6343),.UNSPECIFIED.,.F.,
 .F.,(3,3),(0.,1.),.PIECEWISE_BEZIER_KNOTS.);
#132=B_SPLINE_CURVE_WITH_KNOTS('',2,(#6348,#6349,#6350),.UNSPECIFIED.,.F.,
 .F.,(3,3),(0.,1.),.PIECEWISE_BEZIER_KNOTS.);
#133=B_SPLINE_CURVE_WITH_KNOTS('',2,(#6355,#6356,#6357),.UNSPECIFIED.,.F.,
 .F.,(3,3),(0.,1.),.PIECEWISE_BEZIER_KNOTS.);
#134=B_SPLINE_CURVE_WITH_KNOTS('',2,(#6361,#6362,#6363),.UNSPECIFIED.,.F.,
 .F.,(3,3),(0.,1.),.PIECEWISE_BEZIER_KNOTS.);
#135=B_SPLINE_CURVE_WITH_KNOTS('',2,(#6365,#6366,#6367),.UNSPECIFIED.,.F.,
 .F.,(3,3),(0.,1.),.PIECEWISE_BEZIER_KNOTS.);
#136=B_SPLINE_CURVE_WITH_KNOTS('',2,(#6371,#6372,#6373),.UNSPECIFIED.,.F.,
 .F.,(3,3),(0.,1.),.PIECEWISE_BEZIER_KNOTS.);
#137=B_SPLINE_CURVE_WITH_KNOTS('',2,(#6377,#6378,#6379),.UNSPECIFIED.,.F.,
 .F.,(3,3),(0.,1.),.PIECEWISE_BEZIER_KNOTS.);
#138=B_SPLINE_CURVE_WITH_KNOTS('',2,(#6383,#6384,#6385),.UNSPECIFIED.,.F.,
 .F.,(3,3),(0.,1.),.PIECEWISE_BEZIER_KNOTS.);
#139=B_SPLINE_CURVE_WITH_KNOTS('',2,(#6387,#6388,#6389),.UNSPECIFIED.,.F.,
 .F.,(3,3),(0.,1.),.PIECEWISE_BEZIER_KNOTS.);
#140=B_SPLINE_CURVE_WITH_KNOTS('',2,(#6391,#6392,#6393),.UNSPECIFIED.,.F.,
 .F.,(3,3),(0.,1.),.PIECEWISE_BEZIER_KNOTS.);
#141=B_SPLINE_CURVE_WITH_KNOTS('',2,(#6395,#6396,#6397),.UNSPECIFIED.,.F.,
 .F.,(3,3),(0.,1.),.PIECEWISE_BEZIER_KNOTS.);
#142=B_SPLINE_CURVE_WITH_KNOTS('',2,(#6401,#6402,#6403),.UNSPECIFIED.,.F.,
 .F.,(3,3),(0.,1.),.PIECEWISE_BEZIER_KNOTS.);
#143=B_SPLINE_CURVE_WITH_KNOTS('',2,(#6407,#6408,#6409),.UNSPECIFIED.,.F.,
 .F.,(3,3),(0.,1.),.PIECEWISE_BEZIER_KNOTS.);
#144=B_SPLINE_CURVE_WITH_KNOTS('',2,(#6411,#6412,#6413),.UNSPECIFIED.,.F.,
 .F.,(3,3),(0.,1.),.PIECEWISE_BEZIER_KNOTS.);
#145=B_SPLINE_CURVE_WITH_KNOTS('',2,(#6417,#6418,#6419),.UNSPECIFIED.,.F.,
 .F.,(3,3),(0.,1.),.PIECEWISE_BEZIER_KNOTS.);
#146=B_SPLINE_CURVE_WITH_KNOTS('',2,(#6423,#6424,#6425),.UNSPECIFIED.,.F.,
 .F.,(3,3),(0.,1.),.PIECEWISE_BEZIER_KNOTS.);
#147=B_SPLINE_CURVE_WITH_KNOTS('',2,(#6429,#6430,#6431),.UNSPECIFIED.,.F.,
 .F.,(3,3),(0.,1.),.PIECEWISE_BEZIER_KNOTS.);
#148=B_SPLINE_CURVE_WITH_KNOTS('',2,(#6433,#6434,#6435),.UNSPECIFIED.,.F.,
 .F.,(3,3),(0.,1.),.PIECEWISE_BEZIER_KNOTS.);
#149=B_SPLINE_CURVE_WITH_KNOTS('',2,(#6550,#6551,#6552),.UNSPECIFIED.,.F.,
 .F.,(3,3),(0.,1.),.PIECEWISE_BEZIER_KNOTS.);
#150=B_SPLINE_CURVE_WITH_KNOTS('',2,(#6567,#6568,#6569),.UNSPECIFIED.,.F.,
 .F.,(3,3),(0.,1.),.PIECEWISE_BEZIER_KNOTS.);
#151=B_SPLINE_CURVE_WITH_KNOTS('',2,(#6584,#6585,#6586),.UNSPECIFIED.,.F.,
 .F.,(3,3),(0.,1.),.PIECEWISE_BEZIER_KNOTS.);
#152=B_SPLINE_CURVE_WITH_KNOTS('',2,(#6597,#6598,#6599),.UNSPECIFIED.,.F.,
 .F.,(3,3),(0.,1.),.PIECEWISE_BEZIER_KNOTS.);
#153=B_SPLINE_CURVE_WITH_KNOTS('',2,(#6614,#6615,#6616),.UNSPECIFIED.,.F.,
 .F.,(3,3),(0.,1.),.PIECEWISE_BEZIER_KNOTS.);
#154=B_SPLINE_CURVE_WITH_KNOTS('',2,(#6631,#6632,#6633),.UNSPECIFIED.,.F.,
 .F.,(3,3),(0.,1.),.PIECEWISE_BEZIER_KNOTS.);
#155=B_SPLINE_CURVE_WITH_KNOTS('',2,(#6648,#6649,#6650),.UNSPECIFIED.,.F.,
 .F.,(3,3),(0.,1.),.PIECEWISE_BEZIER_KNOTS.);
#156=B_SPLINE_CURVE_WITH_KNOTS('',2,(#6665,#6666,#6667),.UNSPECIFIED.,.F.,
 .F.,(3,3),(0.,1.),.PIECEWISE_BEZIER_KNOTS.);
#157=B_SPLINE_CURVE_WITH_KNOTS('',2,(#6686,#6687,#6688),.UNSPECIFIED.,.F.,
 .F.,(3,3),(0.,1.),.PIECEWISE_BEZIER_KNOTS.);
#158=B_SPLINE_CURVE_WITH_KNOTS('',2,(#6703,#6704,#6705),.UNSPECIFIED.,.F.,
 .F.,(3,3),(0.,1.),.PIECEWISE_BEZIER_KNOTS.);
#159=B_SPLINE_CURVE_WITH_KNOTS('',2,(#6718,#6719,#6720),.UNSPECIFIED.,.F.,
 .F.,(3,3),(0.,1.),.PIECEWISE_BEZIER_KNOTS.);
#160=B_SPLINE_CURVE_WITH_KNOTS('',2,(#6738,#6739,#6740),.UNSPECIFIED.,.F.,
 .F.,(3,3),(0.,1.),.PIECEWISE_BEZIER_KNOTS.);
#161=B_SPLINE_CURVE_WITH_KNOTS('',2,(#6763,#6764,#6765),.UNSPECIFIED.,.F.,
 .F.,(3,3),(0.,1.),.PIECEWISE_BEZIER_KNOTS.);
#162=B_SPLINE_CURVE_WITH_KNOTS('',2,(#6780,#6781,#6782),.UNSPECIFIED.,.F.,
 .F.,(3,3),(0.,1.),.PIECEWISE_BEZIER_KNOTS.);
#163=B_SPLINE_CURVE_WITH_KNOTS('',2,(#6793,#6794,#6795),.UNSPECIFIED.,.F.,
 .F.,(3,3),(0.,1.),.PIECEWISE_BEZIER_KNOTS.);
#164=B_SPLINE_CURVE_WITH_KNOTS('',2,(#6818,#6819,#6820),.UNSPECIFIED.,.F.,
 .F.,(3,3),(0.,1.),.PIECEWISE_BEZIER_KNOTS.);
#165=B_SPLINE_CURVE_WITH_KNOTS('',2,(#6835,#6836,#6837),.UNSPECIFIED.,.F.,
 .F.,(3,3),(0.,1.),.PIECEWISE_BEZIER_KNOTS.);
#166=B_SPLINE_CURVE_WITH_KNOTS('',2,(#6860,#6861,#6862),.UNSPECIFIED.,.F.,
 .F.,(3,3),(0.,1.),.PIECEWISE_BEZIER_KNOTS.);
#167=B_SPLINE_CURVE_WITH_KNOTS('',2,(#6877,#6878,#6879),.UNSPECIFIED.,.F.,
 .F.,(3,3),(0.,1.),.PIECEWISE_BEZIER_KNOTS.);
#168=B_SPLINE_CURVE_WITH_KNOTS('',2,(#6890,#6891,#6892),.UNSPECIFIED.,.F.,
 .F.,(3,3),(0.,1.),.PIECEWISE_BEZIER_KNOTS.);
#169=B_SPLINE_CURVE_WITH_KNOTS('',2,(#6911,#6912,#6913),.UNSPECIFIED.,.F.,
 .F.,(3,3),(0.,1.),.PIECEWISE_BEZIER_KNOTS.);
#170=B_SPLINE_CURVE_WITH_KNOTS('',2,(#6922,#6923,#6924),.UNSPECIFIED.,.F.,
 .F.,(3,3),(0.,1.),.PIECEWISE_BEZIER_KNOTS.);
#171=B_SPLINE_CURVE_WITH_KNOTS('',2,(#6943,#6944,#6945),.UNSPECIFIED.,.F.,
 .F.,(3,3),(0.,1.),.PIECEWISE_BEZIER_KNOTS.);
#172=B_SPLINE_CURVE_WITH_KNOTS('',2,(#6949,#6950,#6951),.UNSPECIFIED.,.F.,
 .F.,(3,3),(0.,1.),.PIECEWISE_BEZIER_KNOTS.);
#173=B_SPLINE_CURVE_WITH_KNOTS('',2,(#6966,#6967,#6968),.UNSPECIFIED.,.F.,
 .F.,(3,3),(0.,1.),.PIECEWISE_BEZIER_KNOTS.);
#174=B_SPLINE_CURVE_WITH_KNOTS('',2,(#6972,#6973,#6974),.UNSPECIFIED.,.F.,
 .F.,(3,3),(0.,1.),.PIECEWISE_BEZIER_KNOTS.);
#175=B_SPLINE_CURVE_WITH_KNOTS('',2,(#6983,#6984,#6985),.UNSPECIFIED.,.F.,
 .F.,(3,3),(0.,1.),.PIECEWISE_BEZIER_KNOTS.);
#176=B_SPLINE_CURVE_WITH_KNOTS('',2,(#6989,#6990,#6991),.UNSPECIFIED.,.F.,
 .F.,(3,3),(0.,1.),.PIECEWISE_BEZIER_KNOTS.);
#177=B_SPLINE_CURVE_WITH_KNOTS('',2,(#7006,#7007,#7008),.UNSPECIFIED.,.F.,
 .F.,(3,3),(0.,1.),.PIECEWISE_BEZIER_KNOTS.);
#178=B_SPLINE_CURVE_WITH_KNOTS('',2,(#7012,#7013,#7014),.UNSPECIFIED.,.F.,
 .F.,(3,3),(0.,1.),.PIECEWISE_BEZIER_KNOTS.);
#179=B_SPLINE_CURVE_WITH_KNOTS('',2,(#7023,#7024,#7025),.UNSPECIFIED.,.F.,
 .F.,(3,3),(0.,1.),.PIECEWISE_BEZIER_KNOTS.);
#180=B_SPLINE_CURVE_WITH_KNOTS('',2,(#7029,#7030,#7031),.UNSPECIFIED.,.F.,
 .F.,(3,3),(0.,1.),.PIECEWISE_BEZIER_KNOTS.);
#181=B_SPLINE_CURVE_WITH_KNOTS('',2,(#7058,#7059,#7060),.UNSPECIFIED.,.F.,
 .F.,(3,3),(0.,1.),.PIECEWISE_BEZIER_KNOTS.);
#182=B_SPLINE_CURVE_WITH_KNOTS('',2,(#7079,#7080,#7081),.UNSPECIFIED.,.F.,
 .F.,(3,3),(0.,1.),.PIECEWISE_BEZIER_KNOTS.);
#183=B_SPLINE_CURVE_WITH_KNOTS('',2,(#7096,#7097,#7098),.UNSPECIFIED.,.F.,
 .F.,(3,3),(0.,1.),.PIECEWISE_BEZIER_KNOTS.);
#184=B_SPLINE_CURVE_WITH_KNOTS('',2,(#7113,#7114,#7115),.UNSPECIFIED.,.F.,
 .F.,(3,3),(0.,1.),.PIECEWISE_BEZIER_KNOTS.);
#185=B_SPLINE_CURVE_WITH_KNOTS('',2,(#7130,#7131,#7132),.UNSPECIFIED.,.F.,
 .F.,(3,3),(0.,1.),.PIECEWISE_BEZIER_KNOTS.);
#186=B_SPLINE_CURVE_WITH_KNOTS('',2,(#7143,#7144,#7145),.UNSPECIFIED.,.F.,
 .F.,(3,3),(0.,1.),.PIECEWISE_BEZIER_KNOTS.);
#187=B_SPLINE_CURVE_WITH_KNOTS('',2,(#7160,#7161,#7162),.UNSPECIFIED.,.F.,
 .F.,(3,3),(0.,1.),.PIECEWISE_BEZIER_KNOTS.);
#188=B_SPLINE_CURVE_WITH_KNOTS('',2,(#7171,#7172,#7173),.UNSPECIFIED.,.F.,
 .F.,(3,3),(0.,1.),.PIECEWISE_BEZIER_KNOTS.);
#189=B_SPLINE_CURVE_WITH_KNOTS('',2,(#7182,#7183,#7184),.UNSPECIFIED.,.F.,
 .F.,(3,3),(0.,1.),.PIECEWISE_BEZIER_KNOTS.);
#190=B_SPLINE_CURVE_WITH_KNOTS('',2,(#7185,#7186,#7187),.UNSPECIFIED.,.F.,
 .F.,(3,3),(0.,1.),.PIECEWISE_BEZIER_KNOTS.);
#191=B_SPLINE_CURVE_WITH_KNOTS('',2,(#7206,#7207,#7208),.UNSPECIFIED.,.F.,
 .F.,(3,3),(0.,1.),.PIECEWISE_BEZIER_KNOTS.);
#192=B_SPLINE_CURVE_WITH_KNOTS('',2,(#7212,#7213,#7214),.UNSPECIFIED.,.F.,
 .F.,(3,3),(0.,1.),.PIECEWISE_BEZIER_KNOTS.);
#193=B_SPLINE_CURVE_WITH_KNOTS('',2,(#7229,#7230,#7231),.UNSPECIFIED.,.F.,
 .F.,(3,3),(0.,1.),.PIECEWISE_BEZIER_KNOTS.);
#194=B_SPLINE_CURVE_WITH_KNOTS('',2,(#7235,#7236,#7237),.UNSPECIFIED.,.F.,
 .F.,(3,3),(0.,1.),.PIECEWISE_BEZIER_KNOTS.);
#195=B_SPLINE_CURVE_WITH_KNOTS('',2,(#7252,#7253,#7254),.UNSPECIFIED.,.F.,
 .F.,(3,3),(0.,1.),.PIECEWISE_BEZIER_KNOTS.);
#196=B_SPLINE_CURVE_WITH_KNOTS('',2,(#7258,#7259,#7260),.UNSPECIFIED.,.F.,
 .F.,(3,3),(0.,1.),.PIECEWISE_BEZIER_KNOTS.);
#197=B_SPLINE_CURVE_WITH_KNOTS('',2,(#7269,#7270,#7271),.UNSPECIFIED.,.F.,
 .F.,(3,3),(0.,1.),.PIECEWISE_BEZIER_KNOTS.);
#198=B_SPLINE_CURVE_WITH_KNOTS('',2,(#7275,#7276,#7277),.UNSPECIFIED.,.F.,
 .F.,(3,3),(0.,1.),.PIECEWISE_BEZIER_KNOTS.);
#199=B_SPLINE_CURVE_WITH_KNOTS('',2,(#7292,#7293,#7294),.UNSPECIFIED.,.F.,
 .F.,(3,3),(0.,1.),.PIECEWISE_BEZIER_KNOTS.);
#200=B_SPLINE_CURVE_WITH_KNOTS('',2,(#7298,#7299,#7300),.UNSPECIFIED.,.F.,
 .F.,(3,3),(0.,1.),.PIECEWISE_BEZIER_KNOTS.);
#201=B_SPLINE_CURVE_WITH_KNOTS('',2,(#7317,#7318,#7319),.UNSPECIFIED.,.F.,
 .F.,(3,3),(0.,1.),.PIECEWISE_BEZIER_KNOTS.);
#202=B_SPLINE_CURVE_WITH_KNOTS('',2,(#7338,#7339,#7340),.UNSPECIFIED.,.F.,
 .F.,(3,3),(0.,1.),.PIECEWISE_BEZIER_KNOTS.);
#203=B_SPLINE_CURVE_WITH_KNOTS('',2,(#7359,#7360,#7361),.UNSPECIFIED.,.F.,
 .F.,(3,3),(0.,1.),.PIECEWISE_BEZIER_KNOTS.);
#204=B_SPLINE_CURVE_WITH_KNOTS('',2,(#7372,#7373,#7374),.UNSPECIFIED.,.F.,
 .F.,(3,3),(0.,1.),.PIECEWISE_BEZIER_KNOTS.);
#205=B_SPLINE_CURVE_WITH_KNOTS('',2,(#7389,#7390,#7391),.UNSPECIFIED.,.F.,
 .F.,(3,3),(0.,1.),.PIECEWISE_BEZIER_KNOTS.);
#206=B_SPLINE_CURVE_WITH_KNOTS('',2,(#7402,#7403,#7404),.UNSPECIFIED.,.F.,
 .F.,(3,3),(0.,1.),.PIECEWISE_BEZIER_KNOTS.);
#207=B_SPLINE_CURVE_WITH_KNOTS('',2,(#7423,#7424,#7425),.UNSPECIFIED.,.F.,
 .F.,(3,3),(0.,1.),.PIECEWISE_BEZIER_KNOTS.);
#208=B_SPLINE_CURVE_WITH_KNOTS('',2,(#7444,#7445,#7446),.UNSPECIFIED.,.F.,
 .F.,(3,3),(0.,1.),.PIECEWISE_BEZIER_KNOTS.);
#209=B_SPLINE_CURVE_WITH_KNOTS('',2,(#7461,#7462,#7463),.UNSPECIFIED.,.F.,
 .F.,(3,3),(0.,1.),.PIECEWISE_BEZIER_KNOTS.);
#210=B_SPLINE_CURVE_WITH_KNOTS('',2,(#7476,#7477,#7478),.UNSPECIFIED.,.F.,
 .F.,(3,3),(0.,1.),.PIECEWISE_BEZIER_KNOTS.);
#211=B_SPLINE_CURVE_WITH_KNOTS('',2,(#7487,#7488,#7489),.UNSPECIFIED.,.F.,
 .F.,(3,3),(0.,1.),.PIECEWISE_BEZIER_KNOTS.);
#212=B_SPLINE_CURVE_WITH_KNOTS('',2,(#7490,#7491,#7492),.UNSPECIFIED.,.F.,
 .F.,(3,3),(0.,1.),.PIECEWISE_BEZIER_KNOTS.);
#213=B_SPLINE_CURVE_WITH_KNOTS('',2,(#7510,#7511,#7512),.UNSPECIFIED.,.F.,
 .F.,(3,3),(0.,1.),.PIECEWISE_BEZIER_KNOTS.);
#214=B_SPLINE_CURVE_WITH_KNOTS('',2,(#7523,#7524,#7525),.UNSPECIFIED.,.F.,
 .F.,(3,3),(0.,1.),.PIECEWISE_BEZIER_KNOTS.);
#215=B_SPLINE_CURVE_WITH_KNOTS('',2,(#7536,#7537,#7538),.UNSPECIFIED.,.F.,
 .F.,(3,3),(0.,1.),.PIECEWISE_BEZIER_KNOTS.);
#216=B_SPLINE_CURVE_WITH_KNOTS('',2,(#7553,#7554,#7555),.UNSPECIFIED.,.F.,
 .F.,(3,3),(0.,1.),.PIECEWISE_BEZIER_KNOTS.);
#217=B_SPLINE_CURVE_WITH_KNOTS('',2,(#7570,#7571,#7572),.UNSPECIFIED.,.F.,
 .F.,(3,3),(0.,1.),.PIECEWISE_BEZIER_KNOTS.);
#218=B_SPLINE_CURVE_WITH_KNOTS('',2,(#7587,#7588,#7589),.UNSPECIFIED.,.F.,
 .F.,(3,3),(0.,1.),.PIECEWISE_BEZIER_KNOTS.);
#219=B_SPLINE_CURVE_WITH_KNOTS('',2,(#7600,#7601,#7602),.UNSPECIFIED.,.F.,
 .F.,(3,3),(0.,1.),.PIECEWISE_BEZIER_KNOTS.);
#220=B_SPLINE_CURVE_WITH_KNOTS('',2,(#7617,#7618,#7619),.UNSPECIFIED.,.F.,
 .F.,(3,3),(0.,1.),.PIECEWISE_BEZIER_KNOTS.);
#221=B_SPLINE_CURVE_WITH_KNOTS('',2,(#7634,#7635,#7636),.UNSPECIFIED.,.F.,
 .F.,(3,3),(0.,1.),.PIECEWISE_BEZIER_KNOTS.);
#222=B_SPLINE_CURVE_WITH_KNOTS('',2,(#7647,#7648,#7649),.UNSPECIFIED.,.F.,
 .F.,(3,3),(0.,1.),.PIECEWISE_BEZIER_KNOTS.);
#223=B_SPLINE_CURVE_WITH_KNOTS('',2,(#7660,#7661,#7662),.UNSPECIFIED.,.F.,
 .F.,(3,3),(0.,1.),.PIECEWISE_BEZIER_KNOTS.);
#224=B_SPLINE_CURVE_WITH_KNOTS('',2,(#7673,#7674,#7675),.UNSPECIFIED.,.F.,
 .F.,(3,3),(0.,1.),.PIECEWISE_BEZIER_KNOTS.);
#225=B_SPLINE_CURVE_WITH_KNOTS('',2,(#7690,#7691,#7692),.UNSPECIFIED.,.F.,
 .F.,(3,3),(0.,1.),.PIECEWISE_BEZIER_KNOTS.);
#226=B_SPLINE_CURVE_WITH_KNOTS('',2,(#7707,#7708,#7709),.UNSPECIFIED.,.F.,
 .F.,(3,3),(0.,1.),.PIECEWISE_BEZIER_KNOTS.);
#227=B_SPLINE_CURVE_WITH_KNOTS('',2,(#7724,#7725,#7726),.UNSPECIFIED.,.F.,
 .F.,(3,3),(0.,1.),.PIECEWISE_BEZIER_KNOTS.);
#228=B_SPLINE_CURVE_WITH_KNOTS('',2,(#7737,#7738,#7739),.UNSPECIFIED.,.F.,
 .F.,(3,3),(0.,1.),.PIECEWISE_BEZIER_KNOTS.);
#229=B_SPLINE_CURVE_WITH_KNOTS('',2,(#7752,#7753,#7754),.UNSPECIFIED.,.F.,
 .F.,(3,3),(0.,1.),.PIECEWISE_BEZIER_KNOTS.);
#230=CYLINDRICAL_SURFACE('',#4611,0.0030660594);
#231=CYLINDRICAL_SURFACE('',#4612,0.0030660594);
#232=CYLINDRICAL_SURFACE('',#4613,0.0030660594);
#233=CYLINDRICAL_SURFACE('',#4614,0.0030660594);
#234=CYLINDRICAL_SURFACE('',#4625,0.006223);
#235=CYLINDRICAL_SURFACE('',#4643,0.00239151995488679);
#236=CYLINDRICAL_SURFACE('',#4644,0.00239151995488679);
#237=CYLINDRICAL_SURFACE('',#4645,0.00239151995488679);
#238=CYLINDRICAL_SURFACE('',#4646,0.00239151995488679);
#239=CYLINDRICAL_SURFACE('',#4647,0.00635);
#240=CYLINDRICAL_SURFACE('',#4648,0.00635);
#241=CYLINDRICAL_SURFACE('',#4649,0.00635);
#242=CYLINDRICAL_SURFACE('',#4650,0.00635);
#243=CYLINDRICAL_SURFACE('',#4689,0.004953);
#244=CYLINDRICAL_SURFACE('',#4690,0.004953);
#245=CYLINDRICAL_SURFACE('',#4691,0.004953);
#246=CYLINDRICAL_SURFACE('',#4692,0.004953);
#247=CYLINDRICAL_SURFACE('',#4712,0.000279164679974392);
#248=CYLINDRICAL_SURFACE('',#4727,0.00250024043248046);
#249=CYLINDRICAL_SURFACE('',#4743,0.00250652929680906);
#250=CYLINDRICAL_SURFACE('',#4748,0.00250652929680901);
#251=CIRCLE('',#4567,0.0030660594);
#252=CIRCLE('',#4568,0.0030660594);
#253=CIRCLE('',#4569,0.0030660594);
#254=CIRCLE('',#4570,0.0030660594);
#255=CIRCLE('',#4571,0.00635);
#256=CIRCLE('',#4572,0.00635);
#257=CIRCLE('',#4573,0.00635);
#258=CIRCLE('',#4574,0.00635);
#259=CIRCLE('',#4575,0.00239151995488679);
#260=CIRCLE('',#4576,0.00239151995488679);
#261=CIRCLE('',#4577,0.00239151995488679);
#262=CIRCLE('',#4578,0.00239151995488679);
#263=CIRCLE('',#4580,0.0030660594);
#264=CIRCLE('',#4581,0.0030660594);
#265=CIRCLE('',#4582,0.0030660594);
#266=CIRCLE('',#4583,0.0030660594);
#267=CIRCLE('',#4584,0.00239151995488679);
#268=CIRCLE('',#4585,0.00239151995488679);
#269=CIRCLE('',#4586,0.00239151995488679);
#270=CIRCLE('',#4587,0.00239151995488679);
#271=CIRCLE('',#4593,0.00635);
#272=CIRCLE('',#4594,0.00635);
#273=CIRCLE('',#4595,0.00635);
#274=CIRCLE('',#4596,0.00635);
#275=CIRCLE('',#4600,0.006223);
#276=CIRCLE('',#4621,0.006223);
#277=CIRCLE('',#4659,0.00250024043248046);
#278=CIRCLE('',#4660,0.004953);
#279=CIRCLE('',#4661,0.004953);
#280=CIRCLE('',#4662,0.004953);
#281=CIRCLE('',#4663,0.004953);
#282=CIRCLE('',#4664,0.000279164679974392);
#283=CIRCLE('',#4665,0.00250652929680901);
#284=CIRCLE('',#4666,0.00250652929680906);
#285=CIRCLE('',#4685,0.004953);
#286=CIRCLE('',#4686,0.004953);
#287=CIRCLE('',#4687,0.004953);
#288=CIRCLE('',#4688,0.004953);
#289=CIRCLE('',#4713,0.000279164679974392);
#290=CIRCLE('',#4728,0.00250024043248046);
#291=CIRCLE('',#4744,0.00250652929680906);
#292=CIRCLE('',#4749,0.00250652929680901);
#293=ORIENTED_EDGE('',*,*,#1609,.F.);
#294=ORIENTED_EDGE('',*,*,#1610,.T.);
#295=ORIENTED_EDGE('',*,*,#1611,.T.);
#296=ORIENTED_EDGE('',*,*,#1612,.T.);
#297=ORIENTED_EDGE('',*,*,#1613,.T.);
#298=ORIENTED_EDGE('',*,*,#1614,.T.);
#299=ORIENTED_EDGE('',*,*,#1615,.F.);
#300=ORIENTED_EDGE('',*,*,#1616,.T.);
#301=ORIENTED_EDGE('',*,*,#1617,.T.);
#302=ORIENTED_EDGE('',*,*,#1618,.T.);
#303=ORIENTED_EDGE('',*,*,#1619,.F.);
#304=ORIENTED_EDGE('',*,*,#1620,.F.);
#305=ORIENTED_EDGE('',*,*,#1615,.T.);
#306=ORIENTED_EDGE('',*,*,#1621,.T.);
#307=ORIENTED_EDGE('',*,*,#1622,.T.);
#308=ORIENTED_EDGE('',*,*,#1623,.F.);
#309=ORIENTED_EDGE('',*,*,#1624,.T.);
#310=ORIENTED_EDGE('',*,*,#1625,.T.);
#311=ORIENTED_EDGE('',*,*,#1626,.T.);
#312=ORIENTED_EDGE('',*,*,#1627,.F.);
#313=ORIENTED_EDGE('',*,*,#1628,.F.);
#314=ORIENTED_EDGE('',*,*,#1613,.F.);
#315=ORIENTED_EDGE('',*,*,#1629,.T.);
#316=ORIENTED_EDGE('',*,*,#1630,.F.);
#317=ORIENTED_EDGE('',*,*,#1631,.F.);
#318=ORIENTED_EDGE('',*,*,#1632,.F.);
#319=ORIENTED_EDGE('',*,*,#1633,.T.);
#320=ORIENTED_EDGE('',*,*,#1634,.F.);
#321=ORIENTED_EDGE('',*,*,#1635,.F.);
#322=ORIENTED_EDGE('',*,*,#1636,.T.);
#323=ORIENTED_EDGE('',*,*,#1637,.T.);
#324=ORIENTED_EDGE('',*,*,#1638,.T.);
#325=ORIENTED_EDGE('',*,*,#1639,.F.);
#326=ORIENTED_EDGE('',*,*,#1640,.T.);
#327=ORIENTED_EDGE('',*,*,#1641,.F.);
#328=ORIENTED_EDGE('',*,*,#1642,.T.);
#329=ORIENTED_EDGE('',*,*,#1643,.T.);
#330=ORIENTED_EDGE('',*,*,#1644,.T.);
#331=ORIENTED_EDGE('',*,*,#1645,.T.);
#332=ORIENTED_EDGE('',*,*,#1646,.T.);
#333=ORIENTED_EDGE('',*,*,#1647,.T.);
#334=ORIENTED_EDGE('',*,*,#1648,.T.);
#335=ORIENTED_EDGE('',*,*,#1649,.T.);
#336=ORIENTED_EDGE('',*,*,#1650,.T.);
#337=ORIENTED_EDGE('',*,*,#1651,.F.);
#338=ORIENTED_EDGE('',*,*,#1652,.T.);
#339=ORIENTED_EDGE('',*,*,#1653,.T.);
#340=ORIENTED_EDGE('',*,*,#1654,.T.);
#341=ORIENTED_EDGE('',*,*,#1655,.T.);
#342=ORIENTED_EDGE('',*,*,#1656,.T.);
#343=ORIENTED_EDGE('',*,*,#1657,.F.);
#344=ORIENTED_EDGE('',*,*,#1658,.T.);
#345=ORIENTED_EDGE('',*,*,#1659,.T.);
#346=ORIENTED_EDGE('',*,*,#1630,.T.);
#347=ORIENTED_EDGE('',*,*,#1660,.F.);
#348=ORIENTED_EDGE('',*,*,#1661,.F.);
#349=ORIENTED_EDGE('',*,*,#1662,.T.);
#350=ORIENTED_EDGE('',*,*,#1663,.F.);
#351=ORIENTED_EDGE('',*,*,#1664,.T.);
#352=ORIENTED_EDGE('',*,*,#1665,.F.);
#353=ORIENTED_EDGE('',*,*,#1666,.T.);
#354=ORIENTED_EDGE('',*,*,#1667,.F.);
#355=ORIENTED_EDGE('',*,*,#1668,.F.);
#356=ORIENTED_EDGE('',*,*,#1669,.F.);
#357=ORIENTED_EDGE('',*,*,#1670,.F.);
#358=ORIENTED_EDGE('',*,*,#1671,.T.);
#359=ORIENTED_EDGE('',*,*,#1672,.T.);
#360=ORIENTED_EDGE('',*,*,#1673,.T.);
#361=ORIENTED_EDGE('',*,*,#1674,.T.);
#362=ORIENTED_EDGE('',*,*,#1675,.T.);
#363=ORIENTED_EDGE('',*,*,#1676,.F.);
#364=ORIENTED_EDGE('',*,*,#1677,.T.);
#365=ORIENTED_EDGE('',*,*,#1678,.F.);
#366=ORIENTED_EDGE('',*,*,#1679,.F.);
#367=ORIENTED_EDGE('',*,*,#1680,.F.);
#368=ORIENTED_EDGE('',*,*,#1681,.T.);
#369=ORIENTED_EDGE('',*,*,#1682,.T.);
#370=ORIENTED_EDGE('',*,*,#1683,.F.);
#371=ORIENTED_EDGE('',*,*,#1684,.T.);
#372=ORIENTED_EDGE('',*,*,#1685,.T.);
#373=ORIENTED_EDGE('',*,*,#1686,.T.);
#374=ORIENTED_EDGE('',*,*,#1687,.T.);
#375=ORIENTED_EDGE('',*,*,#1680,.T.);
#376=ORIENTED_EDGE('',*,*,#1688,.T.);
#377=ORIENTED_EDGE('',*,*,#1660,.T.);
#378=ORIENTED_EDGE('',*,*,#1629,.F.);
#379=ORIENTED_EDGE('',*,*,#1620,.T.);
#380=ORIENTED_EDGE('',*,*,#1689,.F.);
#381=ORIENTED_EDGE('',*,*,#1690,.T.);
#382=ORIENTED_EDGE('',*,*,#1691,.T.);
#383=ORIENTED_EDGE('',*,*,#1617,.F.);
#384=ORIENTED_EDGE('',*,*,#1692,.T.);
#385=ORIENTED_EDGE('',*,*,#1693,.F.);
#386=ORIENTED_EDGE('',*,*,#1694,.F.);
#387=ORIENTED_EDGE('',*,*,#1695,.F.);
#388=ORIENTED_EDGE('',*,*,#1683,.T.);
#389=ORIENTED_EDGE('',*,*,#1696,.F.);
#390=ORIENTED_EDGE('',*,*,#1697,.T.);
#391=ORIENTED_EDGE('',*,*,#1698,.T.);
#392=ORIENTED_EDGE('',*,*,#1699,.T.);
#393=ORIENTED_EDGE('',*,*,#1700,.F.);
#394=ORIENTED_EDGE('',*,*,#1701,.T.);
#395=ORIENTED_EDGE('',*,*,#1702,.F.);
#396=ORIENTED_EDGE('',*,*,#1703,.T.);
#397=ORIENTED_EDGE('',*,*,#1704,.F.);
#398=ORIENTED_EDGE('',*,*,#1705,.T.);
#399=ORIENTED_EDGE('',*,*,#1706,.F.);
#400=ORIENTED_EDGE('',*,*,#1707,.T.);
#401=ORIENTED_EDGE('',*,*,#1708,.F.);
#402=ORIENTED_EDGE('',*,*,#1709,.T.);
#403=ORIENTED_EDGE('',*,*,#1710,.T.);
#404=ORIENTED_EDGE('',*,*,#1711,.F.);
#405=ORIENTED_EDGE('',*,*,#1712,.F.);
#406=ORIENTED_EDGE('',*,*,#1713,.T.);
#407=ORIENTED_EDGE('',*,*,#1714,.F.);
#408=ORIENTED_EDGE('',*,*,#1715,.T.);
#409=ORIENTED_EDGE('',*,*,#1696,.T.);
#410=ORIENTED_EDGE('',*,*,#1716,.F.);
#411=ORIENTED_EDGE('',*,*,#1717,.F.);
#412=ORIENTED_EDGE('',*,*,#1718,.F.);
#413=ORIENTED_EDGE('',*,*,#1719,.T.);
#414=ORIENTED_EDGE('',*,*,#1625,.F.);
#415=ORIENTED_EDGE('',*,*,#1720,.F.);
#416=ORIENTED_EDGE('',*,*,#1631,.T.);
#417=ORIENTED_EDGE('',*,*,#1659,.F.);
#418=ORIENTED_EDGE('',*,*,#1721,.F.);
#419=ORIENTED_EDGE('',*,*,#1612,.F.);
#420=ORIENTED_EDGE('',*,*,#1722,.T.);
#421=ORIENTED_EDGE('',*,*,#1723,.F.);
#422=ORIENTED_EDGE('',*,*,#1724,.T.);
#423=ORIENTED_EDGE('',*,*,#1725,.F.);
#424=ORIENTED_EDGE('',*,*,#1712,.T.);
#425=ORIENTED_EDGE('',*,*,#1726,.T.);
#426=ORIENTED_EDGE('',*,*,#1727,.T.);
#427=ORIENTED_EDGE('',*,*,#1626,.F.);
#428=ORIENTED_EDGE('',*,*,#1719,.F.);
#429=ORIENTED_EDGE('',*,*,#1728,.T.);
#430=ORIENTED_EDGE('',*,*,#1729,.F.);
#431=ORIENTED_EDGE('',*,*,#1730,.F.);
#432=ORIENTED_EDGE('',*,*,#1731,.T.);
#433=ORIENTED_EDGE('',*,*,#1732,.F.);
#434=ORIENTED_EDGE('',*,*,#1733,.F.);
#435=ORIENTED_EDGE('',*,*,#1734,.T.);
#436=ORIENTED_EDGE('',*,*,#1735,.F.);
#437=ORIENTED_EDGE('',*,*,#1723,.T.);
#438=ORIENTED_EDGE('',*,*,#1736,.F.);
#439=ORIENTED_EDGE('',*,*,#1697,.F.);
#440=ORIENTED_EDGE('',*,*,#1715,.F.);
#441=ORIENTED_EDGE('',*,*,#1737,.T.);
#442=ORIENTED_EDGE('',*,*,#1738,.F.);
#443=ORIENTED_EDGE('',*,*,#1730,.T.);
#444=ORIENTED_EDGE('',*,*,#1739,.T.);
#445=ORIENTED_EDGE('',*,*,#1740,.T.);
#446=ORIENTED_EDGE('',*,*,#1716,.T.);
#447=ORIENTED_EDGE('',*,*,#1699,.F.);
#448=ORIENTED_EDGE('',*,*,#1741,.F.);
#449=ORIENTED_EDGE('',*,*,#1742,.T.);
#450=ORIENTED_EDGE('',*,*,#1743,.F.);
#451=ORIENTED_EDGE('',*,*,#1632,.T.);
#452=ORIENTED_EDGE('',*,*,#1720,.T.);
#453=ORIENTED_EDGE('',*,*,#1624,.F.);
#454=ORIENTED_EDGE('',*,*,#1744,.F.);
#455=ORIENTED_EDGE('',*,*,#1745,.T.);
#456=ORIENTED_EDGE('',*,*,#1685,.F.);
#457=ORIENTED_EDGE('',*,*,#1746,.T.);
#458=ORIENTED_EDGE('',*,*,#1726,.F.);
#459=ORIENTED_EDGE('',*,*,#1722,.F.);
#460=ORIENTED_EDGE('',*,*,#1611,.F.);
#461=ORIENTED_EDGE('',*,*,#1747,.F.);
#462=ORIENTED_EDGE('',*,*,#1692,.F.);
#463=ORIENTED_EDGE('',*,*,#1616,.F.);
#464=ORIENTED_EDGE('',*,*,#1627,.T.);
#465=ORIENTED_EDGE('',*,*,#1727,.F.);
#466=ORIENTED_EDGE('',*,*,#1746,.F.);
#467=ORIENTED_EDGE('',*,*,#1684,.F.);
#468=ORIENTED_EDGE('',*,*,#1695,.T.);
#469=ORIENTED_EDGE('',*,*,#1748,.F.);
#470=ORIENTED_EDGE('',*,*,#1749,.F.);
#471=ORIENTED_EDGE('',*,*,#1750,.T.);
#472=ORIENTED_EDGE('',*,*,#1751,.T.);
#473=ORIENTED_EDGE('',*,*,#1609,.T.);
#474=ORIENTED_EDGE('',*,*,#1721,.T.);
#475=ORIENTED_EDGE('',*,*,#1661,.T.);
#476=ORIENTED_EDGE('',*,*,#1688,.F.);
#477=ORIENTED_EDGE('',*,*,#1679,.T.);
#478=ORIENTED_EDGE('',*,*,#1645,.F.);
#479=ORIENTED_EDGE('',*,*,#1752,.T.);
#480=ORIENTED_EDGE('',*,*,#1700,.T.);
#481=ORIENTED_EDGE('',*,*,#1753,.T.);
#482=ORIENTED_EDGE('',*,*,#1754,.F.);
#483=ORIENTED_EDGE('',*,*,#1755,.T.);
#484=ORIENTED_EDGE('',*,*,#1756,.T.);
#485=ORIENTED_EDGE('',*,*,#1757,.F.);
#486=ORIENTED_EDGE('',*,*,#1641,.T.);
#487=ORIENTED_EDGE('',*,*,#1758,.T.);
#488=ORIENTED_EDGE('',*,*,#1664,.F.);
#489=ORIENTED_EDGE('',*,*,#1759,.T.);
#490=ORIENTED_EDGE('',*,*,#1760,.T.);
#491=ORIENTED_EDGE('',*,*,#1668,.T.);
#492=ORIENTED_EDGE('',*,*,#1761,.T.);
#493=ORIENTED_EDGE('',*,*,#1637,.F.);
#494=ORIENTED_EDGE('',*,*,#1639,.T.);
#495=ORIENTED_EDGE('',*,*,#1762,.T.);
#496=ORIENTED_EDGE('',*,*,#1666,.F.);
#497=ORIENTED_EDGE('',*,*,#1763,.T.);
#498=ORIENTED_EDGE('',*,*,#1764,.T.);
#499=ORIENTED_EDGE('',*,*,#1662,.F.);
#500=ORIENTED_EDGE('',*,*,#1765,.T.);
#501=ORIENTED_EDGE('',*,*,#1635,.T.);
#502=ORIENTED_EDGE('',*,*,#1761,.F.);
#503=ORIENTED_EDGE('',*,*,#1667,.T.);
#504=ORIENTED_EDGE('',*,*,#1762,.F.);
#505=ORIENTED_EDGE('',*,*,#1638,.F.);
#506=ORIENTED_EDGE('',*,*,#1763,.F.);
#507=ORIENTED_EDGE('',*,*,#1665,.T.);
#508=ORIENTED_EDGE('',*,*,#1758,.F.);
#509=ORIENTED_EDGE('',*,*,#1640,.F.);
#510=ORIENTED_EDGE('',*,*,#1765,.F.);
#511=ORIENTED_EDGE('',*,*,#1669,.T.);
#512=ORIENTED_EDGE('',*,*,#1760,.F.);
#513=ORIENTED_EDGE('',*,*,#1636,.F.);
#514=ORIENTED_EDGE('',*,*,#1759,.F.);
#515=ORIENTED_EDGE('',*,*,#1663,.T.);
#516=ORIENTED_EDGE('',*,*,#1764,.F.);
#517=ORIENTED_EDGE('',*,*,#1642,.F.);
#518=ORIENTED_EDGE('',*,*,#1708,.T.);
#519=ORIENTED_EDGE('',*,*,#1766,.T.);
#520=ORIENTED_EDGE('',*,*,#1755,.F.);
#521=ORIENTED_EDGE('',*,*,#1767,.F.);
#522=ORIENTED_EDGE('',*,*,#1767,.T.);
#523=ORIENTED_EDGE('',*,*,#1754,.T.);
#524=ORIENTED_EDGE('',*,*,#1768,.F.);
#525=ORIENTED_EDGE('',*,*,#1709,.F.);
#526=ORIENTED_EDGE('',*,*,#1768,.T.);
#527=ORIENTED_EDGE('',*,*,#1757,.T.);
#528=ORIENTED_EDGE('',*,*,#1769,.F.);
#529=ORIENTED_EDGE('',*,*,#1710,.F.);
#530=ORIENTED_EDGE('',*,*,#1711,.T.);
#531=ORIENTED_EDGE('',*,*,#1769,.T.);
#532=ORIENTED_EDGE('',*,*,#1756,.F.);
#533=ORIENTED_EDGE('',*,*,#1766,.F.);
#534=ORIENTED_EDGE('',*,*,#1702,.T.);
#535=ORIENTED_EDGE('',*,*,#1770,.T.);
#536=ORIENTED_EDGE('',*,*,#1643,.F.);
#537=ORIENTED_EDGE('',*,*,#1771,.T.);
#538=ORIENTED_EDGE('',*,*,#1706,.T.);
#539=ORIENTED_EDGE('',*,*,#1772,.T.);
#540=ORIENTED_EDGE('',*,*,#1773,.F.);
#541=ORIENTED_EDGE('',*,*,#1774,.T.);
#542=ORIENTED_EDGE('',*,*,#1647,.F.);
#543=ORIENTED_EDGE('',*,*,#1775,.T.);
#544=ORIENTED_EDGE('',*,*,#1704,.T.);
#545=ORIENTED_EDGE('',*,*,#1776,.T.);
#546=ORIENTED_EDGE('',*,*,#1649,.F.);
#547=ORIENTED_EDGE('',*,*,#1777,.T.);
#548=ORIENTED_EDGE('',*,*,#1694,.T.);
#549=ORIENTED_EDGE('',*,*,#1778,.T.);
#550=ORIENTED_EDGE('',*,*,#1779,.T.);
#551=ORIENTED_EDGE('',*,*,#1686,.F.);
#552=ORIENTED_EDGE('',*,*,#1780,.F.);
#553=ORIENTED_EDGE('',*,*,#1781,.T.);
#554=ORIENTED_EDGE('',*,*,#1690,.F.);
#555=ORIENTED_EDGE('',*,*,#1748,.T.);
#556=ORIENTED_EDGE('',*,*,#1733,.T.);
#557=ORIENTED_EDGE('',*,*,#1782,.T.);
#558=ORIENTED_EDGE('',*,*,#1783,.T.);
#559=ORIENTED_EDGE('',*,*,#1741,.T.);
#560=ORIENTED_EDGE('',*,*,#1698,.F.);
#561=ORIENTED_EDGE('',*,*,#1736,.T.);
#562=ORIENTED_EDGE('',*,*,#1773,.T.);
#563=ORIENTED_EDGE('',*,*,#1784,.T.);
#564=ORIENTED_EDGE('',*,*,#1734,.F.);
#565=ORIENTED_EDGE('',*,*,#1718,.T.);
#566=ORIENTED_EDGE('',*,*,#1785,.T.);
#567=ORIENTED_EDGE('',*,*,#1786,.F.);
#568=ORIENTED_EDGE('',*,*,#1728,.F.);
#569=ORIENTED_EDGE('',*,*,#1787,.F.);
#570=ORIENTED_EDGE('',*,*,#1739,.F.);
#571=ORIENTED_EDGE('',*,*,#1729,.T.);
#572=ORIENTED_EDGE('',*,*,#1786,.T.);
#573=ORIENTED_EDGE('',*,*,#1788,.F.);
#574=ORIENTED_EDGE('',*,*,#1782,.F.);
#575=ORIENTED_EDGE('',*,*,#1732,.T.);
#576=ORIENTED_EDGE('',*,*,#1789,.T.);
#577=ORIENTED_EDGE('',*,*,#1738,.T.);
#578=ORIENTED_EDGE('',*,*,#1790,.T.);
#579=ORIENTED_EDGE('',*,*,#1789,.F.);
#580=ORIENTED_EDGE('',*,*,#1731,.F.);
#581=ORIENTED_EDGE('',*,*,#1791,.F.);
#582=ORIENTED_EDGE('',*,*,#1713,.F.);
#583=ORIENTED_EDGE('',*,*,#1725,.T.);
#584=ORIENTED_EDGE('',*,*,#1792,.T.);
#585=ORIENTED_EDGE('',*,*,#1735,.T.);
#586=ORIENTED_EDGE('',*,*,#1793,.T.);
#587=ORIENTED_EDGE('',*,*,#1792,.F.);
#588=ORIENTED_EDGE('',*,*,#1724,.F.);
#589=ORIENTED_EDGE('',*,*,#1714,.T.);
#590=ORIENTED_EDGE('',*,*,#1791,.T.);
#591=ORIENTED_EDGE('',*,*,#1793,.F.);
#592=ORIENTED_EDGE('',*,*,#1737,.F.);
#593=ORIENTED_EDGE('',*,*,#1783,.F.);
#594=ORIENTED_EDGE('',*,*,#1788,.T.);
#595=ORIENTED_EDGE('',*,*,#1790,.F.);
#596=ORIENTED_EDGE('',*,*,#1742,.F.);
#597=ORIENTED_EDGE('',*,*,#1785,.F.);
#598=ORIENTED_EDGE('',*,*,#1717,.T.);
#599=ORIENTED_EDGE('',*,*,#1740,.F.);
#600=ORIENTED_EDGE('',*,*,#1787,.T.);
#601=ORIENTED_EDGE('',*,*,#1693,.T.);
#602=ORIENTED_EDGE('',*,*,#1682,.F.);
#603=ORIENTED_EDGE('',*,*,#1794,.F.);
#604=ORIENTED_EDGE('',*,*,#1778,.F.);
#605=ORIENTED_EDGE('',*,*,#1779,.F.);
#606=ORIENTED_EDGE('',*,*,#1794,.T.);
#607=ORIENTED_EDGE('',*,*,#1681,.F.);
#608=ORIENTED_EDGE('',*,*,#1687,.F.);
#609=ORIENTED_EDGE('',*,*,#1781,.F.);
#610=ORIENTED_EDGE('',*,*,#1795,.T.);
#611=ORIENTED_EDGE('',*,*,#1618,.F.);
#612=ORIENTED_EDGE('',*,*,#1691,.F.);
#613=ORIENTED_EDGE('',*,*,#1689,.T.);
#614=ORIENTED_EDGE('',*,*,#1619,.T.);
#615=ORIENTED_EDGE('',*,*,#1795,.F.);
#616=ORIENTED_EDGE('',*,*,#1780,.T.);
#617=ORIENTED_EDGE('',*,*,#1670,.T.);
#618=ORIENTED_EDGE('',*,*,#1796,.T.);
#619=ORIENTED_EDGE('',*,*,#1653,.F.);
#620=ORIENTED_EDGE('',*,*,#1797,.T.);
#621=ORIENTED_EDGE('',*,*,#1651,.T.);
#622=ORIENTED_EDGE('',*,*,#1798,.T.);
#623=ORIENTED_EDGE('',*,*,#1672,.F.);
#624=ORIENTED_EDGE('',*,*,#1799,.T.);
#625=ORIENTED_EDGE('',*,*,#1674,.F.);
#626=ORIENTED_EDGE('',*,*,#1800,.T.);
#627=ORIENTED_EDGE('',*,*,#1657,.T.);
#628=ORIENTED_EDGE('',*,*,#1801,.T.);
#629=ORIENTED_EDGE('',*,*,#1676,.T.);
#630=ORIENTED_EDGE('',*,*,#1802,.T.);
#631=ORIENTED_EDGE('',*,*,#1655,.F.);
#632=ORIENTED_EDGE('',*,*,#1803,.T.);
#633=ORIENTED_EDGE('',*,*,#1673,.F.);
#634=ORIENTED_EDGE('',*,*,#1798,.F.);
#635=ORIENTED_EDGE('',*,*,#1658,.F.);
#636=ORIENTED_EDGE('',*,*,#1800,.F.);
#637=ORIENTED_EDGE('',*,*,#1675,.F.);
#638=ORIENTED_EDGE('',*,*,#1801,.F.);
#639=ORIENTED_EDGE('',*,*,#1656,.F.);
#640=ORIENTED_EDGE('',*,*,#1802,.F.);
#641=ORIENTED_EDGE('',*,*,#1677,.F.);
#642=ORIENTED_EDGE('',*,*,#1803,.F.);
#643=ORIENTED_EDGE('',*,*,#1654,.F.);
#644=ORIENTED_EDGE('',*,*,#1796,.F.);
#645=ORIENTED_EDGE('',*,*,#1671,.F.);
#646=ORIENTED_EDGE('',*,*,#1797,.F.);
#647=ORIENTED_EDGE('',*,*,#1652,.F.);
#648=ORIENTED_EDGE('',*,*,#1799,.F.);
#649=ORIENTED_EDGE('',*,*,#1701,.F.);
#650=ORIENTED_EDGE('',*,*,#1752,.F.);
#651=ORIENTED_EDGE('',*,*,#1644,.F.);
#652=ORIENTED_EDGE('',*,*,#1770,.F.);
#653=ORIENTED_EDGE('',*,*,#1703,.F.);
#654=ORIENTED_EDGE('',*,*,#1771,.F.);
#655=ORIENTED_EDGE('',*,*,#1650,.F.);
#656=ORIENTED_EDGE('',*,*,#1776,.F.);
#657=ORIENTED_EDGE('',*,*,#1705,.F.);
#658=ORIENTED_EDGE('',*,*,#1777,.F.);
#659=ORIENTED_EDGE('',*,*,#1648,.F.);
#660=ORIENTED_EDGE('',*,*,#1774,.F.);
#661=ORIENTED_EDGE('',*,*,#1784,.F.);
#662=ORIENTED_EDGE('',*,*,#1772,.F.);
#663=ORIENTED_EDGE('',*,*,#1707,.F.);
#664=ORIENTED_EDGE('',*,*,#1775,.F.);
#665=ORIENTED_EDGE('',*,*,#1646,.F.);
#666=ORIENTED_EDGE('',*,*,#1753,.F.);
#667=ORIENTED_EDGE('',*,*,#1804,.F.);
#668=ORIENTED_EDGE('',*,*,#1749,.T.);
#669=ORIENTED_EDGE('',*,*,#1678,.T.);
#670=ORIENTED_EDGE('',*,*,#1745,.F.);
#671=ORIENTED_EDGE('',*,*,#1747,.T.);
#672=ORIENTED_EDGE('',*,*,#1610,.F.);
#673=ORIENTED_EDGE('',*,*,#1751,.F.);
#674=ORIENTED_EDGE('',*,*,#1805,.T.);
#675=ORIENTED_EDGE('',*,*,#1744,.T.);
#676=ORIENTED_EDGE('',*,*,#1805,.F.);
#677=ORIENTED_EDGE('',*,*,#1750,.F.);
#678=ORIENTED_EDGE('',*,*,#1804,.T.);
#679=ORIENTED_EDGE('',*,*,#1614,.F.);
#680=ORIENTED_EDGE('',*,*,#1628,.T.);
#681=ORIENTED_EDGE('',*,*,#1806,.T.);
#682=ORIENTED_EDGE('',*,*,#1621,.F.);
#683=ORIENTED_EDGE('',*,*,#1623,.T.);
#684=ORIENTED_EDGE('',*,*,#1807,.F.);
#685=ORIENTED_EDGE('',*,*,#1633,.F.);
#686=ORIENTED_EDGE('',*,*,#1743,.T.);
#687=ORIENTED_EDGE('',*,*,#1806,.F.);
#688=ORIENTED_EDGE('',*,*,#1634,.T.);
#689=ORIENTED_EDGE('',*,*,#1807,.T.);
#690=ORIENTED_EDGE('',*,*,#1622,.F.);
#691=ORIENTED_EDGE('',*,*,#1808,.T.);
#692=ORIENTED_EDGE('',*,*,#1809,.T.);
#693=ORIENTED_EDGE('',*,*,#1810,.T.);
#694=ORIENTED_EDGE('',*,*,#1811,.T.);
#695=ORIENTED_EDGE('',*,*,#1812,.T.);
#696=ORIENTED_EDGE('',*,*,#1813,.T.);
#697=ORIENTED_EDGE('',*,*,#1814,.T.);
#698=ORIENTED_EDGE('',*,*,#1815,.T.);
#699=ORIENTED_EDGE('',*,*,#1816,.T.);
#700=ORIENTED_EDGE('',*,*,#1817,.T.);
#701=ORIENTED_EDGE('',*,*,#1818,.T.);
#702=ORIENTED_EDGE('',*,*,#1819,.T.);
#703=ORIENTED_EDGE('',*,*,#1820,.T.);
#704=ORIENTED_EDGE('',*,*,#1821,.T.);
#705=ORIENTED_EDGE('',*,*,#1822,.T.);
#706=ORIENTED_EDGE('',*,*,#1823,.T.);
#707=ORIENTED_EDGE('',*,*,#1824,.T.);
#708=ORIENTED_EDGE('',*,*,#1825,.T.);
#709=ORIENTED_EDGE('',*,*,#1826,.F.);
#710=ORIENTED_EDGE('',*,*,#1827,.F.);
#711=ORIENTED_EDGE('',*,*,#1828,.F.);
#712=ORIENTED_EDGE('',*,*,#1829,.T.);
#713=ORIENTED_EDGE('',*,*,#1830,.F.);
#714=ORIENTED_EDGE('',*,*,#1831,.T.);
#715=ORIENTED_EDGE('',*,*,#1832,.F.);
#716=ORIENTED_EDGE('',*,*,#1833,.T.);
#717=ORIENTED_EDGE('',*,*,#1834,.T.);
#718=ORIENTED_EDGE('',*,*,#1835,.T.);
#719=ORIENTED_EDGE('',*,*,#1836,.T.);
#720=ORIENTED_EDGE('',*,*,#1837,.T.);
#721=ORIENTED_EDGE('',*,*,#1838,.T.);
#722=ORIENTED_EDGE('',*,*,#1839,.T.);
#723=ORIENTED_EDGE('',*,*,#1840,.T.);
#724=ORIENTED_EDGE('',*,*,#1841,.T.);
#725=ORIENTED_EDGE('',*,*,#1842,.T.);
#726=ORIENTED_EDGE('',*,*,#1843,.T.);
#727=ORIENTED_EDGE('',*,*,#1844,.T.);
#728=ORIENTED_EDGE('',*,*,#1845,.T.);
#729=ORIENTED_EDGE('',*,*,#1846,.T.);
#730=ORIENTED_EDGE('',*,*,#1847,.T.);
#731=ORIENTED_EDGE('',*,*,#1848,.T.);
#732=ORIENTED_EDGE('',*,*,#1849,.T.);
#733=ORIENTED_EDGE('',*,*,#1850,.T.);
#734=ORIENTED_EDGE('',*,*,#1851,.T.);
#735=ORIENTED_EDGE('',*,*,#1852,.T.);
#736=ORIENTED_EDGE('',*,*,#1853,.T.);
#737=ORIENTED_EDGE('',*,*,#1854,.T.);
#738=ORIENTED_EDGE('',*,*,#1855,.T.);
#739=ORIENTED_EDGE('',*,*,#1856,.T.);
#740=ORIENTED_EDGE('',*,*,#1857,.T.);
#741=ORIENTED_EDGE('',*,*,#1858,.T.);
#742=ORIENTED_EDGE('',*,*,#1859,.T.);
#743=ORIENTED_EDGE('',*,*,#1860,.T.);
#744=ORIENTED_EDGE('',*,*,#1861,.T.);
#745=ORIENTED_EDGE('',*,*,#1862,.T.);
#746=ORIENTED_EDGE('',*,*,#1863,.T.);
#747=ORIENTED_EDGE('',*,*,#1864,.T.);
#748=ORIENTED_EDGE('',*,*,#1865,.T.);
#749=ORIENTED_EDGE('',*,*,#1866,.T.);
#750=ORIENTED_EDGE('',*,*,#1867,.T.);
#751=ORIENTED_EDGE('',*,*,#1868,.T.);
#752=ORIENTED_EDGE('',*,*,#1869,.T.);
#753=ORIENTED_EDGE('',*,*,#1870,.T.);
#754=ORIENTED_EDGE('',*,*,#1871,.T.);
#755=ORIENTED_EDGE('',*,*,#1872,.T.);
#756=ORIENTED_EDGE('',*,*,#1873,.T.);
#757=ORIENTED_EDGE('',*,*,#1874,.T.);
#758=ORIENTED_EDGE('',*,*,#1875,.T.);
#759=ORIENTED_EDGE('',*,*,#1876,.T.);
#760=ORIENTED_EDGE('',*,*,#1877,.T.);
#761=ORIENTED_EDGE('',*,*,#1878,.T.);
#762=ORIENTED_EDGE('',*,*,#1879,.T.);
#763=ORIENTED_EDGE('',*,*,#1880,.T.);
#764=ORIENTED_EDGE('',*,*,#1881,.T.);
#765=ORIENTED_EDGE('',*,*,#1882,.T.);
#766=ORIENTED_EDGE('',*,*,#1883,.T.);
#767=ORIENTED_EDGE('',*,*,#1884,.T.);
#768=ORIENTED_EDGE('',*,*,#1885,.T.);
#769=ORIENTED_EDGE('',*,*,#1886,.T.);
#770=ORIENTED_EDGE('',*,*,#1887,.T.);
#771=ORIENTED_EDGE('',*,*,#1888,.T.);
#772=ORIENTED_EDGE('',*,*,#1889,.T.);
#773=ORIENTED_EDGE('',*,*,#1890,.T.);
#774=ORIENTED_EDGE('',*,*,#1891,.T.);
#775=ORIENTED_EDGE('',*,*,#1892,.T.);
#776=ORIENTED_EDGE('',*,*,#1893,.T.);
#777=ORIENTED_EDGE('',*,*,#1894,.T.);
#778=ORIENTED_EDGE('',*,*,#1895,.T.);
#779=ORIENTED_EDGE('',*,*,#1896,.T.);
#780=ORIENTED_EDGE('',*,*,#1897,.T.);
#781=ORIENTED_EDGE('',*,*,#1898,.T.);
#782=ORIENTED_EDGE('',*,*,#1899,.T.);
#783=ORIENTED_EDGE('',*,*,#1900,.T.);
#784=ORIENTED_EDGE('',*,*,#1901,.T.);
#785=ORIENTED_EDGE('',*,*,#1902,.T.);
#786=ORIENTED_EDGE('',*,*,#1903,.T.);
#787=ORIENTED_EDGE('',*,*,#1904,.T.);
#788=ORIENTED_EDGE('',*,*,#1905,.T.);
#789=ORIENTED_EDGE('',*,*,#1906,.T.);
#790=ORIENTED_EDGE('',*,*,#1907,.T.);
#791=ORIENTED_EDGE('',*,*,#1908,.T.);
#792=ORIENTED_EDGE('',*,*,#1909,.T.);
#793=ORIENTED_EDGE('',*,*,#1910,.T.);
#794=ORIENTED_EDGE('',*,*,#1911,.T.);
#795=ORIENTED_EDGE('',*,*,#1912,.T.);
#796=ORIENTED_EDGE('',*,*,#1913,.T.);
#797=ORIENTED_EDGE('',*,*,#1914,.T.);
#798=ORIENTED_EDGE('',*,*,#1915,.T.);
#799=ORIENTED_EDGE('',*,*,#1916,.T.);
#800=ORIENTED_EDGE('',*,*,#1917,.T.);
#801=ORIENTED_EDGE('',*,*,#1918,.T.);
#802=ORIENTED_EDGE('',*,*,#1919,.T.);
#803=ORIENTED_EDGE('',*,*,#1920,.T.);
#804=ORIENTED_EDGE('',*,*,#1921,.T.);
#805=ORIENTED_EDGE('',*,*,#1922,.T.);
#806=ORIENTED_EDGE('',*,*,#1923,.T.);
#807=ORIENTED_EDGE('',*,*,#1924,.T.);
#808=ORIENTED_EDGE('',*,*,#1925,.T.);
#809=ORIENTED_EDGE('',*,*,#1926,.T.);
#810=ORIENTED_EDGE('',*,*,#1927,.T.);
#811=ORIENTED_EDGE('',*,*,#1928,.T.);
#812=ORIENTED_EDGE('',*,*,#1929,.T.);
#813=ORIENTED_EDGE('',*,*,#1930,.T.);
#814=ORIENTED_EDGE('',*,*,#1931,.T.);
#815=ORIENTED_EDGE('',*,*,#1932,.T.);
#816=ORIENTED_EDGE('',*,*,#1933,.F.);
#817=ORIENTED_EDGE('',*,*,#1934,.T.);
#818=ORIENTED_EDGE('',*,*,#1935,.T.);
#819=ORIENTED_EDGE('',*,*,#1936,.F.);
#820=ORIENTED_EDGE('',*,*,#1937,.F.);
#821=ORIENTED_EDGE('',*,*,#1936,.T.);
#822=ORIENTED_EDGE('',*,*,#1938,.T.);
#823=ORIENTED_EDGE('',*,*,#1939,.F.);
#824=ORIENTED_EDGE('',*,*,#1940,.F.);
#825=ORIENTED_EDGE('',*,*,#1941,.T.);
#826=ORIENTED_EDGE('',*,*,#1939,.T.);
#827=ORIENTED_EDGE('',*,*,#1942,.F.);
#828=ORIENTED_EDGE('',*,*,#1934,.F.);
#829=ORIENTED_EDGE('',*,*,#1943,.T.);
#830=ORIENTED_EDGE('',*,*,#1940,.T.);
#831=ORIENTED_EDGE('',*,*,#1944,.F.);
#832=ORIENTED_EDGE('',*,*,#1945,.F.);
#833=ORIENTED_EDGE('',*,*,#1946,.F.);
#834=ORIENTED_EDGE('',*,*,#1947,.T.);
#835=ORIENTED_EDGE('',*,*,#1948,.F.);
#836=ORIENTED_EDGE('',*,*,#1949,.T.);
#837=ORIENTED_EDGE('',*,*,#1950,.T.);
#838=ORIENTED_EDGE('',*,*,#1951,.F.);
#839=ORIENTED_EDGE('',*,*,#1952,.F.);
#840=ORIENTED_EDGE('',*,*,#1953,.F.);
#841=ORIENTED_EDGE('',*,*,#1944,.T.);
#842=ORIENTED_EDGE('',*,*,#1942,.T.);
#843=ORIENTED_EDGE('',*,*,#1938,.F.);
#844=ORIENTED_EDGE('',*,*,#1935,.F.);
#845=ORIENTED_EDGE('',*,*,#1948,.T.);
#846=ORIENTED_EDGE('',*,*,#1954,.T.);
#847=ORIENTED_EDGE('',*,*,#1955,.F.);
#848=ORIENTED_EDGE('',*,*,#1949,.F.);
#849=ORIENTED_EDGE('',*,*,#1956,.F.);
#850=ORIENTED_EDGE('',*,*,#1827,.T.);
#851=ORIENTED_EDGE('',*,*,#1957,.T.);
#852=ORIENTED_EDGE('',*,*,#1958,.F.);
#853=ORIENTED_EDGE('',*,*,#1824,.F.);
#854=ORIENTED_EDGE('',*,*,#1956,.T.);
#855=ORIENTED_EDGE('',*,*,#1952,.T.);
#856=ORIENTED_EDGE('',*,*,#1951,.T.);
#857=ORIENTED_EDGE('',*,*,#1959,.F.);
#858=ORIENTED_EDGE('',*,*,#1825,.F.);
#859=ORIENTED_EDGE('',*,*,#1958,.T.);
#860=ORIENTED_EDGE('',*,*,#1950,.F.);
#861=ORIENTED_EDGE('',*,*,#1957,.F.);
#862=ORIENTED_EDGE('',*,*,#1826,.T.);
#863=ORIENTED_EDGE('',*,*,#1959,.T.);
#864=ORIENTED_EDGE('',*,*,#1953,.T.);
#865=ORIENTED_EDGE('',*,*,#1960,.F.);
#866=ORIENTED_EDGE('',*,*,#1961,.F.);
#867=ORIENTED_EDGE('',*,*,#1945,.T.);
#868=ORIENTED_EDGE('',*,*,#1955,.T.);
#869=ORIENTED_EDGE('',*,*,#1962,.F.);
#870=ORIENTED_EDGE('',*,*,#1963,.F.);
#871=ORIENTED_EDGE('',*,*,#1960,.T.);
#872=ORIENTED_EDGE('',*,*,#1954,.F.);
#873=ORIENTED_EDGE('',*,*,#1947,.F.);
#874=ORIENTED_EDGE('',*,*,#1964,.T.);
#875=ORIENTED_EDGE('',*,*,#1962,.T.);
#876=ORIENTED_EDGE('',*,*,#1946,.T.);
#877=ORIENTED_EDGE('',*,*,#1961,.T.);
#878=ORIENTED_EDGE('',*,*,#1963,.T.);
#879=ORIENTED_EDGE('',*,*,#1964,.F.);
#880=ORIENTED_EDGE('',*,*,#1828,.T.);
#881=ORIENTED_EDGE('',*,*,#1965,.T.);
#882=ORIENTED_EDGE('',*,*,#1966,.F.);
#883=ORIENTED_EDGE('',*,*,#1967,.T.);
#884=ORIENTED_EDGE('',*,*,#1830,.T.);
#885=ORIENTED_EDGE('',*,*,#1968,.T.);
#886=ORIENTED_EDGE('',*,*,#1969,.F.);
#887=ORIENTED_EDGE('',*,*,#1970,.T.);
#888=ORIENTED_EDGE('',*,*,#1971,.F.);
#889=ORIENTED_EDGE('',*,*,#1972,.T.);
#890=ORIENTED_EDGE('',*,*,#1832,.T.);
#891=ORIENTED_EDGE('',*,*,#1973,.T.);
#892=ORIENTED_EDGE('',*,*,#1834,.F.);
#893=ORIENTED_EDGE('',*,*,#1974,.T.);
#894=ORIENTED_EDGE('',*,*,#1975,.T.);
#895=ORIENTED_EDGE('',*,*,#1976,.T.);
#896=ORIENTED_EDGE('',*,*,#1943,.F.);
#897=ORIENTED_EDGE('',*,*,#1933,.T.);
#898=ORIENTED_EDGE('',*,*,#1937,.T.);
#899=ORIENTED_EDGE('',*,*,#1941,.F.);
#900=ORIENTED_EDGE('',*,*,#1969,.T.);
#901=ORIENTED_EDGE('',*,*,#1977,.T.);
#902=ORIENTED_EDGE('',*,*,#1966,.T.);
#903=ORIENTED_EDGE('',*,*,#1978,.T.);
#904=ORIENTED_EDGE('',*,*,#1975,.F.);
#905=ORIENTED_EDGE('',*,*,#1979,.T.);
#906=ORIENTED_EDGE('',*,*,#1971,.T.);
#907=ORIENTED_EDGE('',*,*,#1980,.T.);
#908=ORIENTED_EDGE('',*,*,#1979,.F.);
#909=ORIENTED_EDGE('',*,*,#1974,.F.);
#910=ORIENTED_EDGE('',*,*,#1833,.F.);
#911=ORIENTED_EDGE('',*,*,#1972,.F.);
#912=ORIENTED_EDGE('',*,*,#1978,.F.);
#913=ORIENTED_EDGE('',*,*,#1965,.F.);
#914=ORIENTED_EDGE('',*,*,#1835,.F.);
#915=ORIENTED_EDGE('',*,*,#1976,.F.);
#916=ORIENTED_EDGE('',*,*,#1977,.F.);
#917=ORIENTED_EDGE('',*,*,#1968,.F.);
#918=ORIENTED_EDGE('',*,*,#1829,.F.);
#919=ORIENTED_EDGE('',*,*,#1967,.F.);
#920=ORIENTED_EDGE('',*,*,#1980,.F.);
#921=ORIENTED_EDGE('',*,*,#1973,.F.);
#922=ORIENTED_EDGE('',*,*,#1831,.F.);
#923=ORIENTED_EDGE('',*,*,#1970,.F.);
#924=ORIENTED_EDGE('',*,*,#1837,.F.);
#925=ORIENTED_EDGE('',*,*,#1981,.F.);
#926=ORIENTED_EDGE('',*,*,#1982,.T.);
#927=ORIENTED_EDGE('',*,*,#1983,.T.);
#928=ORIENTED_EDGE('',*,*,#1836,.F.);
#929=ORIENTED_EDGE('',*,*,#1984,.F.);
#930=ORIENTED_EDGE('',*,*,#1985,.T.);
#931=ORIENTED_EDGE('',*,*,#1981,.T.);
#932=ORIENTED_EDGE('',*,*,#1857,.F.);
#933=ORIENTED_EDGE('',*,*,#1986,.F.);
#934=ORIENTED_EDGE('',*,*,#1987,.T.);
#935=ORIENTED_EDGE('',*,*,#1984,.T.);
#936=ORIENTED_EDGE('',*,*,#1856,.F.);
#937=ORIENTED_EDGE('',*,*,#1988,.F.);
#938=ORIENTED_EDGE('',*,*,#1989,.T.);
#939=ORIENTED_EDGE('',*,*,#1986,.T.);
#940=ORIENTED_EDGE('',*,*,#1855,.F.);
#941=ORIENTED_EDGE('',*,*,#1990,.F.);
#942=ORIENTED_EDGE('',*,*,#1991,.T.);
#943=ORIENTED_EDGE('',*,*,#1988,.T.);
#944=ORIENTED_EDGE('',*,*,#1854,.F.);
#945=ORIENTED_EDGE('',*,*,#1992,.F.);
#946=ORIENTED_EDGE('',*,*,#1993,.T.);
#947=ORIENTED_EDGE('',*,*,#1990,.T.);
#948=ORIENTED_EDGE('',*,*,#1853,.F.);
#949=ORIENTED_EDGE('',*,*,#1994,.F.);
#950=ORIENTED_EDGE('',*,*,#1995,.T.);
#951=ORIENTED_EDGE('',*,*,#1992,.T.);
#952=ORIENTED_EDGE('',*,*,#1852,.F.);
#953=ORIENTED_EDGE('',*,*,#1996,.F.);
#954=ORIENTED_EDGE('',*,*,#1997,.T.);
#955=ORIENTED_EDGE('',*,*,#1994,.T.);
#956=ORIENTED_EDGE('',*,*,#1851,.F.);
#957=ORIENTED_EDGE('',*,*,#1998,.F.);
#958=ORIENTED_EDGE('',*,*,#1999,.T.);
#959=ORIENTED_EDGE('',*,*,#1996,.T.);
#960=ORIENTED_EDGE('',*,*,#1850,.F.);
#961=ORIENTED_EDGE('',*,*,#2000,.F.);
#962=ORIENTED_EDGE('',*,*,#2001,.T.);
#963=ORIENTED_EDGE('',*,*,#1998,.T.);
#964=ORIENTED_EDGE('',*,*,#1849,.F.);
#965=ORIENTED_EDGE('',*,*,#2002,.F.);
#966=ORIENTED_EDGE('',*,*,#2003,.T.);
#967=ORIENTED_EDGE('',*,*,#2000,.T.);
#968=ORIENTED_EDGE('',*,*,#1848,.F.);
#969=ORIENTED_EDGE('',*,*,#2004,.F.);
#970=ORIENTED_EDGE('',*,*,#2005,.T.);
#971=ORIENTED_EDGE('',*,*,#2002,.T.);
#972=ORIENTED_EDGE('',*,*,#1847,.F.);
#973=ORIENTED_EDGE('',*,*,#2006,.F.);
#974=ORIENTED_EDGE('',*,*,#2007,.T.);
#975=ORIENTED_EDGE('',*,*,#2004,.T.);
#976=ORIENTED_EDGE('',*,*,#1846,.F.);
#977=ORIENTED_EDGE('',*,*,#2008,.F.);
#978=ORIENTED_EDGE('',*,*,#2009,.T.);
#979=ORIENTED_EDGE('',*,*,#2006,.T.);
#980=ORIENTED_EDGE('',*,*,#1845,.F.);
#981=ORIENTED_EDGE('',*,*,#2010,.F.);
#982=ORIENTED_EDGE('',*,*,#2011,.T.);
#983=ORIENTED_EDGE('',*,*,#2008,.T.);
#984=ORIENTED_EDGE('',*,*,#1844,.F.);
#985=ORIENTED_EDGE('',*,*,#2012,.F.);
#986=ORIENTED_EDGE('',*,*,#2013,.T.);
#987=ORIENTED_EDGE('',*,*,#2010,.T.);
#988=ORIENTED_EDGE('',*,*,#1843,.F.);
#989=ORIENTED_EDGE('',*,*,#2014,.F.);
#990=ORIENTED_EDGE('',*,*,#2015,.T.);
#991=ORIENTED_EDGE('',*,*,#2012,.T.);
#992=ORIENTED_EDGE('',*,*,#1842,.F.);
#993=ORIENTED_EDGE('',*,*,#2016,.F.);
#994=ORIENTED_EDGE('',*,*,#2017,.T.);
#995=ORIENTED_EDGE('',*,*,#2014,.T.);
#996=ORIENTED_EDGE('',*,*,#1841,.F.);
#997=ORIENTED_EDGE('',*,*,#2018,.F.);
#998=ORIENTED_EDGE('',*,*,#2019,.T.);
#999=ORIENTED_EDGE('',*,*,#2016,.T.);
#1000=ORIENTED_EDGE('',*,*,#1840,.F.);
#1001=ORIENTED_EDGE('',*,*,#2020,.F.);
#1002=ORIENTED_EDGE('',*,*,#2021,.T.);
#1003=ORIENTED_EDGE('',*,*,#2018,.T.);
#1004=ORIENTED_EDGE('',*,*,#1839,.F.);
#1005=ORIENTED_EDGE('',*,*,#2022,.F.);
#1006=ORIENTED_EDGE('',*,*,#2023,.T.);
#1007=ORIENTED_EDGE('',*,*,#2020,.T.);
#1008=ORIENTED_EDGE('',*,*,#1838,.F.);
#1009=ORIENTED_EDGE('',*,*,#1983,.F.);
#1010=ORIENTED_EDGE('',*,*,#2024,.T.);
#1011=ORIENTED_EDGE('',*,*,#2022,.T.);
#1012=ORIENTED_EDGE('',*,*,#1982,.F.);
#1013=ORIENTED_EDGE('',*,*,#1985,.F.);
#1014=ORIENTED_EDGE('',*,*,#1987,.F.);
#1015=ORIENTED_EDGE('',*,*,#1989,.F.);
#1016=ORIENTED_EDGE('',*,*,#1991,.F.);
#1017=ORIENTED_EDGE('',*,*,#1993,.F.);
#1018=ORIENTED_EDGE('',*,*,#1995,.F.);
#1019=ORIENTED_EDGE('',*,*,#1997,.F.);
#1020=ORIENTED_EDGE('',*,*,#1999,.F.);
#1021=ORIENTED_EDGE('',*,*,#2001,.F.);
#1022=ORIENTED_EDGE('',*,*,#2003,.F.);
#1023=ORIENTED_EDGE('',*,*,#2005,.F.);
#1024=ORIENTED_EDGE('',*,*,#2007,.F.);
#1025=ORIENTED_EDGE('',*,*,#2009,.F.);
#1026=ORIENTED_EDGE('',*,*,#2011,.F.);
#1027=ORIENTED_EDGE('',*,*,#2013,.F.);
#1028=ORIENTED_EDGE('',*,*,#2015,.F.);
#1029=ORIENTED_EDGE('',*,*,#2017,.F.);
#1030=ORIENTED_EDGE('',*,*,#2019,.F.);
#1031=ORIENTED_EDGE('',*,*,#2021,.F.);
#1032=ORIENTED_EDGE('',*,*,#2023,.F.);
#1033=ORIENTED_EDGE('',*,*,#2024,.F.);
#1034=ORIENTED_EDGE('',*,*,#1859,.F.);
#1035=ORIENTED_EDGE('',*,*,#2025,.F.);
#1036=ORIENTED_EDGE('',*,*,#2026,.T.);
#1037=ORIENTED_EDGE('',*,*,#2027,.T.);
#1038=ORIENTED_EDGE('',*,*,#1858,.F.);
#1039=ORIENTED_EDGE('',*,*,#2028,.F.);
#1040=ORIENTED_EDGE('',*,*,#2029,.T.);
#1041=ORIENTED_EDGE('',*,*,#2025,.T.);
#1042=ORIENTED_EDGE('',*,*,#1883,.F.);
#1043=ORIENTED_EDGE('',*,*,#2030,.F.);
#1044=ORIENTED_EDGE('',*,*,#2031,.T.);
#1045=ORIENTED_EDGE('',*,*,#2028,.T.);
#1046=ORIENTED_EDGE('',*,*,#1882,.F.);
#1047=ORIENTED_EDGE('',*,*,#2032,.F.);
#1048=ORIENTED_EDGE('',*,*,#2033,.T.);
#1049=ORIENTED_EDGE('',*,*,#2030,.T.);
#1050=ORIENTED_EDGE('',*,*,#1881,.F.);
#1051=ORIENTED_EDGE('',*,*,#2034,.F.);
#1052=ORIENTED_EDGE('',*,*,#2035,.T.);
#1053=ORIENTED_EDGE('',*,*,#2032,.T.);
#1054=ORIENTED_EDGE('',*,*,#1880,.F.);
#1055=ORIENTED_EDGE('',*,*,#2036,.F.);
#1056=ORIENTED_EDGE('',*,*,#2037,.T.);
#1057=ORIENTED_EDGE('',*,*,#2034,.T.);
#1058=ORIENTED_EDGE('',*,*,#1879,.F.);
#1059=ORIENTED_EDGE('',*,*,#2038,.F.);
#1060=ORIENTED_EDGE('',*,*,#2039,.T.);
#1061=ORIENTED_EDGE('',*,*,#2036,.T.);
#1062=ORIENTED_EDGE('',*,*,#1878,.F.);
#1063=ORIENTED_EDGE('',*,*,#2040,.F.);
#1064=ORIENTED_EDGE('',*,*,#2041,.T.);
#1065=ORIENTED_EDGE('',*,*,#2038,.T.);
#1066=ORIENTED_EDGE('',*,*,#1877,.F.);
#1067=ORIENTED_EDGE('',*,*,#2042,.F.);
#1068=ORIENTED_EDGE('',*,*,#2043,.T.);
#1069=ORIENTED_EDGE('',*,*,#2040,.T.);
#1070=ORIENTED_EDGE('',*,*,#1876,.F.);
#1071=ORIENTED_EDGE('',*,*,#2044,.F.);
#1072=ORIENTED_EDGE('',*,*,#2045,.T.);
#1073=ORIENTED_EDGE('',*,*,#2042,.T.);
#1074=ORIENTED_EDGE('',*,*,#1875,.F.);
#1075=ORIENTED_EDGE('',*,*,#2046,.F.);
#1076=ORIENTED_EDGE('',*,*,#2047,.T.);
#1077=ORIENTED_EDGE('',*,*,#2044,.T.);
#1078=ORIENTED_EDGE('',*,*,#1874,.F.);
#1079=ORIENTED_EDGE('',*,*,#2048,.F.);
#1080=ORIENTED_EDGE('',*,*,#2049,.T.);
#1081=ORIENTED_EDGE('',*,*,#2046,.T.);
#1082=ORIENTED_EDGE('',*,*,#1873,.F.);
#1083=ORIENTED_EDGE('',*,*,#2050,.F.);
#1084=ORIENTED_EDGE('',*,*,#2051,.T.);
#1085=ORIENTED_EDGE('',*,*,#2048,.T.);
#1086=ORIENTED_EDGE('',*,*,#1872,.F.);
#1087=ORIENTED_EDGE('',*,*,#2052,.F.);
#1088=ORIENTED_EDGE('',*,*,#2053,.T.);
#1089=ORIENTED_EDGE('',*,*,#2050,.T.);
#1090=ORIENTED_EDGE('',*,*,#1871,.F.);
#1091=ORIENTED_EDGE('',*,*,#2054,.F.);
#1092=ORIENTED_EDGE('',*,*,#2055,.T.);
#1093=ORIENTED_EDGE('',*,*,#2052,.T.);
#1094=ORIENTED_EDGE('',*,*,#1870,.F.);
#1095=ORIENTED_EDGE('',*,*,#2056,.F.);
#1096=ORIENTED_EDGE('',*,*,#2057,.T.);
#1097=ORIENTED_EDGE('',*,*,#2054,.T.);
#1098=ORIENTED_EDGE('',*,*,#1869,.F.);
#1099=ORIENTED_EDGE('',*,*,#2058,.F.);
#1100=ORIENTED_EDGE('',*,*,#2059,.T.);
#1101=ORIENTED_EDGE('',*,*,#2056,.T.);
#1102=ORIENTED_EDGE('',*,*,#1868,.F.);
#1103=ORIENTED_EDGE('',*,*,#2060,.F.);
#1104=ORIENTED_EDGE('',*,*,#2061,.T.);
#1105=ORIENTED_EDGE('',*,*,#2058,.T.);
#1106=ORIENTED_EDGE('',*,*,#1867,.F.);
#1107=ORIENTED_EDGE('',*,*,#2062,.F.);
#1108=ORIENTED_EDGE('',*,*,#2063,.T.);
#1109=ORIENTED_EDGE('',*,*,#2060,.T.);
#1110=ORIENTED_EDGE('',*,*,#1866,.F.);
#1111=ORIENTED_EDGE('',*,*,#2064,.F.);
#1112=ORIENTED_EDGE('',*,*,#2065,.T.);
#1113=ORIENTED_EDGE('',*,*,#2062,.T.);
#1114=ORIENTED_EDGE('',*,*,#1865,.F.);
#1115=ORIENTED_EDGE('',*,*,#2066,.F.);
#1116=ORIENTED_EDGE('',*,*,#2067,.T.);
#1117=ORIENTED_EDGE('',*,*,#2064,.T.);
#1118=ORIENTED_EDGE('',*,*,#1864,.F.);
#1119=ORIENTED_EDGE('',*,*,#2068,.F.);
#1120=ORIENTED_EDGE('',*,*,#2069,.T.);
#1121=ORIENTED_EDGE('',*,*,#2066,.T.);
#1122=ORIENTED_EDGE('',*,*,#1863,.F.);
#1123=ORIENTED_EDGE('',*,*,#2070,.F.);
#1124=ORIENTED_EDGE('',*,*,#2071,.T.);
#1125=ORIENTED_EDGE('',*,*,#2068,.T.);
#1126=ORIENTED_EDGE('',*,*,#1862,.F.);
#1127=ORIENTED_EDGE('',*,*,#2072,.F.);
#1128=ORIENTED_EDGE('',*,*,#2073,.T.);
#1129=ORIENTED_EDGE('',*,*,#2070,.T.);
#1130=ORIENTED_EDGE('',*,*,#1861,.F.);
#1131=ORIENTED_EDGE('',*,*,#2074,.F.);
#1132=ORIENTED_EDGE('',*,*,#2075,.T.);
#1133=ORIENTED_EDGE('',*,*,#2072,.T.);
#1134=ORIENTED_EDGE('',*,*,#1860,.F.);
#1135=ORIENTED_EDGE('',*,*,#2027,.F.);
#1136=ORIENTED_EDGE('',*,*,#2076,.T.);
#1137=ORIENTED_EDGE('',*,*,#2074,.T.);
#1138=ORIENTED_EDGE('',*,*,#2026,.F.);
#1139=ORIENTED_EDGE('',*,*,#2029,.F.);
#1140=ORIENTED_EDGE('',*,*,#2031,.F.);
#1141=ORIENTED_EDGE('',*,*,#2033,.F.);
#1142=ORIENTED_EDGE('',*,*,#2035,.F.);
#1143=ORIENTED_EDGE('',*,*,#2037,.F.);
#1144=ORIENTED_EDGE('',*,*,#2039,.F.);
#1145=ORIENTED_EDGE('',*,*,#2041,.F.);
#1146=ORIENTED_EDGE('',*,*,#2043,.F.);
#1147=ORIENTED_EDGE('',*,*,#2045,.F.);
#1148=ORIENTED_EDGE('',*,*,#2047,.F.);
#1149=ORIENTED_EDGE('',*,*,#2049,.F.);
#1150=ORIENTED_EDGE('',*,*,#2051,.F.);
#1151=ORIENTED_EDGE('',*,*,#2053,.F.);
#1152=ORIENTED_EDGE('',*,*,#2055,.F.);
#1153=ORIENTED_EDGE('',*,*,#2057,.F.);
#1154=ORIENTED_EDGE('',*,*,#2059,.F.);
#1155=ORIENTED_EDGE('',*,*,#2061,.F.);
#1156=ORIENTED_EDGE('',*,*,#2063,.F.);
#1157=ORIENTED_EDGE('',*,*,#2065,.F.);
#1158=ORIENTED_EDGE('',*,*,#2067,.F.);
#1159=ORIENTED_EDGE('',*,*,#2069,.F.);
#1160=ORIENTED_EDGE('',*,*,#2071,.F.);
#1161=ORIENTED_EDGE('',*,*,#2073,.F.);
#1162=ORIENTED_EDGE('',*,*,#2075,.F.);
#1163=ORIENTED_EDGE('',*,*,#2076,.F.);
#1164=ORIENTED_EDGE('',*,*,#2077,.F.);
#1165=ORIENTED_EDGE('',*,*,#2078,.F.);
#1166=ORIENTED_EDGE('',*,*,#2079,.T.);
#1167=ORIENTED_EDGE('',*,*,#2080,.T.);
#1168=ORIENTED_EDGE('',*,*,#2081,.F.);
#1169=ORIENTED_EDGE('',*,*,#2082,.F.);
#1170=ORIENTED_EDGE('',*,*,#2083,.T.);
#1171=ORIENTED_EDGE('',*,*,#2078,.T.);
#1172=ORIENTED_EDGE('',*,*,#2084,.F.);
#1173=ORIENTED_EDGE('',*,*,#2085,.F.);
#1174=ORIENTED_EDGE('',*,*,#2086,.T.);
#1175=ORIENTED_EDGE('',*,*,#2082,.T.);
#1176=ORIENTED_EDGE('',*,*,#2087,.F.);
#1177=ORIENTED_EDGE('',*,*,#2088,.F.);
#1178=ORIENTED_EDGE('',*,*,#2089,.T.);
#1179=ORIENTED_EDGE('',*,*,#2085,.T.);
#1180=ORIENTED_EDGE('',*,*,#2090,.F.);
#1181=ORIENTED_EDGE('',*,*,#2091,.F.);
#1182=ORIENTED_EDGE('',*,*,#2092,.T.);
#1183=ORIENTED_EDGE('',*,*,#2088,.T.);
#1184=ORIENTED_EDGE('',*,*,#2093,.F.);
#1185=ORIENTED_EDGE('',*,*,#2094,.F.);
#1186=ORIENTED_EDGE('',*,*,#2095,.T.);
#1187=ORIENTED_EDGE('',*,*,#2091,.T.);
#1188=ORIENTED_EDGE('',*,*,#2096,.F.);
#1189=ORIENTED_EDGE('',*,*,#2097,.F.);
#1190=ORIENTED_EDGE('',*,*,#2098,.T.);
#1191=ORIENTED_EDGE('',*,*,#2094,.T.);
#1192=ORIENTED_EDGE('',*,*,#2099,.F.);
#1193=ORIENTED_EDGE('',*,*,#2100,.F.);
#1194=ORIENTED_EDGE('',*,*,#2101,.T.);
#1195=ORIENTED_EDGE('',*,*,#2097,.T.);
#1196=ORIENTED_EDGE('',*,*,#2102,.F.);
#1197=ORIENTED_EDGE('',*,*,#2103,.F.);
#1198=ORIENTED_EDGE('',*,*,#2104,.T.);
#1199=ORIENTED_EDGE('',*,*,#2100,.T.);
#1200=ORIENTED_EDGE('',*,*,#1809,.F.);
#1201=ORIENTED_EDGE('',*,*,#2105,.F.);
#1202=ORIENTED_EDGE('',*,*,#2106,.T.);
#1203=ORIENTED_EDGE('',*,*,#2107,.T.);
#1204=ORIENTED_EDGE('',*,*,#1808,.F.);
#1205=ORIENTED_EDGE('',*,*,#2108,.F.);
#1206=ORIENTED_EDGE('',*,*,#2109,.T.);
#1207=ORIENTED_EDGE('',*,*,#2105,.T.);
#1208=ORIENTED_EDGE('',*,*,#1823,.F.);
#1209=ORIENTED_EDGE('',*,*,#2110,.F.);
#1210=ORIENTED_EDGE('',*,*,#2111,.T.);
#1211=ORIENTED_EDGE('',*,*,#2108,.T.);
#1212=ORIENTED_EDGE('',*,*,#1822,.F.);
#1213=ORIENTED_EDGE('',*,*,#2112,.F.);
#1214=ORIENTED_EDGE('',*,*,#2113,.T.);
#1215=ORIENTED_EDGE('',*,*,#2110,.T.);
#1216=ORIENTED_EDGE('',*,*,#1821,.F.);
#1217=ORIENTED_EDGE('',*,*,#2114,.F.);
#1218=ORIENTED_EDGE('',*,*,#2115,.T.);
#1219=ORIENTED_EDGE('',*,*,#2112,.T.);
#1220=ORIENTED_EDGE('',*,*,#1820,.F.);
#1221=ORIENTED_EDGE('',*,*,#2116,.F.);
#1222=ORIENTED_EDGE('',*,*,#2117,.T.);
#1223=ORIENTED_EDGE('',*,*,#2114,.T.);
#1224=ORIENTED_EDGE('',*,*,#1819,.F.);
#1225=ORIENTED_EDGE('',*,*,#2118,.F.);
#1226=ORIENTED_EDGE('',*,*,#2119,.T.);
#1227=ORIENTED_EDGE('',*,*,#2116,.T.);
#1228=ORIENTED_EDGE('',*,*,#1818,.F.);
#1229=ORIENTED_EDGE('',*,*,#2120,.F.);
#1230=ORIENTED_EDGE('',*,*,#2121,.T.);
#1231=ORIENTED_EDGE('',*,*,#2118,.T.);
#1232=ORIENTED_EDGE('',*,*,#1817,.F.);
#1233=ORIENTED_EDGE('',*,*,#2122,.F.);
#1234=ORIENTED_EDGE('',*,*,#2123,.T.);
#1235=ORIENTED_EDGE('',*,*,#2120,.T.);
#1236=ORIENTED_EDGE('',*,*,#1816,.F.);
#1237=ORIENTED_EDGE('',*,*,#2124,.F.);
#1238=ORIENTED_EDGE('',*,*,#2125,.T.);
#1239=ORIENTED_EDGE('',*,*,#2122,.T.);
#1240=ORIENTED_EDGE('',*,*,#1815,.F.);
#1241=ORIENTED_EDGE('',*,*,#2126,.F.);
#1242=ORIENTED_EDGE('',*,*,#2127,.T.);
#1243=ORIENTED_EDGE('',*,*,#2124,.T.);
#1244=ORIENTED_EDGE('',*,*,#1814,.F.);
#1245=ORIENTED_EDGE('',*,*,#2128,.F.);
#1246=ORIENTED_EDGE('',*,*,#2129,.T.);
#1247=ORIENTED_EDGE('',*,*,#2126,.T.);
#1248=ORIENTED_EDGE('',*,*,#1813,.F.);
#1249=ORIENTED_EDGE('',*,*,#2130,.F.);
#1250=ORIENTED_EDGE('',*,*,#2131,.T.);
#1251=ORIENTED_EDGE('',*,*,#2128,.T.);
#1252=ORIENTED_EDGE('',*,*,#1812,.F.);
#1253=ORIENTED_EDGE('',*,*,#2132,.F.);
#1254=ORIENTED_EDGE('',*,*,#2133,.T.);
#1255=ORIENTED_EDGE('',*,*,#2130,.T.);
#1256=ORIENTED_EDGE('',*,*,#1811,.F.);
#1257=ORIENTED_EDGE('',*,*,#2134,.F.);
#1258=ORIENTED_EDGE('',*,*,#2135,.T.);
#1259=ORIENTED_EDGE('',*,*,#2132,.T.);
#1260=ORIENTED_EDGE('',*,*,#1810,.F.);
#1261=ORIENTED_EDGE('',*,*,#2107,.F.);
#1262=ORIENTED_EDGE('',*,*,#2136,.T.);
#1263=ORIENTED_EDGE('',*,*,#2134,.T.);
#1264=ORIENTED_EDGE('',*,*,#2137,.F.);
#1265=ORIENTED_EDGE('',*,*,#2080,.F.);
#1266=ORIENTED_EDGE('',*,*,#2138,.T.);
#1267=ORIENTED_EDGE('',*,*,#2103,.T.);
#1268=ORIENTED_EDGE('',*,*,#2106,.F.);
#1269=ORIENTED_EDGE('',*,*,#2109,.F.);
#1270=ORIENTED_EDGE('',*,*,#2111,.F.);
#1271=ORIENTED_EDGE('',*,*,#2113,.F.);
#1272=ORIENTED_EDGE('',*,*,#2115,.F.);
#1273=ORIENTED_EDGE('',*,*,#2117,.F.);
#1274=ORIENTED_EDGE('',*,*,#2119,.F.);
#1275=ORIENTED_EDGE('',*,*,#2121,.F.);
#1276=ORIENTED_EDGE('',*,*,#2123,.F.);
#1277=ORIENTED_EDGE('',*,*,#2125,.F.);
#1278=ORIENTED_EDGE('',*,*,#2127,.F.);
#1279=ORIENTED_EDGE('',*,*,#2129,.F.);
#1280=ORIENTED_EDGE('',*,*,#2131,.F.);
#1281=ORIENTED_EDGE('',*,*,#2133,.F.);
#1282=ORIENTED_EDGE('',*,*,#2135,.F.);
#1283=ORIENTED_EDGE('',*,*,#2136,.F.);
#1284=ORIENTED_EDGE('',*,*,#2079,.F.);
#1285=ORIENTED_EDGE('',*,*,#2083,.F.);
#1286=ORIENTED_EDGE('',*,*,#2086,.F.);
#1287=ORIENTED_EDGE('',*,*,#2089,.F.);
#1288=ORIENTED_EDGE('',*,*,#2092,.F.);
#1289=ORIENTED_EDGE('',*,*,#2095,.F.);
#1290=ORIENTED_EDGE('',*,*,#2098,.F.);
#1291=ORIENTED_EDGE('',*,*,#2101,.F.);
#1292=ORIENTED_EDGE('',*,*,#2104,.F.);
#1293=ORIENTED_EDGE('',*,*,#2138,.F.);
#1294=ORIENTED_EDGE('',*,*,#2139,.F.);
#1295=ORIENTED_EDGE('',*,*,#2140,.F.);
#1296=ORIENTED_EDGE('',*,*,#2141,.T.);
#1297=ORIENTED_EDGE('',*,*,#2142,.T.);
#1298=ORIENTED_EDGE('',*,*,#2143,.F.);
#1299=ORIENTED_EDGE('',*,*,#2144,.F.);
#1300=ORIENTED_EDGE('',*,*,#2145,.T.);
#1301=ORIENTED_EDGE('',*,*,#2140,.T.);
#1302=ORIENTED_EDGE('',*,*,#2146,.F.);
#1303=ORIENTED_EDGE('',*,*,#2147,.F.);
#1304=ORIENTED_EDGE('',*,*,#2148,.T.);
#1305=ORIENTED_EDGE('',*,*,#2144,.T.);
#1306=ORIENTED_EDGE('',*,*,#2149,.F.);
#1307=ORIENTED_EDGE('',*,*,#2150,.F.);
#1308=ORIENTED_EDGE('',*,*,#2151,.T.);
#1309=ORIENTED_EDGE('',*,*,#2147,.T.);
#1310=ORIENTED_EDGE('',*,*,#2152,.F.);
#1311=ORIENTED_EDGE('',*,*,#2153,.F.);
#1312=ORIENTED_EDGE('',*,*,#2154,.T.);
#1313=ORIENTED_EDGE('',*,*,#2150,.T.);
#1314=ORIENTED_EDGE('',*,*,#2155,.F.);
#1315=ORIENTED_EDGE('',*,*,#2156,.F.);
#1316=ORIENTED_EDGE('',*,*,#2157,.T.);
#1317=ORIENTED_EDGE('',*,*,#2153,.T.);
#1318=ORIENTED_EDGE('',*,*,#2158,.F.);
#1319=ORIENTED_EDGE('',*,*,#2159,.F.);
#1320=ORIENTED_EDGE('',*,*,#2160,.T.);
#1321=ORIENTED_EDGE('',*,*,#2156,.T.);
#1322=ORIENTED_EDGE('',*,*,#2161,.F.);
#1323=ORIENTED_EDGE('',*,*,#2162,.F.);
#1324=ORIENTED_EDGE('',*,*,#2163,.T.);
#1325=ORIENTED_EDGE('',*,*,#2159,.T.);
#1326=ORIENTED_EDGE('',*,*,#2164,.F.);
#1327=ORIENTED_EDGE('',*,*,#2165,.F.);
#1328=ORIENTED_EDGE('',*,*,#2166,.T.);
#1329=ORIENTED_EDGE('',*,*,#2162,.T.);
#1330=ORIENTED_EDGE('',*,*,#1885,.F.);
#1331=ORIENTED_EDGE('',*,*,#2167,.F.);
#1332=ORIENTED_EDGE('',*,*,#2168,.T.);
#1333=ORIENTED_EDGE('',*,*,#2169,.T.);
#1334=ORIENTED_EDGE('',*,*,#1884,.F.);
#1335=ORIENTED_EDGE('',*,*,#2170,.F.);
#1336=ORIENTED_EDGE('',*,*,#2171,.T.);
#1337=ORIENTED_EDGE('',*,*,#2167,.T.);
#1338=ORIENTED_EDGE('',*,*,#1905,.F.);
#1339=ORIENTED_EDGE('',*,*,#2172,.F.);
#1340=ORIENTED_EDGE('',*,*,#2173,.T.);
#1341=ORIENTED_EDGE('',*,*,#2170,.T.);
#1342=ORIENTED_EDGE('',*,*,#1904,.F.);
#1343=ORIENTED_EDGE('',*,*,#2174,.F.);
#1344=ORIENTED_EDGE('',*,*,#2175,.T.);
#1345=ORIENTED_EDGE('',*,*,#2172,.T.);
#1346=ORIENTED_EDGE('',*,*,#1903,.F.);
#1347=ORIENTED_EDGE('',*,*,#2176,.F.);
#1348=ORIENTED_EDGE('',*,*,#2177,.T.);
#1349=ORIENTED_EDGE('',*,*,#2174,.T.);
#1350=ORIENTED_EDGE('',*,*,#1902,.F.);
#1351=ORIENTED_EDGE('',*,*,#2178,.F.);
#1352=ORIENTED_EDGE('',*,*,#2179,.T.);
#1353=ORIENTED_EDGE('',*,*,#2176,.T.);
#1354=ORIENTED_EDGE('',*,*,#1901,.F.);
#1355=ORIENTED_EDGE('',*,*,#2180,.F.);
#1356=ORIENTED_EDGE('',*,*,#2181,.T.);
#1357=ORIENTED_EDGE('',*,*,#2178,.T.);
#1358=ORIENTED_EDGE('',*,*,#1900,.F.);
#1359=ORIENTED_EDGE('',*,*,#2182,.F.);
#1360=ORIENTED_EDGE('',*,*,#2183,.T.);
#1361=ORIENTED_EDGE('',*,*,#2180,.T.);
#1362=ORIENTED_EDGE('',*,*,#1899,.F.);
#1363=ORIENTED_EDGE('',*,*,#2184,.F.);
#1364=ORIENTED_EDGE('',*,*,#2185,.T.);
#1365=ORIENTED_EDGE('',*,*,#2182,.T.);
#1366=ORIENTED_EDGE('',*,*,#1898,.F.);
#1367=ORIENTED_EDGE('',*,*,#2186,.F.);
#1368=ORIENTED_EDGE('',*,*,#2187,.T.);
#1369=ORIENTED_EDGE('',*,*,#2184,.T.);
#1370=ORIENTED_EDGE('',*,*,#1897,.F.);
#1371=ORIENTED_EDGE('',*,*,#2188,.F.);
#1372=ORIENTED_EDGE('',*,*,#2189,.T.);
#1373=ORIENTED_EDGE('',*,*,#2186,.T.);
#1374=ORIENTED_EDGE('',*,*,#1896,.F.);
#1375=ORIENTED_EDGE('',*,*,#2190,.F.);
#1376=ORIENTED_EDGE('',*,*,#2191,.T.);
#1377=ORIENTED_EDGE('',*,*,#2188,.T.);
#1378=ORIENTED_EDGE('',*,*,#1895,.F.);
#1379=ORIENTED_EDGE('',*,*,#2192,.F.);
#1380=ORIENTED_EDGE('',*,*,#2193,.T.);
#1381=ORIENTED_EDGE('',*,*,#2190,.T.);
#1382=ORIENTED_EDGE('',*,*,#1894,.F.);
#1383=ORIENTED_EDGE('',*,*,#2194,.F.);
#1384=ORIENTED_EDGE('',*,*,#2195,.T.);
#1385=ORIENTED_EDGE('',*,*,#2192,.T.);
#1386=ORIENTED_EDGE('',*,*,#1893,.F.);
#1387=ORIENTED_EDGE('',*,*,#2196,.F.);
#1388=ORIENTED_EDGE('',*,*,#2197,.T.);
#1389=ORIENTED_EDGE('',*,*,#2194,.T.);
#1390=ORIENTED_EDGE('',*,*,#1892,.F.);
#1391=ORIENTED_EDGE('',*,*,#2198,.F.);
#1392=ORIENTED_EDGE('',*,*,#2199,.T.);
#1393=ORIENTED_EDGE('',*,*,#2196,.T.);
#1394=ORIENTED_EDGE('',*,*,#1891,.F.);
#1395=ORIENTED_EDGE('',*,*,#2200,.F.);
#1396=ORIENTED_EDGE('',*,*,#2201,.T.);
#1397=ORIENTED_EDGE('',*,*,#2198,.T.);
#1398=ORIENTED_EDGE('',*,*,#1890,.F.);
#1399=ORIENTED_EDGE('',*,*,#2202,.F.);
#1400=ORIENTED_EDGE('',*,*,#2203,.T.);
#1401=ORIENTED_EDGE('',*,*,#2200,.T.);
#1402=ORIENTED_EDGE('',*,*,#1889,.F.);
#1403=ORIENTED_EDGE('',*,*,#2204,.F.);
#1404=ORIENTED_EDGE('',*,*,#2205,.T.);
#1405=ORIENTED_EDGE('',*,*,#2202,.T.);
#1406=ORIENTED_EDGE('',*,*,#1888,.F.);
#1407=ORIENTED_EDGE('',*,*,#2206,.F.);
#1408=ORIENTED_EDGE('',*,*,#2207,.T.);
#1409=ORIENTED_EDGE('',*,*,#2204,.T.);
#1410=ORIENTED_EDGE('',*,*,#1887,.F.);
#1411=ORIENTED_EDGE('',*,*,#2208,.F.);
#1412=ORIENTED_EDGE('',*,*,#2209,.T.);
#1413=ORIENTED_EDGE('',*,*,#2206,.T.);
#1414=ORIENTED_EDGE('',*,*,#1886,.F.);
#1415=ORIENTED_EDGE('',*,*,#2169,.F.);
#1416=ORIENTED_EDGE('',*,*,#2210,.T.);
#1417=ORIENTED_EDGE('',*,*,#2208,.T.);
#1418=ORIENTED_EDGE('',*,*,#2211,.F.);
#1419=ORIENTED_EDGE('',*,*,#2142,.F.);
#1420=ORIENTED_EDGE('',*,*,#2212,.T.);
#1421=ORIENTED_EDGE('',*,*,#2165,.T.);
#1422=ORIENTED_EDGE('',*,*,#2168,.F.);
#1423=ORIENTED_EDGE('',*,*,#2171,.F.);
#1424=ORIENTED_EDGE('',*,*,#2173,.F.);
#1425=ORIENTED_EDGE('',*,*,#2175,.F.);
#1426=ORIENTED_EDGE('',*,*,#2177,.F.);
#1427=ORIENTED_EDGE('',*,*,#2179,.F.);
#1428=ORIENTED_EDGE('',*,*,#2181,.F.);
#1429=ORIENTED_EDGE('',*,*,#2183,.F.);
#1430=ORIENTED_EDGE('',*,*,#2185,.F.);
#1431=ORIENTED_EDGE('',*,*,#2187,.F.);
#1432=ORIENTED_EDGE('',*,*,#2189,.F.);
#1433=ORIENTED_EDGE('',*,*,#2191,.F.);
#1434=ORIENTED_EDGE('',*,*,#2193,.F.);
#1435=ORIENTED_EDGE('',*,*,#2195,.F.);
#1436=ORIENTED_EDGE('',*,*,#2197,.F.);
#1437=ORIENTED_EDGE('',*,*,#2199,.F.);
#1438=ORIENTED_EDGE('',*,*,#2201,.F.);
#1439=ORIENTED_EDGE('',*,*,#2203,.F.);
#1440=ORIENTED_EDGE('',*,*,#2205,.F.);
#1441=ORIENTED_EDGE('',*,*,#2207,.F.);
#1442=ORIENTED_EDGE('',*,*,#2209,.F.);
#1443=ORIENTED_EDGE('',*,*,#2210,.F.);
#1444=ORIENTED_EDGE('',*,*,#2141,.F.);
#1445=ORIENTED_EDGE('',*,*,#2145,.F.);
#1446=ORIENTED_EDGE('',*,*,#2148,.F.);
#1447=ORIENTED_EDGE('',*,*,#2151,.F.);
#1448=ORIENTED_EDGE('',*,*,#2154,.F.);
#1449=ORIENTED_EDGE('',*,*,#2157,.F.);
#1450=ORIENTED_EDGE('',*,*,#2160,.F.);
#1451=ORIENTED_EDGE('',*,*,#2163,.F.);
#1452=ORIENTED_EDGE('',*,*,#2166,.F.);
#1453=ORIENTED_EDGE('',*,*,#2212,.F.);
#1454=ORIENTED_EDGE('',*,*,#1907,.F.);
#1455=ORIENTED_EDGE('',*,*,#2213,.F.);
#1456=ORIENTED_EDGE('',*,*,#2214,.T.);
#1457=ORIENTED_EDGE('',*,*,#2215,.T.);
#1458=ORIENTED_EDGE('',*,*,#1906,.F.);
#1459=ORIENTED_EDGE('',*,*,#2216,.F.);
#1460=ORIENTED_EDGE('',*,*,#2217,.T.);
#1461=ORIENTED_EDGE('',*,*,#2213,.T.);
#1462=ORIENTED_EDGE('',*,*,#1932,.F.);
#1463=ORIENTED_EDGE('',*,*,#2218,.F.);
#1464=ORIENTED_EDGE('',*,*,#2219,.T.);
#1465=ORIENTED_EDGE('',*,*,#2216,.T.);
#1466=ORIENTED_EDGE('',*,*,#1931,.F.);
#1467=ORIENTED_EDGE('',*,*,#2220,.F.);
#1468=ORIENTED_EDGE('',*,*,#2221,.T.);
#1469=ORIENTED_EDGE('',*,*,#2218,.T.);
#1470=ORIENTED_EDGE('',*,*,#1930,.F.);
#1471=ORIENTED_EDGE('',*,*,#2222,.F.);
#1472=ORIENTED_EDGE('',*,*,#2223,.T.);
#1473=ORIENTED_EDGE('',*,*,#2220,.T.);
#1474=ORIENTED_EDGE('',*,*,#1929,.F.);
#1475=ORIENTED_EDGE('',*,*,#2224,.F.);
#1476=ORIENTED_EDGE('',*,*,#2225,.T.);
#1477=ORIENTED_EDGE('',*,*,#2222,.T.);
#1478=ORIENTED_EDGE('',*,*,#1928,.F.);
#1479=ORIENTED_EDGE('',*,*,#2226,.F.);
#1480=ORIENTED_EDGE('',*,*,#2227,.T.);
#1481=ORIENTED_EDGE('',*,*,#2224,.T.);
#1482=ORIENTED_EDGE('',*,*,#1927,.F.);
#1483=ORIENTED_EDGE('',*,*,#2228,.F.);
#1484=ORIENTED_EDGE('',*,*,#2229,.T.);
#1485=ORIENTED_EDGE('',*,*,#2226,.T.);
#1486=ORIENTED_EDGE('',*,*,#1926,.F.);
#1487=ORIENTED_EDGE('',*,*,#2230,.F.);
#1488=ORIENTED_EDGE('',*,*,#2231,.T.);
#1489=ORIENTED_EDGE('',*,*,#2228,.T.);
#1490=ORIENTED_EDGE('',*,*,#1925,.F.);
#1491=ORIENTED_EDGE('',*,*,#2232,.F.);
#1492=ORIENTED_EDGE('',*,*,#2233,.T.);
#1493=ORIENTED_EDGE('',*,*,#2230,.T.);
#1494=ORIENTED_EDGE('',*,*,#1924,.F.);
#1495=ORIENTED_EDGE('',*,*,#2234,.F.);
#1496=ORIENTED_EDGE('',*,*,#2235,.T.);
#1497=ORIENTED_EDGE('',*,*,#2232,.T.);
#1498=ORIENTED_EDGE('',*,*,#1923,.F.);
#1499=ORIENTED_EDGE('',*,*,#2236,.F.);
#1500=ORIENTED_EDGE('',*,*,#2237,.T.);
#1501=ORIENTED_EDGE('',*,*,#2234,.T.);
#1502=ORIENTED_EDGE('',*,*,#1922,.F.);
#1503=ORIENTED_EDGE('',*,*,#2238,.F.);
#1504=ORIENTED_EDGE('',*,*,#2239,.T.);
#1505=ORIENTED_EDGE('',*,*,#2236,.T.);
#1506=ORIENTED_EDGE('',*,*,#1921,.F.);
#1507=ORIENTED_EDGE('',*,*,#2240,.F.);
#1508=ORIENTED_EDGE('',*,*,#2241,.T.);
#1509=ORIENTED_EDGE('',*,*,#2238,.T.);
#1510=ORIENTED_EDGE('',*,*,#1920,.F.);
#1511=ORIENTED_EDGE('',*,*,#2242,.F.);
#1512=ORIENTED_EDGE('',*,*,#2243,.T.);
#1513=ORIENTED_EDGE('',*,*,#2240,.T.);
#1514=ORIENTED_EDGE('',*,*,#1919,.F.);
#1515=ORIENTED_EDGE('',*,*,#2244,.F.);
#1516=ORIENTED_EDGE('',*,*,#2245,.T.);
#1517=ORIENTED_EDGE('',*,*,#2242,.T.);
#1518=ORIENTED_EDGE('',*,*,#1918,.F.);
#1519=ORIENTED_EDGE('',*,*,#2246,.F.);
#1520=ORIENTED_EDGE('',*,*,#2247,.T.);
#1521=ORIENTED_EDGE('',*,*,#2244,.T.);
#1522=ORIENTED_EDGE('',*,*,#1917,.F.);
#1523=ORIENTED_EDGE('',*,*,#2248,.F.);
#1524=ORIENTED_EDGE('',*,*,#2249,.T.);
#1525=ORIENTED_EDGE('',*,*,#2246,.T.);
#1526=ORIENTED_EDGE('',*,*,#1916,.F.);
#1527=ORIENTED_EDGE('',*,*,#2250,.F.);
#1528=ORIENTED_EDGE('',*,*,#2251,.T.);
#1529=ORIENTED_EDGE('',*,*,#2248,.T.);
#1530=ORIENTED_EDGE('',*,*,#1915,.F.);
#1531=ORIENTED_EDGE('',*,*,#2252,.F.);
#1532=ORIENTED_EDGE('',*,*,#2253,.T.);
#1533=ORIENTED_EDGE('',*,*,#2250,.T.);
#1534=ORIENTED_EDGE('',*,*,#1914,.F.);
#1535=ORIENTED_EDGE('',*,*,#2254,.F.);
#1536=ORIENTED_EDGE('',*,*,#2255,.T.);
#1537=ORIENTED_EDGE('',*,*,#2252,.T.);
#1538=ORIENTED_EDGE('',*,*,#1913,.F.);
#1539=ORIENTED_EDGE('',*,*,#2256,.F.);
#1540=ORIENTED_EDGE('',*,*,#2257,.T.);
#1541=ORIENTED_EDGE('',*,*,#2254,.T.);
#1542=ORIENTED_EDGE('',*,*,#1912,.F.);
#1543=ORIENTED_EDGE('',*,*,#2258,.F.);
#1544=ORIENTED_EDGE('',*,*,#2259,.T.);
#1545=ORIENTED_EDGE('',*,*,#2256,.T.);
#1546=ORIENTED_EDGE('',*,*,#1911,.F.);
#1547=ORIENTED_EDGE('',*,*,#2260,.F.);
#1548=ORIENTED_EDGE('',*,*,#2261,.T.);
#1549=ORIENTED_EDGE('',*,*,#2258,.T.);
#1550=ORIENTED_EDGE('',*,*,#1910,.F.);
#1551=ORIENTED_EDGE('',*,*,#2262,.F.);
#1552=ORIENTED_EDGE('',*,*,#2263,.T.);
#1553=ORIENTED_EDGE('',*,*,#2260,.T.);
#1554=ORIENTED_EDGE('',*,*,#1909,.F.);
#1555=ORIENTED_EDGE('',*,*,#2264,.F.);
#1556=ORIENTED_EDGE('',*,*,#2265,.T.);
#1557=ORIENTED_EDGE('',*,*,#2262,.T.);
#1558=ORIENTED_EDGE('',*,*,#1908,.F.);
#1559=ORIENTED_EDGE('',*,*,#2215,.F.);
#1560=ORIENTED_EDGE('',*,*,#2266,.T.);
#1561=ORIENTED_EDGE('',*,*,#2264,.T.);
#1562=ORIENTED_EDGE('',*,*,#2214,.F.);
#1563=ORIENTED_EDGE('',*,*,#2217,.F.);
#1564=ORIENTED_EDGE('',*,*,#2219,.F.);
#1565=ORIENTED_EDGE('',*,*,#2221,.F.);
#1566=ORIENTED_EDGE('',*,*,#2223,.F.);
#1567=ORIENTED_EDGE('',*,*,#2225,.F.);
#1568=ORIENTED_EDGE('',*,*,#2227,.F.);
#1569=ORIENTED_EDGE('',*,*,#2229,.F.);
#1570=ORIENTED_EDGE('',*,*,#2231,.F.);
#1571=ORIENTED_EDGE('',*,*,#2233,.F.);
#1572=ORIENTED_EDGE('',*,*,#2235,.F.);
#1573=ORIENTED_EDGE('',*,*,#2237,.F.);
#1574=ORIENTED_EDGE('',*,*,#2239,.F.);
#1575=ORIENTED_EDGE('',*,*,#2241,.F.);
#1576=ORIENTED_EDGE('',*,*,#2243,.F.);
#1577=ORIENTED_EDGE('',*,*,#2245,.F.);
#1578=ORIENTED_EDGE('',*,*,#2247,.F.);
#1579=ORIENTED_EDGE('',*,*,#2249,.F.);
#1580=ORIENTED_EDGE('',*,*,#2251,.F.);
#1581=ORIENTED_EDGE('',*,*,#2253,.F.);
#1582=ORIENTED_EDGE('',*,*,#2255,.F.);
#1583=ORIENTED_EDGE('',*,*,#2257,.F.);
#1584=ORIENTED_EDGE('',*,*,#2259,.F.);
#1585=ORIENTED_EDGE('',*,*,#2261,.F.);
#1586=ORIENTED_EDGE('',*,*,#2263,.F.);
#1587=ORIENTED_EDGE('',*,*,#2265,.F.);
#1588=ORIENTED_EDGE('',*,*,#2266,.F.);
#1589=ORIENTED_EDGE('',*,*,#2081,.T.);
#1590=ORIENTED_EDGE('',*,*,#2077,.T.);
#1591=ORIENTED_EDGE('',*,*,#2137,.T.);
#1592=ORIENTED_EDGE('',*,*,#2102,.T.);
#1593=ORIENTED_EDGE('',*,*,#2099,.T.);
#1594=ORIENTED_EDGE('',*,*,#2096,.T.);
#1595=ORIENTED_EDGE('',*,*,#2093,.T.);
#1596=ORIENTED_EDGE('',*,*,#2090,.T.);
#1597=ORIENTED_EDGE('',*,*,#2087,.T.);
#1598=ORIENTED_EDGE('',*,*,#2084,.T.);
#1599=ORIENTED_EDGE('',*,*,#2143,.T.);
#1600=ORIENTED_EDGE('',*,*,#2139,.T.);
#1601=ORIENTED_EDGE('',*,*,#2211,.T.);
#1602=ORIENTED_EDGE('',*,*,#2164,.T.);
#1603=ORIENTED_EDGE('',*,*,#2161,.T.);
#1604=ORIENTED_EDGE('',*,*,#2158,.T.);
#1605=ORIENTED_EDGE('',*,*,#2155,.T.);
#1606=ORIENTED_EDGE('',*,*,#2152,.T.);
#1607=ORIENTED_EDGE('',*,*,#2149,.T.);
#1608=ORIENTED_EDGE('',*,*,#2146,.T.);
#1609=EDGE_CURVE('',#2267,#2268,#2706,.T.);
#1610=EDGE_CURVE('',#2267,#2269,#2707,.T.);
#1611=EDGE_CURVE('',#2269,#2270,#2708,.T.);
#1612=EDGE_CURVE('',#2270,#2268,#2709,.T.);
#1613=EDGE_CURVE('',#2271,#2272,#2710,.T.);
#1614=EDGE_CURVE('',#2272,#2273,#2711,.T.);
#1615=EDGE_CURVE('',#2274,#2273,#2712,.T.);
#1616=EDGE_CURVE('',#2274,#2275,#2713,.T.);
#1617=EDGE_CURVE('',#2275,#2276,#2714,.T.);
#1618=EDGE_CURVE('',#2276,#2277,#2715,.T.);
#1619=EDGE_CURVE('',#2278,#2277,#2716,.T.);
#1620=EDGE_CURVE('',#2271,#2278,#2717,.T.);
#1621=EDGE_CURVE('',#2273,#2279,#2718,.T.);
#1622=EDGE_CURVE('',#2279,#2280,#2719,.T.);
#1623=EDGE_CURVE('',#2281,#2280,#2720,.T.);
#1624=EDGE_CURVE('',#2281,#2282,#2721,.T.);
#1625=EDGE_CURVE('',#2282,#2283,#2722,.T.);
#1626=EDGE_CURVE('',#2283,#2284,#2723,.T.);
#1627=EDGE_CURVE('',#2274,#2284,#2724,.T.);
#1628=EDGE_CURVE('',#2272,#2285,#2725,.T.);
#1629=EDGE_CURVE('',#2271,#2286,#2726,.T.);
#1630=EDGE_CURVE('',#2287,#2286,#2727,.T.);
#1631=EDGE_CURVE('',#2288,#2287,#2728,.T.);
#1632=EDGE_CURVE('',#2289,#2288,#2729,.T.);
#1633=EDGE_CURVE('',#2289,#2290,#2730,.T.);
#1634=EDGE_CURVE('',#2285,#2290,#2731,.T.);
#1635=EDGE_CURVE('',#2291,#2292,#2732,.T.);
#1636=EDGE_CURVE('',#2291,#2293,#251,.T.);
#1637=EDGE_CURVE('',#2293,#2294,#2733,.T.);
#1638=EDGE_CURVE('',#2294,#2295,#252,.T.);
#1639=EDGE_CURVE('',#2296,#2295,#2734,.T.);
#1640=EDGE_CURVE('',#2296,#2297,#253,.T.);
#1641=EDGE_CURVE('',#2298,#2297,#2735,.T.);
#1642=EDGE_CURVE('',#2298,#2292,#254,.T.);
#1643=EDGE_CURVE('',#2299,#2300,#2736,.T.);
#1644=EDGE_CURVE('',#2300,#2301,#255,.F.);
#1645=EDGE_CURVE('',#2301,#2302,#2737,.T.);
#1646=EDGE_CURVE('',#2302,#2303,#256,.F.);
#1647=EDGE_CURVE('',#2303,#2304,#2738,.T.);
#1648=EDGE_CURVE('',#2304,#2305,#257,.F.);
#1649=EDGE_CURVE('',#2305,#2306,#2739,.T.);
#1650=EDGE_CURVE('',#2306,#2299,#258,.F.);
#1651=EDGE_CURVE('',#2307,#2308,#2740,.T.);
#1652=EDGE_CURVE('',#2307,#2309,#259,.T.);
#1653=EDGE_CURVE('',#2309,#2310,#2741,.T.);
#1654=EDGE_CURVE('',#2310,#2311,#260,.T.);
#1655=EDGE_CURVE('',#2311,#2312,#2742,.T.);
#1656=EDGE_CURVE('',#2312,#2313,#261,.T.);
#1657=EDGE_CURVE('',#2314,#2313,#2743,.T.);
#1658=EDGE_CURVE('',#2314,#2308,#262,.T.);
#1659=EDGE_CURVE('',#2315,#2287,#2744,.T.);
#1660=EDGE_CURVE('',#2316,#2286,#2745,.T.);
#1661=EDGE_CURVE('',#2315,#2316,#2746,.T.);
#1662=EDGE_CURVE('',#2317,#2318,#2747,.T.);
#1663=EDGE_CURVE('',#2319,#2318,#263,.T.);
#1664=EDGE_CURVE('',#2319,#2320,#2748,.T.);
#1665=EDGE_CURVE('',#2321,#2320,#264,.T.);
#1666=EDGE_CURVE('',#2321,#2322,#2749,.T.);
#1667=EDGE_CURVE('',#2323,#2322,#265,.T.);
#1668=EDGE_CURVE('',#2324,#2323,#2750,.T.);
#1669=EDGE_CURVE('',#2317,#2324,#266,.T.);
#1670=EDGE_CURVE('',#2325,#2326,#2751,.T.);
#1671=EDGE_CURVE('',#2325,#2327,#267,.T.);
#1672=EDGE_CURVE('',#2327,#2328,#2752,.T.);
#1673=EDGE_CURVE('',#2328,#2329,#268,.T.);
#1674=EDGE_CURVE('',#2329,#2330,#2753,.T.);
#1675=EDGE_CURVE('',#2330,#2331,#269,.T.);
#1676=EDGE_CURVE('',#2332,#2331,#2754,.T.);
#1677=EDGE_CURVE('',#2332,#2326,#270,.T.);
#1678=EDGE_CURVE('',#2333,#2334,#2755,.T.);
#1679=EDGE_CURVE('',#2335,#2333,#2756,.T.);
#1680=EDGE_CURVE('',#2336,#2335,#2757,.T.);
#1681=EDGE_CURVE('',#2336,#2337,#2758,.T.);
#1682=EDGE_CURVE('',#2337,#2338,#2759,.T.);
#1683=EDGE_CURVE('',#2339,#2338,#2760,.T.);
#1684=EDGE_CURVE('',#2339,#2340,#2761,.T.);
#1685=EDGE_CURVE('',#2340,#2334,#2762,.T.);
#1686=EDGE_CURVE('',#2341,#2342,#2763,.T.);
#1687=EDGE_CURVE('',#2342,#2336,#2764,.T.);
#1688=EDGE_CURVE('',#2335,#2316,#2765,.T.);
#1689=EDGE_CURVE('',#2341,#2278,#2766,.T.);
#1690=EDGE_CURVE('',#2343,#2344,#2767,.T.);
#1691=EDGE_CURVE('',#2344,#2276,#2768,.T.);
#1692=EDGE_CURVE('',#2275,#2343,#2769,.T.);
#1693=EDGE_CURVE('',#2345,#2338,#2770,.T.);
#1694=EDGE_CURVE('',#2346,#2345,#2771,.T.);
#1695=EDGE_CURVE('',#2339,#2346,#2772,.T.);
#1696=EDGE_CURVE('',#2347,#2348,#2773,.T.);
#1697=EDGE_CURVE('',#2347,#2349,#2774,.T.);
#1698=EDGE_CURVE('',#2349,#2350,#2775,.T.);
#1699=EDGE_CURVE('',#2350,#2348,#2776,.T.);
#1700=EDGE_CURVE('',#2351,#2352,#2777,.T.);
#1701=EDGE_CURVE('',#2351,#2353,#271,.T.);
#1702=EDGE_CURVE('',#2354,#2353,#2778,.T.);
#1703=EDGE_CURVE('',#2354,#2355,#272,.T.);
#1704=EDGE_CURVE('',#2356,#2355,#2779,.T.);
#1705=EDGE_CURVE('',#2356,#2357,#273,.T.);
#1706=EDGE_CURVE('',#2358,#2357,#2780,.T.);
#1707=EDGE_CURVE('',#2358,#2352,#274,.T.);
#1708=EDGE_CURVE('',#2359,#2360,#2781,.T.);
#1709=EDGE_CURVE('',#2359,#2361,#2782,.T.);
#1710=EDGE_CURVE('',#2361,#2362,#2783,.T.);
#1711=EDGE_CURVE('',#2360,#2362,#2784,.T.);
#1712=EDGE_CURVE('',#2363,#2364,#2785,.T.);
#1713=EDGE_CURVE('',#2363,#2365,#2786,.T.);
#1714=EDGE_CURVE('',#2366,#2365,#2787,.T.);
#1715=EDGE_CURVE('',#2366,#2347,#2788,.T.);
#1716=EDGE_CURVE('',#2367,#2348,#2789,.T.);
#1717=EDGE_CURVE('',#2368,#2367,#2790,.T.);
#1718=EDGE_CURVE('',#2369,#2368,#2791,.T.);
#1719=EDGE_CURVE('',#2369,#2283,#2792,.T.);
#1720=EDGE_CURVE('',#2288,#2282,#2793,.T.);
#1721=EDGE_CURVE('',#2268,#2315,#2794,.T.);
#1722=EDGE_CURVE('',#2270,#2364,#2795,.T.);
#1723=EDGE_CURVE('',#2370,#2371,#2796,.T.);
#1724=EDGE_CURVE('',#2370,#2372,#2797,.T.);
#1725=EDGE_CURVE('',#2363,#2372,#2798,.T.);
#1726=EDGE_CURVE('',#2364,#2373,#2799,.T.);
#1727=EDGE_CURVE('',#2373,#2284,#2800,.T.);
#1728=EDGE_CURVE('',#2369,#2374,#2801,.T.);
#1729=EDGE_CURVE('',#2375,#2374,#2802,.T.);
#1730=EDGE_CURVE('',#2376,#2375,#2803,.T.);
#1731=EDGE_CURVE('',#2376,#2377,#2804,.T.);
#1732=EDGE_CURVE('',#2378,#2377,#2805,.T.);
#1733=EDGE_CURVE('',#2371,#2378,#2806,.T.);
#1734=EDGE_CURVE('',#2379,#2379,#275,.T.);
#1735=EDGE_CURVE('',#2370,#2380,#2807,.T.);
#1736=EDGE_CURVE('',#2349,#2371,#2808,.T.);
#1737=EDGE_CURVE('',#2366,#2380,#2809,.T.);
#1738=EDGE_CURVE('',#2376,#2381,#2810,.T.);
#1739=EDGE_CURVE('',#2375,#2382,#2811,.T.);
#1740=EDGE_CURVE('',#2382,#2367,#2812,.T.);
#1741=EDGE_CURVE('',#2383,#2350,#2813,.T.);
#1742=EDGE_CURVE('',#2383,#2381,#2814,.T.);
#1743=EDGE_CURVE('',#2289,#2281,#2815,.T.);
#1744=EDGE_CURVE('',#2384,#2385,#2816,.T.);
#1745=EDGE_CURVE('',#2384,#2334,#2817,.T.);
#1746=EDGE_CURVE('',#2340,#2373,#2818,.T.);
#1747=EDGE_CURVE('',#2385,#2269,#2819,.T.);
#1748=EDGE_CURVE('',#2343,#2346,#2820,.T.);
#1749=EDGE_CURVE('',#2386,#2333,#2821,.T.);
#1750=EDGE_CURVE('',#2386,#2387,#2822,.T.);
#1751=EDGE_CURVE('',#2387,#2267,#2823,.T.);
#1752=EDGE_CURVE('',#2301,#2351,#2824,.F.);
#1753=EDGE_CURVE('',#2352,#2302,#2825,.T.);
#1754=EDGE_CURVE('',#2388,#2389,#2826,.T.);
#1755=EDGE_CURVE('',#2388,#2390,#2827,.T.);
#1756=EDGE_CURVE('',#2390,#2391,#2828,.T.);
#1757=EDGE_CURVE('',#2389,#2391,#2829,.T.);
#1758=EDGE_CURVE('',#2297,#2320,#2830,.F.);
#1759=EDGE_CURVE('',#2319,#2298,#2831,.T.);
#1760=EDGE_CURVE('',#2293,#2324,#2832,.F.);
#1761=EDGE_CURVE('',#2323,#2294,#2833,.T.);
#1762=EDGE_CURVE('',#2295,#2322,#2834,.F.);
#1763=EDGE_CURVE('',#2321,#2296,#2835,.T.);
#1764=EDGE_CURVE('',#2292,#2318,#2836,.F.);
#1765=EDGE_CURVE('',#2317,#2291,#2837,.T.);
#1766=EDGE_CURVE('',#2360,#2390,#2838,.T.);
#1767=EDGE_CURVE('',#2359,#2388,#2839,.T.);
#1768=EDGE_CURVE('',#2361,#2389,#2840,.T.);
#1769=EDGE_CURVE('',#2362,#2391,#2841,.T.);
#1770=EDGE_CURVE('',#2353,#2300,#2842,.T.);
#1771=EDGE_CURVE('',#2299,#2354,#2843,.F.);
#1772=EDGE_CURVE('',#2357,#2392,#2844,.T.);
#1773=EDGE_CURVE('',#2393,#2392,#276,.T.);
#1774=EDGE_CURVE('',#2393,#2304,#2845,.T.);
#1775=EDGE_CURVE('',#2303,#2358,#2846,.F.);
#1776=EDGE_CURVE('',#2355,#2306,#2847,.T.);
#1777=EDGE_CURVE('',#2305,#2356,#2848,.F.);
#1778=EDGE_CURVE('',#2345,#2394,#2849,.T.);
#1779=EDGE_CURVE('',#2394,#2342,#2850,.T.);
#1780=EDGE_CURVE('',#2395,#2341,#2851,.T.);
#1781=EDGE_CURVE('',#2395,#2344,#2852,.T.);
#1782=EDGE_CURVE('',#2378,#2396,#2853,.T.);
#1783=EDGE_CURVE('',#2396,#2383,#2854,.T.);
#1784=EDGE_CURVE('',#2392,#2393,#91,.T.);
#1785=EDGE_CURVE('',#2368,#2397,#2855,.T.);
#1786=EDGE_CURVE('',#2374,#2397,#2856,.T.);
#1787=EDGE_CURVE('',#2382,#2397,#2857,.T.);
#1788=EDGE_CURVE('',#2396,#2398,#2858,.T.);
#1789=EDGE_CURVE('',#2377,#2398,#2859,.T.);
#1790=EDGE_CURVE('',#2381,#2398,#2860,.T.);
#1791=EDGE_CURVE('',#2365,#2399,#2861,.T.);
#1792=EDGE_CURVE('',#2372,#2399,#2862,.T.);
#1793=EDGE_CURVE('',#2380,#2399,#2863,.T.);
#1794=EDGE_CURVE('',#2394,#2337,#2864,.T.);
#1795=EDGE_CURVE('',#2395,#2277,#2865,.T.);
#1796=EDGE_CURVE('',#2326,#2310,#2866,.T.);
#1797=EDGE_CURVE('',#2309,#2325,#2867,.F.);
#1798=EDGE_CURVE('',#2308,#2328,#2868,.F.);
#1799=EDGE_CURVE('',#2327,#2307,#2869,.T.);
#1800=EDGE_CURVE('',#2329,#2314,#2870,.T.);
#1801=EDGE_CURVE('',#2313,#2330,#2871,.F.);
#1802=EDGE_CURVE('',#2331,#2312,#2872,.T.);
#1803=EDGE_CURVE('',#2311,#2332,#2873,.F.);
#1804=EDGE_CURVE('',#2386,#2384,#2874,.T.);
#1805=EDGE_CURVE('',#2387,#2385,#2875,.T.);
#1806=EDGE_CURVE('',#2285,#2279,#2876,.T.);
#1807=EDGE_CURVE('',#2290,#2280,#2877,.T.);
#1808=EDGE_CURVE('',#2400,#2401,#277,.F.);
#1809=EDGE_CURVE('',#2401,#2402,#2878,.T.);
#1810=EDGE_CURVE('',#2402,#2403,#92,.T.);
#1811=EDGE_CURVE('',#2403,#2404,#93,.T.);
#1812=EDGE_CURVE('',#2404,#2405,#2879,.T.);
#1813=EDGE_CURVE('',#2405,#2406,#94,.T.);
#1814=EDGE_CURVE('',#2406,#2407,#95,.T.);
#1815=EDGE_CURVE('',#2407,#2408,#2880,.T.);
#1816=EDGE_CURVE('',#2408,#2409,#96,.T.);
#1817=EDGE_CURVE('',#2409,#2410,#2881,.T.);
#1818=EDGE_CURVE('',#2410,#2411,#97,.T.);
#1819=EDGE_CURVE('',#2411,#2412,#2882,.T.);
#1820=EDGE_CURVE('',#2412,#2413,#98,.T.);
#1821=EDGE_CURVE('',#2413,#2414,#2883,.T.);
#1822=EDGE_CURVE('',#2414,#2415,#2884,.T.);
#1823=EDGE_CURVE('',#2415,#2400,#99,.T.);
#1824=EDGE_CURVE('',#2416,#2417,#2885,.T.);
#1825=EDGE_CURVE('',#2417,#2418,#2886,.T.);
#1826=EDGE_CURVE('',#2419,#2418,#2887,.T.);
#1827=EDGE_CURVE('',#2416,#2419,#2888,.T.);
#1828=EDGE_CURVE('',#2420,#2421,#2889,.T.);
#1829=EDGE_CURVE('',#2420,#2422,#278,.F.);
#1830=EDGE_CURVE('',#2423,#2422,#2890,.T.);
#1831=EDGE_CURVE('',#2423,#2424,#279,.F.);
#1832=EDGE_CURVE('',#2425,#2424,#2891,.T.);
#1833=EDGE_CURVE('',#2425,#2426,#280,.F.);
#1834=EDGE_CURVE('',#2426,#2427,#2892,.T.);
#1835=EDGE_CURVE('',#2427,#2421,#281,.F.);
#1836=EDGE_CURVE('',#2428,#2429,#100,.T.);
#1837=EDGE_CURVE('',#2429,#2430,#2893,.T.);
#1838=EDGE_CURVE('',#2430,#2431,#101,.T.);
#1839=EDGE_CURVE('',#2431,#2432,#2894,.T.);
#1840=EDGE_CURVE('',#2432,#2433,#102,.T.);
#1841=EDGE_CURVE('',#2433,#2434,#2895,.T.);
#1842=EDGE_CURVE('',#2434,#2435,#103,.T.);
#1843=EDGE_CURVE('',#2435,#2436,#2896,.T.);
#1844=EDGE_CURVE('',#2436,#2437,#2897,.T.);
#1845=EDGE_CURVE('',#2437,#2438,#104,.T.);
#1846=EDGE_CURVE('',#2438,#2439,#2898,.T.);
#1847=EDGE_CURVE('',#2439,#2440,#105,.T.);
#1848=EDGE_CURVE('',#2440,#2441,#2899,.T.);
#1849=EDGE_CURVE('',#2441,#2442,#106,.T.);
#1850=EDGE_CURVE('',#2442,#2443,#2900,.T.);
#1851=EDGE_CURVE('',#2443,#2444,#107,.T.);
#1852=EDGE_CURVE('',#2444,#2445,#2901,.T.);
#1853=EDGE_CURVE('',#2445,#2446,#108,.T.);
#1854=EDGE_CURVE('',#2446,#2447,#109,.T.);
#1855=EDGE_CURVE('',#2447,#2448,#2902,.T.);
#1856=EDGE_CURVE('',#2448,#2449,#110,.T.);
#1857=EDGE_CURVE('',#2449,#2428,#2903,.T.);
#1858=EDGE_CURVE('',#2450,#2451,#111,.T.);
#1859=EDGE_CURVE('',#2451,#2452,#2904,.T.);
#1860=EDGE_CURVE('',#2452,#2453,#112,.T.);
#1861=EDGE_CURVE('',#2453,#2454,#113,.T.);
#1862=EDGE_CURVE('',#2454,#2455,#2905,.T.);
#1863=EDGE_CURVE('',#2455,#2456,#2906,.T.);
#1864=EDGE_CURVE('',#2456,#2457,#114,.T.);
#1865=EDGE_CURVE('',#2457,#2458,#115,.T.);
#1866=EDGE_CURVE('',#2458,#2459,#2907,.T.);
#1867=EDGE_CURVE('',#2459,#2460,#116,.T.);
#1868=EDGE_CURVE('',#2460,#2461,#2908,.T.);
#1869=EDGE_CURVE('',#2461,#2462,#2909,.T.);
#1870=EDGE_CURVE('',#2462,#2463,#2910,.T.);
#1871=EDGE_CURVE('',#2463,#2464,#117,.T.);
#1872=EDGE_CURVE('',#2464,#2465,#2911,.T.);
#1873=EDGE_CURVE('',#2465,#2466,#118,.T.);
#1874=EDGE_CURVE('',#2466,#2467,#282,.F.);
#1875=EDGE_CURVE('',#2467,#2468,#2912,.T.);
#1876=EDGE_CURVE('',#2468,#2469,#2913,.T.);
#1877=EDGE_CURVE('',#2469,#2470,#119,.T.);
#1878=EDGE_CURVE('',#2470,#2471,#120,.T.);
#1879=EDGE_CURVE('',#2471,#2472,#2914,.T.);
#1880=EDGE_CURVE('',#2472,#2473,#121,.T.);
#1881=EDGE_CURVE('',#2473,#2474,#2915,.T.);
#1882=EDGE_CURVE('',#2474,#2475,#2916,.T.);
#1883=EDGE_CURVE('',#2475,#2450,#2917,.T.);
#1884=EDGE_CURVE('',#2476,#2477,#122,.T.);
#1885=EDGE_CURVE('',#2477,#2478,#2918,.T.);
#1886=EDGE_CURVE('',#2478,#2479,#123,.T.);
#1887=EDGE_CURVE('',#2479,#2480,#2919,.T.);
#1888=EDGE_CURVE('',#2480,#2481,#124,.T.);
#1889=EDGE_CURVE('',#2481,#2482,#2920,.T.);
#1890=EDGE_CURVE('',#2482,#2483,#125,.T.);
#1891=EDGE_CURVE('',#2483,#2484,#2921,.T.);
#1892=EDGE_CURVE('',#2484,#2485,#2922,.T.);
#1893=EDGE_CURVE('',#2485,#2486,#126,.T.);
#1894=EDGE_CURVE('',#2486,#2487,#283,.F.);
#1895=EDGE_CURVE('',#2487,#2488,#2923,.T.);
#1896=EDGE_CURVE('',#2488,#2489,#127,.T.);
#1897=EDGE_CURVE('',#2489,#2490,#128,.T.);
#1898=EDGE_CURVE('',#2490,#2491,#2924,.T.);
#1899=EDGE_CURVE('',#2491,#2492,#129,.T.);
#1900=EDGE_CURVE('',#2492,#2493,#130,.T.);
#1901=EDGE_CURVE('',#2493,#2494,#2925,.T.);
#1902=EDGE_CURVE('',#2494,#2495,#284,.F.);
#1903=EDGE_CURVE('',#2495,#2496,#131,.T.);
#1904=EDGE_CURVE('',#2496,#2497,#2926,.T.);
#1905=EDGE_CURVE('',#2497,#2476,#2927,.T.);
#1906=EDGE_CURVE('',#2498,#2499,#132,.T.);
#1907=EDGE_CURVE('',#2499,#2500,#2928,.T.);
#1908=EDGE_CURVE('',#2500,#2501,#133,.T.);
#1909=EDGE_CURVE('',#2501,#2502,#2929,.T.);
#1910=EDGE_CURVE('',#2502,#2503,#134,.T.);
#1911=EDGE_CURVE('',#2503,#2504,#135,.T.);
#1912=EDGE_CURVE('',#2504,#2505,#2930,.T.);
#1913=EDGE_CURVE('',#2505,#2506,#136,.T.);
#1914=EDGE_CURVE('',#2506,#2507,#2931,.T.);
#1915=EDGE_CURVE('',#2507,#2508,#137,.T.);
#1916=EDGE_CURVE('',#2508,#2509,#2932,.T.);
#1917=EDGE_CURVE('',#2509,#2510,#138,.T.);
#1918=EDGE_CURVE('',#2510,#2511,#139,.T.);
#1919=EDGE_CURVE('',#2511,#2512,#140,.T.);
#1920=EDGE_CURVE('',#2512,#2513,#141,.T.);
#1921=EDGE_CURVE('',#2513,#2514,#2933,.T.);
#1922=EDGE_CURVE('',#2514,#2515,#142,.T.);
#1923=EDGE_CURVE('',#2515,#2516,#2934,.T.);
#1924=EDGE_CURVE('',#2516,#2517,#143,.T.);
#1925=EDGE_CURVE('',#2517,#2518,#144,.T.);
#1926=EDGE_CURVE('',#2518,#2519,#2935,.T.);
#1927=EDGE_CURVE('',#2519,#2520,#145,.T.);
#1928=EDGE_CURVE('',#2520,#2521,#2936,.T.);
#1929=EDGE_CURVE('',#2521,#2522,#146,.T.);
#1930=EDGE_CURVE('',#2522,#2523,#2937,.T.);
#1931=EDGE_CURVE('',#2523,#2524,#147,.T.);
#1932=EDGE_CURVE('',#2524,#2498,#148,.T.);
#1933=EDGE_CURVE('',#2525,#2526,#2938,.T.);
#1934=EDGE_CURVE('',#2525,#2527,#2939,.T.);
#1935=EDGE_CURVE('',#2527,#2528,#2940,.T.);
#1936=EDGE_CURVE('',#2526,#2528,#2941,.T.);
#1937=EDGE_CURVE('',#2526,#2529,#2942,.T.);
#1938=EDGE_CURVE('',#2528,#2530,#2943,.T.);
#1939=EDGE_CURVE('',#2529,#2530,#2944,.T.);
#1940=EDGE_CURVE('',#2531,#2532,#2945,.T.);
#1941=EDGE_CURVE('',#2531,#2529,#2946,.T.);
#1942=EDGE_CURVE('',#2532,#2530,#2947,.T.);
#1943=EDGE_CURVE('',#2525,#2531,#2948,.T.);
#1944=EDGE_CURVE('',#2533,#2532,#2949,.T.);
#1945=EDGE_CURVE('',#2534,#2533,#2950,.T.);
#1946=EDGE_CURVE('',#2535,#2534,#2951,.T.);
#1947=EDGE_CURVE('',#2535,#2536,#2952,.T.);
#1948=EDGE_CURVE('',#2527,#2536,#2953,.T.);
#1949=EDGE_CURVE('',#2537,#2538,#2954,.T.);
#1950=EDGE_CURVE('',#2538,#2539,#2955,.T.);
#1951=EDGE_CURVE('',#2540,#2539,#2956,.T.);
#1952=EDGE_CURVE('',#2537,#2540,#2957,.T.);
#1953=EDGE_CURVE('',#2533,#2541,#2958,.T.);
#1954=EDGE_CURVE('',#2536,#2542,#2959,.T.);
#1955=EDGE_CURVE('',#2541,#2542,#2960,.T.);
#1956=EDGE_CURVE('',#2416,#2537,#2961,.T.);
#1957=EDGE_CURVE('',#2419,#2538,#2962,.T.);
#1958=EDGE_CURVE('',#2417,#2540,#2963,.T.);
#1959=EDGE_CURVE('',#2418,#2539,#2964,.T.);
#1960=EDGE_CURVE('',#2543,#2541,#2965,.T.);
#1961=EDGE_CURVE('',#2534,#2543,#2966,.T.);
#1962=EDGE_CURVE('',#2544,#2542,#2967,.T.);
#1963=EDGE_CURVE('',#2543,#2544,#2968,.T.);
#1964=EDGE_CURVE('',#2535,#2544,#2969,.T.);
#1965=EDGE_CURVE('',#2421,#2545,#2970,.F.);
#1966=EDGE_CURVE('',#2546,#2545,#2971,.T.);
#1967=EDGE_CURVE('',#2546,#2420,#2972,.T.);
#1968=EDGE_CURVE('',#2422,#2547,#2973,.F.);
#1969=EDGE_CURVE('',#2548,#2547,#2974,.T.);
#1970=EDGE_CURVE('',#2548,#2423,#2975,.T.);
#1971=EDGE_CURVE('',#2549,#2550,#2976,.T.);
#1972=EDGE_CURVE('',#2549,#2425,#2977,.T.);
#1973=EDGE_CURVE('',#2424,#2550,#2978,.F.);
#1974=EDGE_CURVE('',#2426,#2551,#2979,.F.);
#1975=EDGE_CURVE('',#2551,#2552,#2980,.T.);
#1976=EDGE_CURVE('',#2552,#2427,#2981,.T.);
#1977=EDGE_CURVE('',#2547,#2546,#285,.T.);
#1978=EDGE_CURVE('',#2545,#2552,#286,.T.);
#1979=EDGE_CURVE('',#2551,#2549,#287,.T.);
#1980=EDGE_CURVE('',#2550,#2548,#288,.T.);
#1981=EDGE_CURVE('',#2553,#2429,#2982,.T.);
#1982=EDGE_CURVE('',#2553,#2554,#2983,.T.);
#1983=EDGE_CURVE('',#2554,#2430,#2984,.T.);
#1984=EDGE_CURVE('',#2555,#2428,#2985,.T.);
#1985=EDGE_CURVE('',#2555,#2553,#149,.T.);
#1986=EDGE_CURVE('',#2556,#2449,#2986,.T.);
#1987=EDGE_CURVE('',#2556,#2555,#2987,.T.);
#1988=EDGE_CURVE('',#2557,#2448,#2988,.T.);
#1989=EDGE_CURVE('',#2557,#2556,#150,.T.);
#1990=EDGE_CURVE('',#2558,#2447,#2989,.T.);
#1991=EDGE_CURVE('',#2558,#2557,#2990,.T.);
#1992=EDGE_CURVE('',#2559,#2446,#2991,.T.);
#1993=EDGE_CURVE('',#2559,#2558,#151,.T.);
#1994=EDGE_CURVE('',#2560,#2445,#2992,.T.);
#1995=EDGE_CURVE('',#2560,#2559,#152,.T.);
#1996=EDGE_CURVE('',#2561,#2444,#2993,.T.);
#1997=EDGE_CURVE('',#2561,#2560,#2994,.T.);
#1998=EDGE_CURVE('',#2562,#2443,#2995,.T.);
#1999=EDGE_CURVE('',#2562,#2561,#153,.T.);
#2000=EDGE_CURVE('',#2563,#2442,#2996,.T.);
#2001=EDGE_CURVE('',#2563,#2562,#2997,.T.);
#2002=EDGE_CURVE('',#2564,#2441,#2998,.T.);
#2003=EDGE_CURVE('',#2564,#2563,#154,.T.);
#2004=EDGE_CURVE('',#2565,#2440,#2999,.T.);
#2005=EDGE_CURVE('',#2565,#2564,#3000,.T.);
#2006=EDGE_CURVE('',#2566,#2439,#3001,.T.);
#2007=EDGE_CURVE('',#2566,#2565,#155,.T.);
#2008=EDGE_CURVE('',#2567,#2438,#3002,.T.);
#2009=EDGE_CURVE('',#2567,#2566,#3003,.T.);
#2010=EDGE_CURVE('',#2568,#2437,#3004,.T.);
#2011=EDGE_CURVE('',#2568,#2567,#156,.T.);
#2012=EDGE_CURVE('',#2569,#2436,#3005,.T.);
#2013=EDGE_CURVE('',#2569,#2568,#3006,.T.);
#2014=EDGE_CURVE('',#2570,#2435,#3007,.T.);
#2015=EDGE_CURVE('',#2570,#2569,#3008,.T.);
#2016=EDGE_CURVE('',#2571,#2434,#3009,.T.);
#2017=EDGE_CURVE('',#2571,#2570,#157,.T.);
#2018=EDGE_CURVE('',#2572,#2433,#3010,.T.);
#2019=EDGE_CURVE('',#2572,#2571,#3011,.T.);
#2020=EDGE_CURVE('',#2573,#2432,#3012,.T.);
#2021=EDGE_CURVE('',#2573,#2572,#158,.T.);
#2022=EDGE_CURVE('',#2574,#2431,#3013,.T.);
#2023=EDGE_CURVE('',#2574,#2573,#3014,.T.);
#2024=EDGE_CURVE('',#2554,#2574,#159,.T.);
#2025=EDGE_CURVE('',#2575,#2451,#3015,.T.);
#2026=EDGE_CURVE('',#2575,#2576,#3016,.T.);
#2027=EDGE_CURVE('',#2576,#2452,#3017,.T.);
#2028=EDGE_CURVE('',#2577,#2450,#3018,.T.);
#2029=EDGE_CURVE('',#2577,#2575,#160,.T.);
#2030=EDGE_CURVE('',#2578,#2475,#3019,.T.);
#2031=EDGE_CURVE('',#2578,#2577,#3020,.T.);
#2032=EDGE_CURVE('',#2579,#2474,#3021,.T.);
#2033=EDGE_CURVE('',#2579,#2578,#3022,.T.);
#2034=EDGE_CURVE('',#2580,#2473,#3023,.T.);
#2035=EDGE_CURVE('',#2580,#2579,#3024,.T.);
#2036=EDGE_CURVE('',#2581,#2472,#3025,.T.);
#2037=EDGE_CURVE('',#2581,#2580,#161,.T.);
#2038=EDGE_CURVE('',#2582,#2471,#3026,.T.);
#2039=EDGE_CURVE('',#2582,#2581,#3027,.T.);
#2040=EDGE_CURVE('',#2583,#2470,#3028,.T.);
#2041=EDGE_CURVE('',#2583,#2582,#162,.T.);
#2042=EDGE_CURVE('',#2584,#2469,#3029,.T.);
#2043=EDGE_CURVE('',#2584,#2583,#163,.T.);
#2044=EDGE_CURVE('',#2585,#2468,#3030,.T.);
#2045=EDGE_CURVE('',#2585,#2584,#3031,.T.);
#2046=EDGE_CURVE('',#2586,#2467,#3032,.T.);
#2047=EDGE_CURVE('',#2586,#2585,#3033,.T.);
#2048=EDGE_CURVE('',#2587,#2466,#3034,.T.);
#2049=EDGE_CURVE('',#2587,#2586,#289,.F.);
#2050=EDGE_CURVE('',#2588,#2465,#3035,.T.);
#2051=EDGE_CURVE('',#2588,#2587,#164,.T.);
#2052=EDGE_CURVE('',#2589,#2464,#3036,.T.);
#2053=EDGE_CURVE('',#2589,#2588,#3037,.T.);
#2054=EDGE_CURVE('',#2590,#2463,#3038,.T.);
#2055=EDGE_CURVE('',#2590,#2589,#165,.T.);
#2056=EDGE_CURVE('',#2591,#2462,#3039,.T.);
#2057=EDGE_CURVE('',#2591,#2590,#3040,.T.);
#2058=EDGE_CURVE('',#2592,#2461,#3041,.T.);
#2059=EDGE_CURVE('',#2592,#2591,#3042,.T.);
#2060=EDGE_CURVE('',#2593,#2460,#3043,.T.);
#2061=EDGE_CURVE('',#2593,#2592,#3044,.T.);
#2062=EDGE_CURVE('',#2594,#2459,#3045,.T.);
#2063=EDGE_CURVE('',#2594,#2593,#166,.T.);
#2064=EDGE_CURVE('',#2595,#2458,#3046,.T.);
#2065=EDGE_CURVE('',#2595,#2594,#3047,.T.);
#2066=EDGE_CURVE('',#2596,#2457,#3048,.T.);
#2067=EDGE_CURVE('',#2596,#2595,#167,.T.);
#2068=EDGE_CURVE('',#2597,#2456,#3049,.T.);
#2069=EDGE_CURVE('',#2597,#2596,#168,.T.);
#2070=EDGE_CURVE('',#2598,#2455,#3050,.T.);
#2071=EDGE_CURVE('',#2598,#2597,#3051,.T.);
#2072=EDGE_CURVE('',#2599,#2454,#3052,.T.);
#2073=EDGE_CURVE('',#2599,#2598,#3053,.T.);
#2074=EDGE_CURVE('',#2600,#2453,#3054,.T.);
#2075=EDGE_CURVE('',#2600,#2599,#169,.T.);
#2076=EDGE_CURVE('',#2576,#2600,#170,.T.);
#2077=EDGE_CURVE('',#2601,#2602,#3055,.T.);
#2078=EDGE_CURVE('',#2603,#2601,#3056,.T.);
#2079=EDGE_CURVE('',#2603,#2604,#3057,.T.);
#2080=EDGE_CURVE('',#2604,#2602,#3058,.T.);
#2081=EDGE_CURVE('',#2605,#2601,#171,.T.);
#2082=EDGE_CURVE('',#2606,#2605,#3059,.T.);
#2083=EDGE_CURVE('',#2606,#2603,#172,.T.);
#2084=EDGE_CURVE('',#2607,#2605,#3060,.T.);
#2085=EDGE_CURVE('',#2608,#2607,#3061,.T.);
#2086=EDGE_CURVE('',#2608,#2606,#3062,.T.);
#2087=EDGE_CURVE('',#2609,#2607,#173,.T.);
#2088=EDGE_CURVE('',#2610,#2609,#3063,.T.);
#2089=EDGE_CURVE('',#2610,#2608,#174,.T.);
#2090=EDGE_CURVE('',#2611,#2609,#175,.T.);
#2091=EDGE_CURVE('',#2612,#2611,#3064,.T.);
#2092=EDGE_CURVE('',#2612,#2610,#176,.T.);
#2093=EDGE_CURVE('',#2613,#2611,#3065,.T.);
#2094=EDGE_CURVE('',#2614,#2613,#3066,.T.);
#2095=EDGE_CURVE('',#2614,#2612,#3067,.T.);
#2096=EDGE_CURVE('',#2615,#2613,#177,.T.);
#2097=EDGE_CURVE('',#2616,#2615,#3068,.T.);
#2098=EDGE_CURVE('',#2616,#2614,#178,.T.);
#2099=EDGE_CURVE('',#2617,#2615,#179,.T.);
#2100=EDGE_CURVE('',#2618,#2617,#3069,.T.);
#2101=EDGE_CURVE('',#2618,#2616,#180,.T.);
#2102=EDGE_CURVE('',#2619,#2617,#3070,.T.);
#2103=EDGE_CURVE('',#2620,#2619,#3071,.T.);
#2104=EDGE_CURVE('',#2620,#2618,#3072,.T.);
#2105=EDGE_CURVE('',#2621,#2401,#3073,.T.);
#2106=EDGE_CURVE('',#2621,#2622,#3074,.T.);
#2107=EDGE_CURVE('',#2622,#2402,#3075,.T.);
#2108=EDGE_CURVE('',#2623,#2400,#3076,.T.);
#2109=EDGE_CURVE('',#2623,#2621,#290,.F.);
#2110=EDGE_CURVE('',#2624,#2415,#3077,.T.);
#2111=EDGE_CURVE('',#2624,#2623,#181,.T.);
#2112=EDGE_CURVE('',#2625,#2414,#3078,.T.);
#2113=EDGE_CURVE('',#2625,#2624,#3079,.T.);
#2114=EDGE_CURVE('',#2626,#2413,#3080,.T.);
#2115=EDGE_CURVE('',#2626,#2625,#3081,.T.);
#2116=EDGE_CURVE('',#2627,#2412,#3082,.T.);
#2117=EDGE_CURVE('',#2627,#2626,#182,.T.);
#2118=EDGE_CURVE('',#2628,#2411,#3083,.T.);
#2119=EDGE_CURVE('',#2628,#2627,#3084,.T.);
#2120=EDGE_CURVE('',#2629,#2410,#3085,.T.);
#2121=EDGE_CURVE('',#2629,#2628,#183,.T.);
#2122=EDGE_CURVE('',#2630,#2409,#3086,.T.);
#2123=EDGE_CURVE('',#2630,#2629,#3087,.T.);
#2124=EDGE_CURVE('',#2631,#2408,#3088,.T.);
#2125=EDGE_CURVE('',#2631,#2630,#184,.T.);
#2126=EDGE_CURVE('',#2632,#2407,#3089,.T.);
#2127=EDGE_CURVE('',#2632,#2631,#3090,.T.);
#2128=EDGE_CURVE('',#2633,#2406,#3091,.T.);
#2129=EDGE_CURVE('',#2633,#2632,#185,.T.);
#2130=EDGE_CURVE('',#2634,#2405,#3092,.T.);
#2131=EDGE_CURVE('',#2634,#2633,#186,.T.);
#2132=EDGE_CURVE('',#2635,#2404,#3093,.T.);
#2133=EDGE_CURVE('',#2635,#2634,#3094,.T.);
#2134=EDGE_CURVE('',#2636,#2403,#3095,.T.);
#2135=EDGE_CURVE('',#2636,#2635,#187,.T.);
#2136=EDGE_CURVE('',#2622,#2636,#188,.T.);
#2137=EDGE_CURVE('',#2602,#2619,#189,.T.);
#2138=EDGE_CURVE('',#2604,#2620,#190,.T.);
#2139=EDGE_CURVE('',#2637,#2638,#3096,.T.);
#2140=EDGE_CURVE('',#2639,#2637,#3097,.T.);
#2141=EDGE_CURVE('',#2639,#2640,#3098,.T.);
#2142=EDGE_CURVE('',#2640,#2638,#3099,.T.);
#2143=EDGE_CURVE('',#2641,#2637,#191,.T.);
#2144=EDGE_CURVE('',#2642,#2641,#3100,.T.);
#2145=EDGE_CURVE('',#2642,#2639,#192,.T.);
#2146=EDGE_CURVE('',#2643,#2641,#3101,.T.);
#2147=EDGE_CURVE('',#2644,#2643,#3102,.T.);
#2148=EDGE_CURVE('',#2644,#2642,#3103,.T.);
#2149=EDGE_CURVE('',#2645,#2643,#193,.T.);
#2150=EDGE_CURVE('',#2646,#2645,#3104,.T.);
#2151=EDGE_CURVE('',#2646,#2644,#194,.T.);
#2152=EDGE_CURVE('',#2647,#2645,#3105,.T.);
#2153=EDGE_CURVE('',#2648,#2647,#3106,.T.);
#2154=EDGE_CURVE('',#2648,#2646,#3107,.T.);
#2155=EDGE_CURVE('',#2649,#2647,#195,.T.);
#2156=EDGE_CURVE('',#2650,#2649,#3108,.T.);
#2157=EDGE_CURVE('',#2650,#2648,#196,.T.);
#2158=EDGE_CURVE('',#2651,#2649,#197,.T.);
#2159=EDGE_CURVE('',#2652,#2651,#3109,.T.);
#2160=EDGE_CURVE('',#2652,#2650,#198,.T.);
#2161=EDGE_CURVE('',#2653,#2651,#3110,.T.);
#2162=EDGE_CURVE('',#2654,#2653,#3111,.T.);
#2163=EDGE_CURVE('',#2654,#2652,#3112,.T.);
#2164=EDGE_CURVE('',#2655,#2653,#199,.T.);
#2165=EDGE_CURVE('',#2656,#2655,#3113,.T.);
#2166=EDGE_CURVE('',#2656,#2654,#200,.T.);
#2167=EDGE_CURVE('',#2657,#2477,#3114,.T.);
#2168=EDGE_CURVE('',#2657,#2658,#3115,.T.);
#2169=EDGE_CURVE('',#2658,#2478,#3116,.T.);
#2170=EDGE_CURVE('',#2659,#2476,#3117,.T.);
#2171=EDGE_CURVE('',#2659,#2657,#201,.T.);
#2172=EDGE_CURVE('',#2660,#2497,#3118,.T.);
#2173=EDGE_CURVE('',#2660,#2659,#3119,.T.);
#2174=EDGE_CURVE('',#2661,#2496,#3120,.T.);
#2175=EDGE_CURVE('',#2661,#2660,#3121,.T.);
#2176=EDGE_CURVE('',#2662,#2495,#3122,.T.);
#2177=EDGE_CURVE('',#2662,#2661,#202,.T.);
#2178=EDGE_CURVE('',#2663,#2494,#3123,.T.);
#2179=EDGE_CURVE('',#2663,#2662,#291,.F.);
#2180=EDGE_CURVE('',#2664,#2493,#3124,.T.);
#2181=EDGE_CURVE('',#2664,#2663,#3125,.T.);
#2182=EDGE_CURVE('',#2665,#2492,#3126,.T.);
#2183=EDGE_CURVE('',#2665,#2664,#203,.T.);
#2184=EDGE_CURVE('',#2666,#2491,#3127,.T.);
#2185=EDGE_CURVE('',#2666,#2665,#204,.T.);
#2186=EDGE_CURVE('',#2667,#2490,#3128,.T.);
#2187=EDGE_CURVE('',#2667,#2666,#3129,.T.);
#2188=EDGE_CURVE('',#2668,#2489,#3130,.T.);
#2189=EDGE_CURVE('',#2668,#2667,#205,.T.);
#2190=EDGE_CURVE('',#2669,#2488,#3131,.T.);
#2191=EDGE_CURVE('',#2669,#2668,#206,.T.);
#2192=EDGE_CURVE('',#2670,#2487,#3132,.T.);
#2193=EDGE_CURVE('',#2670,#2669,#3133,.T.);
#2194=EDGE_CURVE('',#2671,#2486,#3134,.T.);
#2195=EDGE_CURVE('',#2671,#2670,#292,.F.);
#2196=EDGE_CURVE('',#2672,#2485,#3135,.T.);
#2197=EDGE_CURVE('',#2672,#2671,#207,.T.);
#2198=EDGE_CURVE('',#2673,#2484,#3136,.T.);
#2199=EDGE_CURVE('',#2673,#2672,#3137,.T.);
#2200=EDGE_CURVE('',#2674,#2483,#3138,.T.);
#2201=EDGE_CURVE('',#2674,#2673,#3139,.T.);
#2202=EDGE_CURVE('',#2675,#2482,#3140,.T.);
#2203=EDGE_CURVE('',#2675,#2674,#208,.T.);
#2204=EDGE_CURVE('',#2676,#2481,#3141,.T.);
#2205=EDGE_CURVE('',#2676,#2675,#3142,.T.);
#2206=EDGE_CURVE('',#2677,#2480,#3143,.T.);
#2207=EDGE_CURVE('',#2677,#2676,#209,.T.);
#2208=EDGE_CURVE('',#2678,#2479,#3144,.T.);
#2209=EDGE_CURVE('',#2678,#2677,#3145,.T.);
#2210=EDGE_CURVE('',#2658,#2678,#210,.T.);
#2211=EDGE_CURVE('',#2638,#2655,#211,.T.);
#2212=EDGE_CURVE('',#2640,#2656,#212,.T.);
#2213=EDGE_CURVE('',#2679,#2499,#3146,.T.);
#2214=EDGE_CURVE('',#2679,#2680,#3147,.T.);
#2215=EDGE_CURVE('',#2680,#2500,#3148,.T.);
#2216=EDGE_CURVE('',#2681,#2498,#3149,.T.);
#2217=EDGE_CURVE('',#2681,#2679,#213,.T.);
#2218=EDGE_CURVE('',#2682,#2524,#3150,.T.);
#2219=EDGE_CURVE('',#2682,#2681,#214,.T.);
#2220=EDGE_CURVE('',#2683,#2523,#3151,.T.);
#2221=EDGE_CURVE('',#2683,#2682,#215,.T.);
#2222=EDGE_CURVE('',#2684,#2522,#3152,.T.);
#2223=EDGE_CURVE('',#2684,#2683,#3153,.T.);
#2224=EDGE_CURVE('',#2685,#2521,#3154,.T.);
#2225=EDGE_CURVE('',#2685,#2684,#216,.T.);
#2226=EDGE_CURVE('',#2686,#2520,#3155,.T.);
#2227=EDGE_CURVE('',#2686,#2685,#3156,.T.);
#2228=EDGE_CURVE('',#2687,#2519,#3157,.T.);
#2229=EDGE_CURVE('',#2687,#2686,#217,.T.);
#2230=EDGE_CURVE('',#2688,#2518,#3158,.T.);
#2231=EDGE_CURVE('',#2688,#2687,#3159,.T.);
#2232=EDGE_CURVE('',#2689,#2517,#3160,.T.);
#2233=EDGE_CURVE('',#2689,#2688,#218,.T.);
#2234=EDGE_CURVE('',#2690,#2516,#3161,.T.);
#2235=EDGE_CURVE('',#2690,#2689,#219,.T.);
#2236=EDGE_CURVE('',#2691,#2515,#3162,.T.);
#2237=EDGE_CURVE('',#2691,#2690,#3163,.T.);
#2238=EDGE_CURVE('',#2692,#2514,#3164,.T.);
#2239=EDGE_CURVE('',#2692,#2691,#220,.T.);
#2240=EDGE_CURVE('',#2693,#2513,#3165,.T.);
#2241=EDGE_CURVE('',#2693,#2692,#3166,.T.);
#2242=EDGE_CURVE('',#2694,#2512,#3167,.T.);
#2243=EDGE_CURVE('',#2694,#2693,#221,.T.);
#2244=EDGE_CURVE('',#2695,#2511,#3168,.T.);
#2245=EDGE_CURVE('',#2695,#2694,#222,.T.);
#2246=EDGE_CURVE('',#2696,#2510,#3169,.T.);
#2247=EDGE_CURVE('',#2696,#2695,#223,.T.);
#2248=EDGE_CURVE('',#2697,#2509,#3170,.T.);
#2249=EDGE_CURVE('',#2697,#2696,#224,.T.);
#2250=EDGE_CURVE('',#2698,#2508,#3171,.T.);
#2251=EDGE_CURVE('',#2698,#2697,#3172,.T.);
#2252=EDGE_CURVE('',#2699,#2507,#3173,.T.);
#2253=EDGE_CURVE('',#2699,#2698,#225,.T.);
#2254=EDGE_CURVE('',#2700,#2506,#3174,.T.);
#2255=EDGE_CURVE('',#2700,#2699,#3175,.T.);
#2256=EDGE_CURVE('',#2701,#2505,#3176,.T.);
#2257=EDGE_CURVE('',#2701,#2700,#226,.T.);
#2258=EDGE_CURVE('',#2702,#2504,#3177,.T.);
#2259=EDGE_CURVE('',#2702,#2701,#3178,.T.);
#2260=EDGE_CURVE('',#2703,#2503,#3179,.T.);
#2261=EDGE_CURVE('',#2703,#2702,#227,.T.);
#2262=EDGE_CURVE('',#2704,#2502,#3180,.T.);
#2263=EDGE_CURVE('',#2704,#2703,#228,.T.);
#2264=EDGE_CURVE('',#2705,#2501,#3181,.T.);
#2265=EDGE_CURVE('',#2705,#2704,#3182,.T.);
#2266=EDGE_CURVE('',#2680,#2705,#229,.T.);
#2267=VERTEX_POINT('',#5665);
#2268=VERTEX_POINT('',#5666);
#2269=VERTEX_POINT('',#5668);
#2270=VERTEX_POINT('',#5670);
#2271=VERTEX_POINT('',#5674);
#2272=VERTEX_POINT('',#5675);
#2273=VERTEX_POINT('',#5677);
#2274=VERTEX_POINT('',#5679);
#2275=VERTEX_POINT('',#5681);
#2276=VERTEX_POINT('',#5683);
#2277=VERTEX_POINT('',#5685);
#2278=VERTEX_POINT('',#5687);
#2279=VERTEX_POINT('',#5691);
#2280=VERTEX_POINT('',#5693);
#2281=VERTEX_POINT('',#5695);
#2282=VERTEX_POINT('',#5697);
#2283=VERTEX_POINT('',#5699);
#2284=VERTEX_POINT('',#5701);
#2285=VERTEX_POINT('',#5705);
#2286=VERTEX_POINT('',#5707);
#2287=VERTEX_POINT('',#5709);
#2288=VERTEX_POINT('',#5711);
#2289=VERTEX_POINT('',#5713);
#2290=VERTEX_POINT('',#5715);
#2291=VERTEX_POINT('',#5719);
#2292=VERTEX_POINT('',#5720);
#2293=VERTEX_POINT('',#5722);
#2294=VERTEX_POINT('',#5724);
#2295=VERTEX_POINT('',#5726);
#2296=VERTEX_POINT('',#5728);
#2297=VERTEX_POINT('',#5730);
#2298=VERTEX_POINT('',#5732);
#2299=VERTEX_POINT('',#5735);
#2300=VERTEX_POINT('',#5736);
#2301=VERTEX_POINT('',#5738);
#2302=VERTEX_POINT('',#5740);
#2303=VERTEX_POINT('',#5742);
#2304=VERTEX_POINT('',#5744);
#2305=VERTEX_POINT('',#5746);
#2306=VERTEX_POINT('',#5748);
#2307=VERTEX_POINT('',#5751);
#2308=VERTEX_POINT('',#5752);
#2309=VERTEX_POINT('',#5754);
#2310=VERTEX_POINT('',#5756);
#2311=VERTEX_POINT('',#5758);
#2312=VERTEX_POINT('',#5760);
#2313=VERTEX_POINT('',#5762);
#2314=VERTEX_POINT('',#5764);
#2315=VERTEX_POINT('',#5768);
#2316=VERTEX_POINT('',#5770);
#2317=VERTEX_POINT('',#5773);
#2318=VERTEX_POINT('',#5774);
#2319=VERTEX_POINT('',#5776);
#2320=VERTEX_POINT('',#5778);
#2321=VERTEX_POINT('',#5780);
#2322=VERTEX_POINT('',#5782);
#2323=VERTEX_POINT('',#5784);
#2324=VERTEX_POINT('',#5786);
#2325=VERTEX_POINT('',#5789);
#2326=VERTEX_POINT('',#5790);
#2327=VERTEX_POINT('',#5792);
#2328=VERTEX_POINT('',#5794);
#2329=VERTEX_POINT('',#5796);
#2330=VERTEX_POINT('',#5798);
#2331=VERTEX_POINT('',#5800);
#2332=VERTEX_POINT('',#5802);
#2333=VERTEX_POINT('',#5806);
#2334=VERTEX_POINT('',#5807);
#2335=VERTEX_POINT('',#5809);
#2336=VERTEX_POINT('',#5811);
#2337=VERTEX_POINT('',#5813);
#2338=VERTEX_POINT('',#5815);
#2339=VERTEX_POINT('',#5817);
#2340=VERTEX_POINT('',#5819);
#2341=VERTEX_POINT('',#5823);
#2342=VERTEX_POINT('',#5824);
#2343=VERTEX_POINT('',#5830);
#2344=VERTEX_POINT('',#5831);
#2345=VERTEX_POINT('',#5836);
#2346=VERTEX_POINT('',#5838);
#2347=VERTEX_POINT('',#5842);
#2348=VERTEX_POINT('',#5843);
#2349=VERTEX_POINT('',#5845);
#2350=VERTEX_POINT('',#5847);
#2351=VERTEX_POINT('',#5850);
#2352=VERTEX_POINT('',#5851);
#2353=VERTEX_POINT('',#5853);
#2354=VERTEX_POINT('',#5855);
#2355=VERTEX_POINT('',#5857);
#2356=VERTEX_POINT('',#5859);
#2357=VERTEX_POINT('',#5861);
#2358=VERTEX_POINT('',#5863);
#2359=VERTEX_POINT('',#5867);
#2360=VERTEX_POINT('',#5868);
#2361=VERTEX_POINT('',#5870);
#2362=VERTEX_POINT('',#5872);
#2363=VERTEX_POINT('',#5875);
#2364=VERTEX_POINT('',#5876);
#2365=VERTEX_POINT('',#5878);
#2366=VERTEX_POINT('',#5880);
#2367=VERTEX_POINT('',#5883);
#2368=VERTEX_POINT('',#5885);
#2369=VERTEX_POINT('',#5887);
#2370=VERTEX_POINT('',#5894);
#2371=VERTEX_POINT('',#5895);
#2372=VERTEX_POINT('',#5897);
#2373=VERTEX_POINT('',#5900);
#2374=VERTEX_POINT('',#5903);
#2375=VERTEX_POINT('',#5905);
#2376=VERTEX_POINT('',#5907);
#2377=VERTEX_POINT('',#5909);
#2378=VERTEX_POINT('',#5911);
#2379=VERTEX_POINT('',#5915);
#2380=VERTEX_POINT('',#5917);
#2381=VERTEX_POINT('',#5922);
#2382=VERTEX_POINT('',#5924);
#2383=VERTEX_POINT('',#5927);
#2384=VERTEX_POINT('',#5933);
#2385=VERTEX_POINT('',#5934);
#2386=VERTEX_POINT('',#5942);
#2387=VERTEX_POINT('',#5944);
#2388=VERTEX_POINT('',#5950);
#2389=VERTEX_POINT('',#5951);
#2390=VERTEX_POINT('',#5953);
#2391=VERTEX_POINT('',#5955);
#2392=VERTEX_POINT('',#5986);
#2393=VERTEX_POINT('',#5988);
#2394=VERTEX_POINT('',#5996);
#2395=VERTEX_POINT('',#5999);
#2396=VERTEX_POINT('',#6003);
#2397=VERTEX_POINT('',#6015);
#2398=VERTEX_POINT('',#6021);
#2399=VERTEX_POINT('',#6027);
#2400=VERTEX_POINT('',#6073);
#2401=VERTEX_POINT('',#6074);
#2402=VERTEX_POINT('',#6076);
#2403=VERTEX_POINT('',#6080);
#2404=VERTEX_POINT('',#6084);
#2405=VERTEX_POINT('',#6086);
#2406=VERTEX_POINT('',#6090);
#2407=VERTEX_POINT('',#6094);
#2408=VERTEX_POINT('',#6096);
#2409=VERTEX_POINT('',#6100);
#2410=VERTEX_POINT('',#6102);
#2411=VERTEX_POINT('',#6106);
#2412=VERTEX_POINT('',#6108);
#2413=VERTEX_POINT('',#6112);
#2414=VERTEX_POINT('',#6114);
#2415=VERTEX_POINT('',#6116);
#2416=VERTEX_POINT('',#6121);
#2417=VERTEX_POINT('',#6122);
#2418=VERTEX_POINT('',#6124);
#2419=VERTEX_POINT('',#6126);
#2420=VERTEX_POINT('',#6129);
#2421=VERTEX_POINT('',#6130);
#2422=VERTEX_POINT('',#6132);
#2423=VERTEX_POINT('',#6134);
#2424=VERTEX_POINT('',#6136);
#2425=VERTEX_POINT('',#6138);
#2426=VERTEX_POINT('',#6140);
#2427=VERTEX_POINT('',#6142);
#2428=VERTEX_POINT('',#6147);
#2429=VERTEX_POINT('',#6148);
#2430=VERTEX_POINT('',#6150);
#2431=VERTEX_POINT('',#6154);
#2432=VERTEX_POINT('',#6156);
#2433=VERTEX_POINT('',#6160);
#2434=VERTEX_POINT('',#6162);
#2435=VERTEX_POINT('',#6166);
#2436=VERTEX_POINT('',#6168);
#2437=VERTEX_POINT('',#6170);
#2438=VERTEX_POINT('',#6174);
#2439=VERTEX_POINT('',#6176);
#2440=VERTEX_POINT('',#6180);
#2441=VERTEX_POINT('',#6182);
#2442=VERTEX_POINT('',#6186);
#2443=VERTEX_POINT('',#6188);
#2444=VERTEX_POINT('',#6192);
#2445=VERTEX_POINT('',#6194);
#2446=VERTEX_POINT('',#6198);
#2447=VERTEX_POINT('',#6202);
#2448=VERTEX_POINT('',#6204);
#2449=VERTEX_POINT('',#6208);
#2450=VERTEX_POINT('',#6213);
#2451=VERTEX_POINT('',#6214);
#2452=VERTEX_POINT('',#6216);
#2453=VERTEX_POINT('',#6220);
#2454=VERTEX_POINT('',#6224);
#2455=VERTEX_POINT('',#6226);
#2456=VERTEX_POINT('',#6228);
#2457=VERTEX_POINT('',#6232);
#2458=VERTEX_POINT('',#6236);
#2459=VERTEX_POINT('',#6238);
#2460=VERTEX_POINT('',#6242);
#2461=VERTEX_POINT('',#6244);
#2462=VERTEX_POINT('',#6246);
#2463=VERTEX_POINT('',#6248);
#2464=VERTEX_POINT('',#6252);
#2465=VERTEX_POINT('',#6254);
#2466=VERTEX_POINT('',#6258);
#2467=VERTEX_POINT('',#6260);
#2468=VERTEX_POINT('',#6262);
#2469=VERTEX_POINT('',#6264);
#2470=VERTEX_POINT('',#6268);
#2471=VERTEX_POINT('',#6272);
#2472=VERTEX_POINT('',#6274);
#2473=VERTEX_POINT('',#6278);
#2474=VERTEX_POINT('',#6280);
#2475=VERTEX_POINT('',#6282);
#2476=VERTEX_POINT('',#6287);
#2477=VERTEX_POINT('',#6288);
#2478=VERTEX_POINT('',#6290);
#2479=VERTEX_POINT('',#6294);
#2480=VERTEX_POINT('',#6296);
#2481=VERTEX_POINT('',#6300);
#2482=VERTEX_POINT('',#6302);
#2483=VERTEX_POINT('',#6306);
#2484=VERTEX_POINT('',#6308);
#2485=VERTEX_POINT('',#6310);
#2486=VERTEX_POINT('',#6314);
#2487=VERTEX_POINT('',#6316);
#2488=VERTEX_POINT('',#6318);
#2489=VERTEX_POINT('',#6322);
#2490=VERTEX_POINT('',#6326);
#2491=VERTEX_POINT('',#6328);
#2492=VERTEX_POINT('',#6332);
#2493=VERTEX_POINT('',#6336);
#2494=VERTEX_POINT('',#6338);
#2495=VERTEX_POINT('',#6340);
#2496=VERTEX_POINT('',#6344);
#2497=VERTEX_POINT('',#6346);
#2498=VERTEX_POINT('',#6351);
#2499=VERTEX_POINT('',#6352);
#2500=VERTEX_POINT('',#6354);
#2501=VERTEX_POINT('',#6358);
#2502=VERTEX_POINT('',#6360);
#2503=VERTEX_POINT('',#6364);
#2504=VERTEX_POINT('',#6368);
#2505=VERTEX_POINT('',#6370);
#2506=VERTEX_POINT('',#6374);
#2507=VERTEX_POINT('',#6376);
#2508=VERTEX_POINT('',#6380);
#2509=VERTEX_POINT('',#6382);
#2510=VERTEX_POINT('',#6386);
#2511=VERTEX_POINT('',#6390);
#2512=VERTEX_POINT('',#6394);
#2513=VERTEX_POINT('',#6398);
#2514=VERTEX_POINT('',#6400);
#2515=VERTEX_POINT('',#6404);
#2516=VERTEX_POINT('',#6406);
#2517=VERTEX_POINT('',#6410);
#2518=VERTEX_POINT('',#6414);
#2519=VERTEX_POINT('',#6416);
#2520=VERTEX_POINT('',#6420);
#2521=VERTEX_POINT('',#6422);
#2522=VERTEX_POINT('',#6426);
#2523=VERTEX_POINT('',#6428);
#2524=VERTEX_POINT('',#6432);
#2525=VERTEX_POINT('',#6438);
#2526=VERTEX_POINT('',#6439);
#2527=VERTEX_POINT('',#6441);
#2528=VERTEX_POINT('',#6443);
#2529=VERTEX_POINT('',#6447);
#2530=VERTEX_POINT('',#6449);
#2531=VERTEX_POINT('',#6453);
#2532=VERTEX_POINT('',#6454);
#2533=VERTEX_POINT('',#6460);
#2534=VERTEX_POINT('',#6462);
#2535=VERTEX_POINT('',#6464);
#2536=VERTEX_POINT('',#6466);
#2537=VERTEX_POINT('',#6470);
#2538=VERTEX_POINT('',#6471);
#2539=VERTEX_POINT('',#6473);
#2540=VERTEX_POINT('',#6475);
#2541=VERTEX_POINT('',#6478);
#2542=VERTEX_POINT('',#6480);
#2543=VERTEX_POINT('',#6492);
#2544=VERTEX_POINT('',#6496);
#2545=VERTEX_POINT('',#6503);
#2546=VERTEX_POINT('',#6505);
#2547=VERTEX_POINT('',#6509);
#2548=VERTEX_POINT('',#6511);
#2549=VERTEX_POINT('',#6515);
#2550=VERTEX_POINT('',#6516);
#2551=VERTEX_POINT('',#6521);
#2552=VERTEX_POINT('',#6523);
#2553=VERTEX_POINT('',#6536);
#2554=VERTEX_POINT('',#6538);
#2555=VERTEX_POINT('',#6549);
#2556=VERTEX_POINT('',#6555);
#2557=VERTEX_POINT('',#6566);
#2558=VERTEX_POINT('',#6572);
#2559=VERTEX_POINT('',#6583);
#2560=VERTEX_POINT('',#6596);
#2561=VERTEX_POINT('',#6602);
#2562=VERTEX_POINT('',#6613);
#2563=VERTEX_POINT('',#6619);
#2564=VERTEX_POINT('',#6630);
#2565=VERTEX_POINT('',#6636);
#2566=VERTEX_POINT('',#6647);
#2567=VERTEX_POINT('',#6653);
#2568=VERTEX_POINT('',#6664);
#2569=VERTEX_POINT('',#6670);
#2570=VERTEX_POINT('',#6674);
#2571=VERTEX_POINT('',#6685);
#2572=VERTEX_POINT('',#6691);
#2573=VERTEX_POINT('',#6702);
#2574=VERTEX_POINT('',#6708);
#2575=VERTEX_POINT('',#6724);
#2576=VERTEX_POINT('',#6726);
#2577=VERTEX_POINT('',#6737);
#2578=VERTEX_POINT('',#6743);
#2579=VERTEX_POINT('',#6747);
#2580=VERTEX_POINT('',#6751);
#2581=VERTEX_POINT('',#6762);
#2582=VERTEX_POINT('',#6768);
#2583=VERTEX_POINT('',#6779);
#2584=VERTEX_POINT('',#6792);
#2585=VERTEX_POINT('',#6798);
#2586=VERTEX_POINT('',#6802);
#2587=VERTEX_POINT('',#6806);
#2588=VERTEX_POINT('',#6817);
#2589=VERTEX_POINT('',#6823);
#2590=VERTEX_POINT('',#6834);
#2591=VERTEX_POINT('',#6840);
#2592=VERTEX_POINT('',#6844);
#2593=VERTEX_POINT('',#6848);
#2594=VERTEX_POINT('',#6859);
#2595=VERTEX_POINT('',#6865);
#2596=VERTEX_POINT('',#6876);
#2597=VERTEX_POINT('',#6889);
#2598=VERTEX_POINT('',#6895);
#2599=VERTEX_POINT('',#6899);
#2600=VERTEX_POINT('',#6910);
#2601=VERTEX_POINT('',#6928);
#2602=VERTEX_POINT('',#6929);
#2603=VERTEX_POINT('',#6931);
#2604=VERTEX_POINT('',#6933);
#2605=VERTEX_POINT('',#6946);
#2606=VERTEX_POINT('',#6948);
#2607=VERTEX_POINT('',#6954);
#2608=VERTEX_POINT('',#6956);
#2609=VERTEX_POINT('',#6969);
#2610=VERTEX_POINT('',#6971);
#2611=VERTEX_POINT('',#6986);
#2612=VERTEX_POINT('',#6988);
#2613=VERTEX_POINT('',#6994);
#2614=VERTEX_POINT('',#6996);
#2615=VERTEX_POINT('',#7009);
#2616=VERTEX_POINT('',#7011);
#2617=VERTEX_POINT('',#7026);
#2618=VERTEX_POINT('',#7028);
#2619=VERTEX_POINT('',#7034);
#2620=VERTEX_POINT('',#7036);
#2621=VERTEX_POINT('',#7040);
#2622=VERTEX_POINT('',#7042);
#2623=VERTEX_POINT('',#7046);
#2624=VERTEX_POINT('',#7057);
#2625=VERTEX_POINT('',#7063);
#2626=VERTEX_POINT('',#7067);
#2627=VERTEX_POINT('',#7078);
#2628=VERTEX_POINT('',#7084);
#2629=VERTEX_POINT('',#7095);
#2630=VERTEX_POINT('',#7101);
#2631=VERTEX_POINT('',#7112);
#2632=VERTEX_POINT('',#7118);
#2633=VERTEX_POINT('',#7129);
#2634=VERTEX_POINT('',#7142);
#2635=VERTEX_POINT('',#7148);
#2636=VERTEX_POINT('',#7159);
#2637=VERTEX_POINT('',#7191);
#2638=VERTEX_POINT('',#7192);
#2639=VERTEX_POINT('',#7194);
#2640=VERTEX_POINT('',#7196);
#2641=VERTEX_POINT('',#7209);
#2642=VERTEX_POINT('',#7211);
#2643=VERTEX_POINT('',#7217);
#2644=VERTEX_POINT('',#7219);
#2645=VERTEX_POINT('',#7232);
#2646=VERTEX_POINT('',#7234);
#2647=VERTEX_POINT('',#7240);
#2648=VERTEX_POINT('',#7242);
#2649=VERTEX_POINT('',#7255);
#2650=VERTEX_POINT('',#7257);
#2651=VERTEX_POINT('',#7272);
#2652=VERTEX_POINT('',#7274);
#2653=VERTEX_POINT('',#7280);
#2654=VERTEX_POINT('',#7282);
#2655=VERTEX_POINT('',#7295);
#2656=VERTEX_POINT('',#7297);
#2657=VERTEX_POINT('',#7303);
#2658=VERTEX_POINT('',#7305);
#2659=VERTEX_POINT('',#7316);
#2660=VERTEX_POINT('',#7322);
#2661=VERTEX_POINT('',#7326);
#2662=VERTEX_POINT('',#7337);
#2663=VERTEX_POINT('',#7343);
#2664=VERTEX_POINT('',#7347);
#2665=VERTEX_POINT('',#7358);
#2666=VERTEX_POINT('',#7371);
#2667=VERTEX_POINT('',#7377);
#2668=VERTEX_POINT('',#7388);
#2669=VERTEX_POINT('',#7401);
#2670=VERTEX_POINT('',#7407);
#2671=VERTEX_POINT('',#7411);
#2672=VERTEX_POINT('',#7422);
#2673=VERTEX_POINT('',#7428);
#2674=VERTEX_POINT('',#7432);
#2675=VERTEX_POINT('',#7443);
#2676=VERTEX_POINT('',#7449);
#2677=VERTEX_POINT('',#7460);
#2678=VERTEX_POINT('',#7466);
#2679=VERTEX_POINT('',#7496);
#2680=VERTEX_POINT('',#7498);
#2681=VERTEX_POINT('',#7509);
#2682=VERTEX_POINT('',#7522);
#2683=VERTEX_POINT('',#7535);
#2684=VERTEX_POINT('',#7541);
#2685=VERTEX_POINT('',#7552);
#2686=VERTEX_POINT('',#7558);
#2687=VERTEX_POINT('',#7569);
#2688=VERTEX_POINT('',#7575);
#2689=VERTEX_POINT('',#7586);
#2690=VERTEX_POINT('',#7599);
#2691=VERTEX_POINT('',#7605);
#2692=VERTEX_POINT('',#7616);
#2693=VERTEX_POINT('',#7622);
#2694=VERTEX_POINT('',#7633);
#2695=VERTEX_POINT('',#7646);
#2696=VERTEX_POINT('',#7659);
#2697=VERTEX_POINT('',#7672);
#2698=VERTEX_POINT('',#7678);
#2699=VERTEX_POINT('',#7689);
#2700=VERTEX_POINT('',#7695);
#2701=VERTEX_POINT('',#7706);
#2702=VERTEX_POINT('',#7712);
#2703=VERTEX_POINT('',#7723);
#2704=VERTEX_POINT('',#7736);
#2705=VERTEX_POINT('',#7742);
#2706=LINE('',#5664,#3183);
#2707=LINE('',#5667,#3184);
#2708=LINE('',#5669,#3185);
#2709=LINE('',#5671,#3186);
#2710=LINE('',#5673,#3187);
#2711=LINE('',#5676,#3188);
#2712=LINE('',#5678,#3189);
#2713=LINE('',#5680,#3190);
#2714=LINE('',#5682,#3191);
#2715=LINE('',#5684,#3192);
#2716=LINE('',#5686,#3193);
#2717=LINE('',#5688,#3194);
#2718=LINE('',#5690,#3195);
#2719=LINE('',#5692,#3196);
#2720=LINE('',#5694,#3197);
#2721=LINE('',#5696,#3198);
#2722=LINE('',#5698,#3199);
#2723=LINE('',#5700,#3200);
#2724=LINE('',#5702,#3201);
#2725=LINE('',#5704,#3202);
#2726=LINE('',#5706,#3203);
#2727=LINE('',#5708,#3204);
#2728=LINE('',#5710,#3205);
#2729=LINE('',#5712,#3206);
#2730=LINE('',#5714,#3207);
#2731=LINE('',#5716,#3208);
#2732=LINE('',#5718,#3209);
#2733=LINE('',#5723,#3210);
#2734=LINE('',#5727,#3211);
#2735=LINE('',#5731,#3212);
#2736=LINE('',#5734,#3213);
#2737=LINE('',#5739,#3214);
#2738=LINE('',#5743,#3215);
#2739=LINE('',#5747,#3216);
#2740=LINE('',#5750,#3217);
#2741=LINE('',#5755,#3218);
#2742=LINE('',#5759,#3219);
#2743=LINE('',#5763,#3220);
#2744=LINE('',#5767,#3221);
#2745=LINE('',#5769,#3222);
#2746=LINE('',#5771,#3223);
#2747=LINE('',#5772,#3224);
#2748=LINE('',#5777,#3225);
#2749=LINE('',#5781,#3226);
#2750=LINE('',#5785,#3227);
#2751=LINE('',#5788,#3228);
#2752=LINE('',#5793,#3229);
#2753=LINE('',#5797,#3230);
#2754=LINE('',#5801,#3231);
#2755=LINE('',#5805,#3232);
#2756=LINE('',#5808,#3233);
#2757=LINE('',#5810,#3234);
#2758=LINE('',#5812,#3235);
#2759=LINE('',#5814,#3236);
#2760=LINE('',#5816,#3237);
#2761=LINE('',#5818,#3238);
#2762=LINE('',#5820,#3239);
#2763=LINE('',#5822,#3240);
#2764=LINE('',#5825,#3241);
#2765=LINE('',#5826,#3242);
#2766=LINE('',#5827,#3243);
#2767=LINE('',#5829,#3244);
#2768=LINE('',#5832,#3245);
#2769=LINE('',#5833,#3246);
#2770=LINE('',#5835,#3247);
#2771=LINE('',#5837,#3248);
#2772=LINE('',#5839,#3249);
#2773=LINE('',#5841,#3250);
#2774=LINE('',#5844,#3251);
#2775=LINE('',#5846,#3252);
#2776=LINE('',#5848,#3253);
#2777=LINE('',#5849,#3254);
#2778=LINE('',#5854,#3255);
#2779=LINE('',#5858,#3256);
#2780=LINE('',#5862,#3257);
#2781=LINE('',#5866,#3258);
#2782=LINE('',#5869,#3259);
#2783=LINE('',#5871,#3260);
#2784=LINE('',#5873,#3261);
#2785=LINE('',#5874,#3262);
#2786=LINE('',#5877,#3263);
#2787=LINE('',#5879,#3264);
#2788=LINE('',#5881,#3265);
#2789=LINE('',#5882,#3266);
#2790=LINE('',#5884,#3267);
#2791=LINE('',#5886,#3268);
#2792=LINE('',#5888,#3269);
#2793=LINE('',#5889,#3270);
#2794=LINE('',#5890,#3271);
#2795=LINE('',#5891,#3272);
#2796=LINE('',#5893,#3273);
#2797=LINE('',#5896,#3274);
#2798=LINE('',#5898,#3275);
#2799=LINE('',#5899,#3276);
#2800=LINE('',#5901,#3277);
#2801=LINE('',#5902,#3278);
#2802=LINE('',#5904,#3279);
#2803=LINE('',#5906,#3280);
#2804=LINE('',#5908,#3281);
#2805=LINE('',#5910,#3282);
#2806=LINE('',#5912,#3283);
#2807=LINE('',#5916,#3284);
#2808=LINE('',#5918,#3285);
#2809=LINE('',#5919,#3286);
#2810=LINE('',#5921,#3287);
#2811=LINE('',#5923,#3288);
#2812=LINE('',#5925,#3289);
#2813=LINE('',#5926,#3290);
#2814=LINE('',#5928,#3291);
#2815=LINE('',#5930,#3292);
#2816=LINE('',#5932,#3293);
#2817=LINE('',#5935,#3294);
#2818=LINE('',#5936,#3295);
#2819=LINE('',#5937,#3296);
#2820=LINE('',#5939,#3297);
#2821=LINE('',#5941,#3298);
#2822=LINE('',#5943,#3299);
#2823=LINE('',#5945,#3300);
#2824=LINE('',#5947,#3301);
#2825=LINE('',#5948,#3302);
#2826=LINE('',#5949,#3303);
#2827=LINE('',#5952,#3304);
#2828=LINE('',#5954,#3305);
#2829=LINE('',#5956,#3306);
#2830=LINE('',#5958,#3307);
#2831=LINE('',#5959,#3308);
#2832=LINE('',#5961,#3309);
#2833=LINE('',#5962,#3310);
#2834=LINE('',#5964,#3311);
#2835=LINE('',#5965,#3312);
#2836=LINE('',#5967,#3313);
#2837=LINE('',#5968,#3314);
#2838=LINE('',#5974,#3315);
#2839=LINE('',#5975,#3316);
#2840=LINE('',#5977,#3317);
#2841=LINE('',#5979,#3318);
#2842=LINE('',#5982,#3319);
#2843=LINE('',#5983,#3320);
#2844=LINE('',#5985,#3321);
#2845=LINE('',#5989,#3322);
#2846=LINE('',#5990,#3323);
#2847=LINE('',#5992,#3324);
#2848=LINE('',#5993,#3325);
#2849=LINE('',#5995,#3326);
#2850=LINE('',#5997,#3327);
#2851=LINE('',#5998,#3328);
#2852=LINE('',#6000,#3329);
#2853=LINE('',#6002,#3330);
#2854=LINE('',#6004,#3331);
#2855=LINE('',#6014,#3332);
#2856=LINE('',#6016,#3333);
#2857=LINE('',#6018,#3334);
#2858=LINE('',#6020,#3335);
#2859=LINE('',#6022,#3336);
#2860=LINE('',#6024,#3337);
#2861=LINE('',#6026,#3338);
#2862=LINE('',#6028,#3339);
#2863=LINE('',#6030,#3340);
#2864=LINE('',#6035,#3341);
#2865=LINE('',#6038,#3342);
#2866=LINE('',#6041,#3343);
#2867=LINE('',#6042,#3344);
#2868=LINE('',#6044,#3345);
#2869=LINE('',#6045,#3346);
#2870=LINE('',#6047,#3347);
#2871=LINE('',#6048,#3348);
#2872=LINE('',#6050,#3349);
#2873=LINE('',#6051,#3350);
#2874=LINE('',#6061,#3351);
#2875=LINE('',#6063,#3352);
#2876=LINE('',#6066,#3353);
#2877=LINE('',#6068,#3354);
#2878=LINE('',#6075,#3355);
#2879=LINE('',#6085,#3356);
#2880=LINE('',#6095,#3357);
#2881=LINE('',#6101,#3358);
#2882=LINE('',#6107,#3359);
#2883=LINE('',#6113,#3360);
#2884=LINE('',#6115,#3361);
#2885=LINE('',#6120,#3362);
#2886=LINE('',#6123,#3363);
#2887=LINE('',#6125,#3364);
#2888=LINE('',#6127,#3365);
#2889=LINE('',#6128,#3366);
#2890=LINE('',#6133,#3367);
#2891=LINE('',#6137,#3368);
#2892=LINE('',#6141,#3369);
#2893=LINE('',#6149,#3370);
#2894=LINE('',#6155,#3371);
#2895=LINE('',#6161,#3372);
#2896=LINE('',#6167,#3373);
#2897=LINE('',#6169,#3374);
#2898=LINE('',#6175,#3375);
#2899=LINE('',#6181,#3376);
#2900=LINE('',#6187,#3377);
#2901=LINE('',#6193,#3378);
#2902=LINE('',#6203,#3379);
#2903=LINE('',#6209,#3380);
#2904=LINE('',#6215,#3381);
#2905=LINE('',#6225,#3382);
#2906=LINE('',#6227,#3383);
#2907=LINE('',#6237,#3384);
#2908=LINE('',#6243,#3385);
#2909=LINE('',#6245,#3386);
#2910=LINE('',#6247,#3387);
#2911=LINE('',#6253,#3388);
#2912=LINE('',#6261,#3389);
#2913=LINE('',#6263,#3390);
#2914=LINE('',#6273,#3391);
#2915=LINE('',#6279,#3392);
#2916=LINE('',#6281,#3393);
#2917=LINE('',#6283,#3394);
#2918=LINE('',#6289,#3395);
#2919=LINE('',#6295,#3396);
#2920=LINE('',#6301,#3397);
#2921=LINE('',#6307,#3398);
#2922=LINE('',#6309,#3399);
#2923=LINE('',#6317,#3400);
#2924=LINE('',#6327,#3401);
#2925=LINE('',#6337,#3402);
#2926=LINE('',#6345,#3403);
#2927=LINE('',#6347,#3404);
#2928=LINE('',#6353,#3405);
#2929=LINE('',#6359,#3406);
#2930=LINE('',#6369,#3407);
#2931=LINE('',#6375,#3408);
#2932=LINE('',#6381,#3409);
#2933=LINE('',#6399,#3410);
#2934=LINE('',#6405,#3411);
#2935=LINE('',#6415,#3412);
#2936=LINE('',#6421,#3413);
#2937=LINE('',#6427,#3414);
#2938=LINE('',#6437,#3415);
#2939=LINE('',#6440,#3416);
#2940=LINE('',#6442,#3417);
#2941=LINE('',#6444,#3418);
#2942=LINE('',#6446,#3419);
#2943=LINE('',#6448,#3420);
#2944=LINE('',#6450,#3421);
#2945=LINE('',#6452,#3422);
#2946=LINE('',#6455,#3423);
#2947=LINE('',#6456,#3424);
#2948=LINE('',#6458,#3425);
#2949=LINE('',#6459,#3426);
#2950=LINE('',#6461,#3427);
#2951=LINE('',#6463,#3428);
#2952=LINE('',#6465,#3429);
#2953=LINE('',#6467,#3430);
#2954=LINE('',#6469,#3431);
#2955=LINE('',#6472,#3432);
#2956=LINE('',#6474,#3433);
#2957=LINE('',#6476,#3434);
#2958=LINE('',#6477,#3435);
#2959=LINE('',#6479,#3436);
#2960=LINE('',#6481,#3437);
#2961=LINE('',#6483,#3438);
#2962=LINE('',#6484,#3439);
#2963=LINE('',#6486,#3440);
#2964=LINE('',#6488,#3441);
#2965=LINE('',#6491,#3442);
#2966=LINE('',#6493,#3443);
#2967=LINE('',#6495,#3444);
#2968=LINE('',#6497,#3445);
#2969=LINE('',#6499,#3446);
#2970=LINE('',#6502,#3447);
#2971=LINE('',#6504,#3448);
#2972=LINE('',#6506,#3449);
#2973=LINE('',#6508,#3450);
#2974=LINE('',#6510,#3451);
#2975=LINE('',#6512,#3452);
#2976=LINE('',#6514,#3453);
#2977=LINE('',#6517,#3454);
#2978=LINE('',#6518,#3455);
#2979=LINE('',#6520,#3456);
#2980=LINE('',#6522,#3457);
#2981=LINE('',#6524,#3458);
#2982=LINE('',#6535,#3459);
#2983=LINE('',#6537,#3460);
#2984=LINE('',#6539,#3461);
#2985=LINE('',#6548,#3462);
#2986=LINE('',#6554,#3463);
#2987=LINE('',#6556,#3464);
#2988=LINE('',#6565,#3465);
#2989=LINE('',#6571,#3466);
#2990=LINE('',#6573,#3467);
#2991=LINE('',#6582,#3468);
#2992=LINE('',#6595,#3469);
#2993=LINE('',#6601,#3470);
#2994=LINE('',#6603,#3471);
#2995=LINE('',#6612,#3472);
#2996=LINE('',#6618,#3473);
#2997=LINE('',#6620,#3474);
#2998=LINE('',#6629,#3475);
#2999=LINE('',#6635,#3476);
#3000=LINE('',#6637,#3477);
#3001=LINE('',#6646,#3478);
#3002=LINE('',#6652,#3479);
#3003=LINE('',#6654,#3480);
#3004=LINE('',#6663,#3481);
#3005=LINE('',#6669,#3482);
#3006=LINE('',#6671,#3483);
#3007=LINE('',#6673,#3484);
#3008=LINE('',#6675,#3485);
#3009=LINE('',#6684,#3486);
#3010=LINE('',#6690,#3487);
#3011=LINE('',#6692,#3488);
#3012=LINE('',#6701,#3489);
#3013=LINE('',#6707,#3490);
#3014=LINE('',#6709,#3491);
#3015=LINE('',#6723,#3492);
#3016=LINE('',#6725,#3493);
#3017=LINE('',#6727,#3494);
#3018=LINE('',#6736,#3495);
#3019=LINE('',#6742,#3496);
#3020=LINE('',#6744,#3497);
#3021=LINE('',#6746,#3498);
#3022=LINE('',#6748,#3499);
#3023=LINE('',#6750,#3500);
#3024=LINE('',#6752,#3501);
#3025=LINE('',#6761,#3502);
#3026=LINE('',#6767,#3503);
#3027=LINE('',#6769,#3504);
#3028=LINE('',#6778,#3505);
#3029=LINE('',#6791,#3506);
#3030=LINE('',#6797,#3507);
#3031=LINE('',#6799,#3508);
#3032=LINE('',#6801,#3509);
#3033=LINE('',#6803,#3510);
#3034=LINE('',#6805,#3511);
#3035=LINE('',#6816,#3512);
#3036=LINE('',#6822,#3513);
#3037=LINE('',#6824,#3514);
#3038=LINE('',#6833,#3515);
#3039=LINE('',#6839,#3516);
#3040=LINE('',#6841,#3517);
#3041=LINE('',#6843,#3518);
#3042=LINE('',#6845,#3519);
#3043=LINE('',#6847,#3520);
#3044=LINE('',#6849,#3521);
#3045=LINE('',#6858,#3522);
#3046=LINE('',#6864,#3523);
#3047=LINE('',#6866,#3524);
#3048=LINE('',#6875,#3525);
#3049=LINE('',#6888,#3526);
#3050=LINE('',#6894,#3527);
#3051=LINE('',#6896,#3528);
#3052=LINE('',#6898,#3529);
#3053=LINE('',#6900,#3530);
#3054=LINE('',#6909,#3531);
#3055=LINE('',#6927,#3532);
#3056=LINE('',#6930,#3533);
#3057=LINE('',#6932,#3534);
#3058=LINE('',#6934,#3535);
#3059=LINE('',#6947,#3536);
#3060=LINE('',#6953,#3537);
#3061=LINE('',#6955,#3538);
#3062=LINE('',#6957,#3539);
#3063=LINE('',#6970,#3540);
#3064=LINE('',#6987,#3541);
#3065=LINE('',#6993,#3542);
#3066=LINE('',#6995,#3543);
#3067=LINE('',#6997,#3544);
#3068=LINE('',#7010,#3545);
#3069=LINE('',#7027,#3546);
#3070=LINE('',#7033,#3547);
#3071=LINE('',#7035,#3548);
#3072=LINE('',#7037,#3549);
#3073=LINE('',#7039,#3550);
#3074=LINE('',#7041,#3551);
#3075=LINE('',#7043,#3552);
#3076=LINE('',#7045,#3553);
#3077=LINE('',#7056,#3554);
#3078=LINE('',#7062,#3555);
#3079=LINE('',#7064,#3556);
#3080=LINE('',#7066,#3557);
#3081=LINE('',#7068,#3558);
#3082=LINE('',#7077,#3559);
#3083=LINE('',#7083,#3560);
#3084=LINE('',#7085,#3561);
#3085=LINE('',#7094,#3562);
#3086=LINE('',#7100,#3563);
#3087=LINE('',#7102,#3564);
#3088=LINE('',#7111,#3565);
#3089=LINE('',#7117,#3566);
#3090=LINE('',#7119,#3567);
#3091=LINE('',#7128,#3568);
#3092=LINE('',#7141,#3569);
#3093=LINE('',#7147,#3570);
#3094=LINE('',#7149,#3571);
#3095=LINE('',#7158,#3572);
#3096=LINE('',#7190,#3573);
#3097=LINE('',#7193,#3574);
#3098=LINE('',#7195,#3575);
#3099=LINE('',#7197,#3576);
#3100=LINE('',#7210,#3577);
#3101=LINE('',#7216,#3578);
#3102=LINE('',#7218,#3579);
#3103=LINE('',#7220,#3580);
#3104=LINE('',#7233,#3581);
#3105=LINE('',#7239,#3582);
#3106=LINE('',#7241,#3583);
#3107=LINE('',#7243,#3584);
#3108=LINE('',#7256,#3585);
#3109=LINE('',#7273,#3586);
#3110=LINE('',#7279,#3587);
#3111=LINE('',#7281,#3588);
#3112=LINE('',#7283,#3589);
#3113=LINE('',#7296,#3590);
#3114=LINE('',#7302,#3591);
#3115=LINE('',#7304,#3592);
#3116=LINE('',#7306,#3593);
#3117=LINE('',#7315,#3594);
#3118=LINE('',#7321,#3595);
#3119=LINE('',#7323,#3596);
#3120=LINE('',#7325,#3597);
#3121=LINE('',#7327,#3598);
#3122=LINE('',#7336,#3599);
#3123=LINE('',#7342,#3600);
#3124=LINE('',#7346,#3601);
#3125=LINE('',#7348,#3602);
#3126=LINE('',#7357,#3603);
#3127=LINE('',#7370,#3604);
#3128=LINE('',#7376,#3605);
#3129=LINE('',#7378,#3606);
#3130=LINE('',#7387,#3607);
#3131=LINE('',#7400,#3608);
#3132=LINE('',#7406,#3609);
#3133=LINE('',#7408,#3610);
#3134=LINE('',#7410,#3611);
#3135=LINE('',#7421,#3612);
#3136=LINE('',#7427,#3613);
#3137=LINE('',#7429,#3614);
#3138=LINE('',#7431,#3615);
#3139=LINE('',#7433,#3616);
#3140=LINE('',#7442,#3617);
#3141=LINE('',#7448,#3618);
#3142=LINE('',#7450,#3619);
#3143=LINE('',#7459,#3620);
#3144=LINE('',#7465,#3621);
#3145=LINE('',#7467,#3622);
#3146=LINE('',#7495,#3623);
#3147=LINE('',#7497,#3624);
#3148=LINE('',#7499,#3625);
#3149=LINE('',#7508,#3626);
#3150=LINE('',#7521,#3627);
#3151=LINE('',#7534,#3628);
#3152=LINE('',#7540,#3629);
#3153=LINE('',#7542,#3630);
#3154=LINE('',#7551,#3631);
#3155=LINE('',#7557,#3632);
#3156=LINE('',#7559,#3633);
#3157=LINE('',#7568,#3634);
#3158=LINE('',#7574,#3635);
#3159=LINE('',#7576,#3636);
#3160=LINE('',#7585,#3637);
#3161=LINE('',#7598,#3638);
#3162=LINE('',#7604,#3639);
#3163=LINE('',#7606,#3640);
#3164=LINE('',#7615,#3641);
#3165=LINE('',#7621,#3642);
#3166=LINE('',#7623,#3643);
#3167=LINE('',#7632,#3644);
#3168=LINE('',#7645,#3645);
#3169=LINE('',#7658,#3646);
#3170=LINE('',#7671,#3647);
#3171=LINE('',#7677,#3648);
#3172=LINE('',#7679,#3649);
#3173=LINE('',#7688,#3650);
#3174=LINE('',#7694,#3651);
#3175=LINE('',#7696,#3652);
#3176=LINE('',#7705,#3653);
#3177=LINE('',#7711,#3654);
#3178=LINE('',#7713,#3655);
#3179=LINE('',#7722,#3656);
#3180=LINE('',#7735,#3657);
#3181=LINE('',#7741,#3658);
#3182=LINE('',#7743,#3659);
#3183=VECTOR('',#4773,1.);
#3184=VECTOR('',#4774,1.);
#3185=VECTOR('',#4775,1.);
#3186=VECTOR('',#4776,1.);
#3187=VECTOR('',#4779,1.);
#3188=VECTOR('',#4780,1.);
#3189=VECTOR('',#4781,1.);
#3190=VECTOR('',#4782,1.);
#3191=VECTOR('',#4783,1.);
#3192=VECTOR('',#4784,1.);
#3193=VECTOR('',#4785,1.);
#3194=VECTOR('',#4786,1.);
#3195=VECTOR('',#4789,1.);
#3196=VECTOR('',#4790,1.);
#3197=VECTOR('',#4791,1.);
#3198=VECTOR('',#4792,1.);
#3199=VECTOR('',#4793,1.);
#3200=VECTOR('',#4794,1.);
#3201=VECTOR('',#4795,1.);
#3202=VECTOR('',#4798,1.);
#3203=VECTOR('',#4799,1.);
#3204=VECTOR('',#4800,1.);
#3205=VECTOR('',#4801,1.);
#3206=VECTOR('',#4802,1.);
#3207=VECTOR('',#4803,1.);
#3208=VECTOR('',#4804,1.);
#3209=VECTOR('',#4807,1.);
#3210=VECTOR('',#4810,1.);
#3211=VECTOR('',#4813,1.);
#3212=VECTOR('',#4816,1.);
#3213=VECTOR('',#4819,1.);
#3214=VECTOR('',#4822,1.);
#3215=VECTOR('',#4825,1.);
#3216=VECTOR('',#4828,1.);
#3217=VECTOR('',#4831,1.);
#3218=VECTOR('',#4834,1.);
#3219=VECTOR('',#4837,1.);
#3220=VECTOR('',#4840,1.);
#3221=VECTOR('',#4845,1.);
#3222=VECTOR('',#4846,1.);
#3223=VECTOR('',#4847,1.);
#3224=VECTOR('',#4848,1.);
#3225=VECTOR('',#4851,1.);
#3226=VECTOR('',#4854,1.);
#3227=VECTOR('',#4857,1.);
#3228=VECTOR('',#4860,1.);
#3229=VECTOR('',#4863,1.);
#3230=VECTOR('',#4866,1.);
#3231=VECTOR('',#4869,1.);
#3232=VECTOR('',#4874,1.);
#3233=VECTOR('',#4875,1.);
#3234=VECTOR('',#4876,1.);
#3235=VECTOR('',#4877,1.);
#3236=VECTOR('',#4878,1.);
#3237=VECTOR('',#4879,1.);
#3238=VECTOR('',#4880,1.);
#3239=VECTOR('',#4881,1.);
#3240=VECTOR('',#4884,1.);
#3241=VECTOR('',#4885,1.);
#3242=VECTOR('',#4886,1.);
#3243=VECTOR('',#4887,1.);
#3244=VECTOR('',#4890,1.);
#3245=VECTOR('',#4891,1.);
#3246=VECTOR('',#4892,1.);
#3247=VECTOR('',#4895,1.);
#3248=VECTOR('',#4896,1.);
#3249=VECTOR('',#4897,1.);
#3250=VECTOR('',#4900,1.);
#3251=VECTOR('',#4901,1.);
#3252=VECTOR('',#4902,1.);
#3253=VECTOR('',#4903,1.);
#3254=VECTOR('',#4904,1.);
#3255=VECTOR('',#4907,1.);
#3256=VECTOR('',#4910,1.);
#3257=VECTOR('',#4913,1.);
#3258=VECTOR('',#4918,1.);
#3259=VECTOR('',#4919,1.);
#3260=VECTOR('',#4920,1.);
#3261=VECTOR('',#4921,1.);
#3262=VECTOR('',#4922,1.);
#3263=VECTOR('',#4923,1.);
#3264=VECTOR('',#4924,1.);
#3265=VECTOR('',#4925,1.);
#3266=VECTOR('',#4926,1.);
#3267=VECTOR('',#4927,1.);
#3268=VECTOR('',#4928,1.);
#3269=VECTOR('',#4929,1.);
#3270=VECTOR('',#4930,1.);
#3271=VECTOR('',#4931,1.);
#3272=VECTOR('',#4932,1.);
#3273=VECTOR('',#4935,1.);
#3274=VECTOR('',#4936,1.);
#3275=VECTOR('',#4937,1.);
#3276=VECTOR('',#4938,1.);
#3277=VECTOR('',#4939,1.);
#3278=VECTOR('',#4940,1.);
#3279=VECTOR('',#4941,1.);
#3280=VECTOR('',#4942,1.);
#3281=VECTOR('',#4943,1.);
#3282=VECTOR('',#4944,1.);
#3283=VECTOR('',#4945,1.);
#3284=VECTOR('',#4950,1.);
#3285=VECTOR('',#4951,1.);
#3286=VECTOR('',#4952,1.);
#3287=VECTOR('',#4955,1.);
#3288=VECTOR('',#4956,1.);
#3289=VECTOR('',#4957,1.);
#3290=VECTOR('',#4958,1.);
#3291=VECTOR('',#4959,1.);
#3292=VECTOR('',#4962,1.);
#3293=VECTOR('',#4965,1.);
#3294=VECTOR('',#4966,1.);
#3295=VECTOR('',#4967,1.);
#3296=VECTOR('',#4968,1.);
#3297=VECTOR('',#4971,1.);
#3298=VECTOR('',#4974,1.);
#3299=VECTOR('',#4975,1.);
#3300=VECTOR('',#4976,1.);
#3301=VECTOR('',#4979,1.);
#3302=VECTOR('',#4980,1.);
#3303=VECTOR('',#4981,1.);
#3304=VECTOR('',#4982,1.);
#3305=VECTOR('',#4983,1.);
#3306=VECTOR('',#4984,1.);
#3307=VECTOR('',#4987,1.);
#3308=VECTOR('',#4988,1.);
#3309=VECTOR('',#4991,1.);
#3310=VECTOR('',#4992,1.);
#3311=VECTOR('',#4995,1.);
#3312=VECTOR('',#4996,1.);
#3313=VECTOR('',#4999,1.);
#3314=VECTOR('',#5000,1.);
#3315=VECTOR('',#5011,1.);
#3316=VECTOR('',#5012,1.);
#3317=VECTOR('',#5015,1.);
#3318=VECTOR('',#5018,1.);
#3319=VECTOR('',#5023,1.);
#3320=VECTOR('',#5024,1.);
#3321=VECTOR('',#5027,1.);
#3322=VECTOR('',#5030,1.);
#3323=VECTOR('',#5031,1.);
#3324=VECTOR('',#5034,1.);
#3325=VECTOR('',#5035,1.);
#3326=VECTOR('',#5038,1.);
#3327=VECTOR('',#5039,1.);
#3328=VECTOR('',#5040,1.);
#3329=VECTOR('',#5041,1.);
#3330=VECTOR('',#5044,1.);
#3331=VECTOR('',#5045,1.);
#3332=VECTOR('',#5050,1.);
#3333=VECTOR('',#5051,1.);
#3334=VECTOR('',#5054,1.);
#3335=VECTOR('',#5057,1.);
#3336=VECTOR('',#5058,1.);
#3337=VECTOR('',#5061,1.);
#3338=VECTOR('',#5064,1.);
#3339=VECTOR('',#5065,1.);
#3340=VECTOR('',#5068,1.);
#3341=VECTOR('',#5077,1.);
#3342=VECTOR('',#5082,1.);
#3343=VECTOR('',#5087,1.);
#3344=VECTOR('',#5088,1.);
#3345=VECTOR('',#5091,1.);
#3346=VECTOR('',#5092,1.);
#3347=VECTOR('',#5095,1.);
#3348=VECTOR('',#5096,1.);
#3349=VECTOR('',#5099,1.);
#3350=VECTOR('',#5100,1.);
#3351=VECTOR('',#5119,1.);
#3352=VECTOR('',#5122,1.);
#3353=VECTOR('',#5127,1.);
#3354=VECTOR('',#5130,1.);
#3355=VECTOR('',#5139,1.);
#3356=VECTOR('',#5140,1.);
#3357=VECTOR('',#5141,1.);
#3358=VECTOR('',#5142,1.);
#3359=VECTOR('',#5143,1.);
#3360=VECTOR('',#5144,1.);
#3361=VECTOR('',#5145,1.);
#3362=VECTOR('',#5146,1.);
#3363=VECTOR('',#5147,1.);
#3364=VECTOR('',#5148,1.);
#3365=VECTOR('',#5149,1.);
#3366=VECTOR('',#5150,1.);
#3367=VECTOR('',#5153,1.);
#3368=VECTOR('',#5156,1.);
#3369=VECTOR('',#5159,1.);
#3370=VECTOR('',#5162,1.);
#3371=VECTOR('',#5163,1.);
#3372=VECTOR('',#5164,1.);
#3373=VECTOR('',#5165,1.);
#3374=VECTOR('',#5166,1.);
#3375=VECTOR('',#5167,1.);
#3376=VECTOR('',#5168,1.);
#3377=VECTOR('',#5169,1.);
#3378=VECTOR('',#5170,1.);
#3379=VECTOR('',#5171,1.);
#3380=VECTOR('',#5172,1.);
#3381=VECTOR('',#5173,1.);
#3382=VECTOR('',#5174,1.);
#3383=VECTOR('',#5175,1.);
#3384=VECTOR('',#5176,1.);
#3385=VECTOR('',#5177,1.);
#3386=VECTOR('',#5178,1.);
#3387=VECTOR('',#5179,1.);
#3388=VECTOR('',#5180,1.);
#3389=VECTOR('',#5183,1.);
#3390=VECTOR('',#5184,1.);
#3391=VECTOR('',#5185,1.);
#3392=VECTOR('',#5186,1.);
#3393=VECTOR('',#5187,1.);
#3394=VECTOR('',#5188,1.);
#3395=VECTOR('',#5189,1.);
#3396=VECTOR('',#5190,1.);
#3397=VECTOR('',#5191,1.);
#3398=VECTOR('',#5192,1.);
#3399=VECTOR('',#5193,1.);
#3400=VECTOR('',#5196,1.);
#3401=VECTOR('',#5197,1.);
#3402=VECTOR('',#5198,1.);
#3403=VECTOR('',#5201,1.);
#3404=VECTOR('',#5202,1.);
#3405=VECTOR('',#5203,1.);
#3406=VECTOR('',#5204,1.);
#3407=VECTOR('',#5205,1.);
#3408=VECTOR('',#5206,1.);
#3409=VECTOR('',#5207,1.);
#3410=VECTOR('',#5208,1.);
#3411=VECTOR('',#5209,1.);
#3412=VECTOR('',#5210,1.);
#3413=VECTOR('',#5211,1.);
#3414=VECTOR('',#5212,1.);
#3415=VECTOR('',#5215,1.);
#3416=VECTOR('',#5216,1.);
#3417=VECTOR('',#5217,1.);
#3418=VECTOR('',#5218,1.);
#3419=VECTOR('',#5221,1.);
#3420=VECTOR('',#5222,1.);
#3421=VECTOR('',#5223,1.);
#3422=VECTOR('',#5226,1.);
#3423=VECTOR('',#5227,1.);
#3424=VECTOR('',#5228,1.);
#3425=VECTOR('',#5231,1.);
#3426=VECTOR('',#5232,1.);
#3427=VECTOR('',#5233,1.);
#3428=VECTOR('',#5234,1.);
#3429=VECTOR('',#5235,1.);
#3430=VECTOR('',#5236,1.);
#3431=VECTOR('',#5239,1.);
#3432=VECTOR('',#5240,1.);
#3433=VECTOR('',#5241,1.);
#3434=VECTOR('',#5242,1.);
#3435=VECTOR('',#5243,1.);
#3436=VECTOR('',#5244,1.);
#3437=VECTOR('',#5245,1.);
#3438=VECTOR('',#5248,1.);
#3439=VECTOR('',#5249,1.);
#3440=VECTOR('',#5252,1.);
#3441=VECTOR('',#5255,1.);
#3442=VECTOR('',#5260,1.);
#3443=VECTOR('',#5261,1.);
#3444=VECTOR('',#5264,1.);
#3445=VECTOR('',#5265,1.);
#3446=VECTOR('',#5268,1.);
#3447=VECTOR('',#5273,1.);
#3448=VECTOR('',#5274,1.);
#3449=VECTOR('',#5275,1.);
#3450=VECTOR('',#5278,1.);
#3451=VECTOR('',#5279,1.);
#3452=VECTOR('',#5280,1.);
#3453=VECTOR('',#5283,1.);
#3454=VECTOR('',#5284,1.);
#3455=VECTOR('',#5285,1.);
#3456=VECTOR('',#5288,1.);
#3457=VECTOR('',#5289,1.);
#3458=VECTOR('',#5290,1.);
#3459=VECTOR('',#5311,1.);
#3460=VECTOR('',#5312,1.);
#3461=VECTOR('',#5313,1.);
#3462=VECTOR('',#5314,1.);
#3463=VECTOR('',#5317,1.);
#3464=VECTOR('',#5318,1.);
#3465=VECTOR('',#5319,1.);
#3466=VECTOR('',#5322,1.);
#3467=VECTOR('',#5323,1.);
#3468=VECTOR('',#5324,1.);
#3469=VECTOR('',#5325,1.);
#3470=VECTOR('',#5328,1.);
#3471=VECTOR('',#5329,1.);
#3472=VECTOR('',#5330,1.);
#3473=VECTOR('',#5333,1.);
#3474=VECTOR('',#5334,1.);
#3475=VECTOR('',#5335,1.);
#3476=VECTOR('',#5338,1.);
#3477=VECTOR('',#5339,1.);
#3478=VECTOR('',#5340,1.);
#3479=VECTOR('',#5343,1.);
#3480=VECTOR('',#5344,1.);
#3481=VECTOR('',#5345,1.);
#3482=VECTOR('',#5348,1.);
#3483=VECTOR('',#5349,1.);
#3484=VECTOR('',#5352,1.);
#3485=VECTOR('',#5353,1.);
#3486=VECTOR('',#5354,1.);
#3487=VECTOR('',#5357,1.);
#3488=VECTOR('',#5358,1.);
#3489=VECTOR('',#5359,1.);
#3490=VECTOR('',#5362,1.);
#3491=VECTOR('',#5363,1.);
#3492=VECTOR('',#5368,1.);
#3493=VECTOR('',#5369,1.);
#3494=VECTOR('',#5370,1.);
#3495=VECTOR('',#5371,1.);
#3496=VECTOR('',#5374,1.);
#3497=VECTOR('',#5375,1.);
#3498=VECTOR('',#5378,1.);
#3499=VECTOR('',#5379,1.);
#3500=VECTOR('',#5382,1.);
#3501=VECTOR('',#5383,1.);
#3502=VECTOR('',#5384,1.);
#3503=VECTOR('',#5387,1.);
#3504=VECTOR('',#5388,1.);
#3505=VECTOR('',#5389,1.);
#3506=VECTOR('',#5390,1.);
#3507=VECTOR('',#5393,1.);
#3508=VECTOR('',#5394,1.);
#3509=VECTOR('',#5397,1.);
#3510=VECTOR('',#5398,1.);
#3511=VECTOR('',#5401,1.);
#3512=VECTOR('',#5404,1.);
#3513=VECTOR('',#5407,1.);
#3514=VECTOR('',#5408,1.);
#3515=VECTOR('',#5409,1.);
#3516=VECTOR('',#5412,1.);
#3517=VECTOR('',#5413,1.);
#3518=VECTOR('',#5416,1.);
#3519=VECTOR('',#5417,1.);
#3520=VECTOR('',#5420,1.);
#3521=VECTOR('',#5421,1.);
#3522=VECTOR('',#5422,1.);
#3523=VECTOR('',#5425,1.);
#3524=VECTOR('',#5426,1.);
#3525=VECTOR('',#5427,1.);
#3526=VECTOR('',#5428,1.);
#3527=VECTOR('',#5431,1.);
#3528=VECTOR('',#5432,1.);
#3529=VECTOR('',#5435,1.);
#3530=VECTOR('',#5436,1.);
#3531=VECTOR('',#5437,1.);
#3532=VECTOR('',#5442,1.);
#3533=VECTOR('',#5443,1.);
#3534=VECTOR('',#5444,1.);
#3535=VECTOR('',#5445,1.);
#3536=VECTOR('',#5446,1.);
#3537=VECTOR('',#5449,1.);
#3538=VECTOR('',#5450,1.);
#3539=VECTOR('',#5451,1.);
#3540=VECTOR('',#5452,1.);
#3541=VECTOR('',#5453,1.);
#3542=VECTOR('',#5456,1.);
#3543=VECTOR('',#5457,1.);
#3544=VECTOR('',#5458,1.);
#3545=VECTOR('',#5459,1.);
#3546=VECTOR('',#5460,1.);
#3547=VECTOR('',#5463,1.);
#3548=VECTOR('',#5464,1.);
#3549=VECTOR('',#5465,1.);
#3550=VECTOR('',#5468,1.);
#3551=VECTOR('',#5469,1.);
#3552=VECTOR('',#5470,1.);
#3553=VECTOR('',#5473,1.);
#3554=VECTOR('',#5476,1.);
#3555=VECTOR('',#5479,1.);
#3556=VECTOR('',#5480,1.);
#3557=VECTOR('',#5483,1.);
#3558=VECTOR('',#5484,1.);
#3559=VECTOR('',#5485,1.);
#3560=VECTOR('',#5488,1.);
#3561=VECTOR('',#5489,1.);
#3562=VECTOR('',#5490,1.);
#3563=VECTOR('',#5493,1.);
#3564=VECTOR('',#5494,1.);
#3565=VECTOR('',#5495,1.);
#3566=VECTOR('',#5498,1.);
#3567=VECTOR('',#5499,1.);
#3568=VECTOR('',#5500,1.);
#3569=VECTOR('',#5501,1.);
#3570=VECTOR('',#5504,1.);
#3571=VECTOR('',#5505,1.);
#3572=VECTOR('',#5506,1.);
#3573=VECTOR('',#5511,1.);
#3574=VECTOR('',#5512,1.);
#3575=VECTOR('',#5513,1.);
#3576=VECTOR('',#5514,1.);
#3577=VECTOR('',#5515,1.);
#3578=VECTOR('',#5518,1.);
#3579=VECTOR('',#5519,1.);
#3580=VECTOR('',#5520,1.);
#3581=VECTOR('',#5521,1.);
#3582=VECTOR('',#5524,1.);
#3583=VECTOR('',#5525,1.);
#3584=VECTOR('',#5526,1.);
#3585=VECTOR('',#5527,1.);
#3586=VECTOR('',#5528,1.);
#3587=VECTOR('',#5531,1.);
#3588=VECTOR('',#5532,1.);
#3589=VECTOR('',#5533,1.);
#3590=VECTOR('',#5534,1.);
#3591=VECTOR('',#5537,1.);
#3592=VECTOR('',#5538,1.);
#3593=VECTOR('',#5539,1.);
#3594=VECTOR('',#5540,1.);
#3595=VECTOR('',#5543,1.);
#3596=VECTOR('',#5544,1.);
#3597=VECTOR('',#5547,1.);
#3598=VECTOR('',#5548,1.);
#3599=VECTOR('',#5549,1.);
#3600=VECTOR('',#5552,1.);
#3601=VECTOR('',#5557,1.);
#3602=VECTOR('',#5558,1.);
#3603=VECTOR('',#5559,1.);
#3604=VECTOR('',#5560,1.);
#3605=VECTOR('',#5563,1.);
#3606=VECTOR('',#5564,1.);
#3607=VECTOR('',#5565,1.);
#3608=VECTOR('',#5566,1.);
#3609=VECTOR('',#5569,1.);
#3610=VECTOR('',#5570,1.);
#3611=VECTOR('',#5573,1.);
#3612=VECTOR('',#5576,1.);
#3613=VECTOR('',#5579,1.);
#3614=VECTOR('',#5580,1.);
#3615=VECTOR('',#5583,1.);
#3616=VECTOR('',#5584,1.);
#3617=VECTOR('',#5585,1.);
#3618=VECTOR('',#5588,1.);
#3619=VECTOR('',#5589,1.);
#3620=VECTOR('',#5590,1.);
#3621=VECTOR('',#5593,1.);
#3622=VECTOR('',#5594,1.);
#3623=VECTOR('',#5599,1.);
#3624=VECTOR('',#5600,1.);
#3625=VECTOR('',#5601,1.);
#3626=VECTOR('',#5602,1.);
#3627=VECTOR('',#5603,1.);
#3628=VECTOR('',#5604,1.);
#3629=VECTOR('',#5607,1.);
#3630=VECTOR('',#5608,1.);
#3631=VECTOR('',#5609,1.);
#3632=VECTOR('',#5612,1.);
#3633=VECTOR('',#5613,1.);
#3634=VECTOR('',#5614,1.);
#3635=VECTOR('',#5617,1.);
#3636=VECTOR('',#5618,1.);
#3637=VECTOR('',#5619,1.);
#3638=VECTOR('',#5620,1.);
#3639=VECTOR('',#5623,1.);
#3640=VECTOR('',#5624,1.);
#3641=VECTOR('',#5625,1.);
#3642=VECTOR('',#5628,1.);
#3643=VECTOR('',#5629,1.);
#3644=VECTOR('',#5630,1.);
#3645=VECTOR('',#5631,1.);
#3646=VECTOR('',#5632,1.);
#3647=VECTOR('',#5633,1.);
#3648=VECTOR('',#5636,1.);
#3649=VECTOR('',#5637,1.);
#3650=VECTOR('',#5638,1.);
#3651=VECTOR('',#5641,1.);
#3652=VECTOR('',#5642,1.);
#3653=VECTOR('',#5643,1.);
#3654=VECTOR('',#5646,1.);
#3655=VECTOR('',#5647,1.);
#3656=VECTOR('',#5648,1.);
#3657=VECTOR('',#5649,1.);
#3658=VECTOR('',#5652,1.);
#3659=VECTOR('',#5653,1.);
#3660=EDGE_LOOP('',(#293,#294,#295,#296));
#3661=EDGE_LOOP('',(#297,#298,#299,#300,#301,#302,#303,#304));
#3662=EDGE_LOOP('',(#305,#306,#307,#308,#309,#310,#311,#312));
#3663=EDGE_LOOP('',(#313,#314,#315,#316,#317,#318,#319,#320));
#3664=EDGE_LOOP('',(#321,#322,#323,#324,#325,#326,#327,#328));
#3665=EDGE_LOOP('',(#329,#330,#331,#332,#333,#334,#335,#336));
#3666=EDGE_LOOP('',(#337,#338,#339,#340,#341,#342,#343,#344));
#3667=EDGE_LOOP('',(#345,#346,#347,#348));
#3668=EDGE_LOOP('',(#349,#350,#351,#352,#353,#354,#355,#356));
#3669=EDGE_LOOP('',(#357,#358,#359,#360,#361,#362,#363,#364));
#3670=EDGE_LOOP('',(#365,#366,#367,#368,#369,#370,#371,#372));
#3671=EDGE_LOOP('',(#373,#374,#375,#376,#377,#378,#379,#380));
#3672=EDGE_LOOP('',(#381,#382,#383,#384));
#3673=EDGE_LOOP('',(#385,#386,#387,#388));
#3674=EDGE_LOOP('',(#389,#390,#391,#392));
#3675=EDGE_LOOP('',(#393,#394,#395,#396,#397,#398,#399,#400));
#3676=EDGE_LOOP('',(#401,#402,#403,#404));
#3677=EDGE_LOOP('',(#405,#406,#407,#408,#409,#410,#411,#412,#413,#414,#415,
#416,#417,#418,#419,#420));
#3678=EDGE_LOOP('',(#421,#422,#423,#424,#425,#426,#427,#428,#429,#430,#431,
#432,#433,#434));
#3679=EDGE_LOOP('',(#435));
#3680=EDGE_LOOP('',(#436,#437,#438,#439,#440,#441));
#3681=EDGE_LOOP('',(#442,#443,#444,#445,#446,#447,#448,#449));
#3682=EDGE_LOOP('',(#450,#451,#452,#453));
#3683=EDGE_LOOP('',(#454,#455,#456,#457,#458,#459,#460,#461));
#3684=EDGE_LOOP('',(#462,#463,#464,#465,#466,#467,#468,#469));
#3685=EDGE_LOOP('',(#470,#471,#472,#473,#474,#475,#476,#477));
#3686=EDGE_LOOP('',(#478,#479,#480,#481));
#3687=EDGE_LOOP('',(#482,#483,#484,#485));
#3688=EDGE_LOOP('',(#486,#487,#488,#489));
#3689=EDGE_LOOP('',(#490,#491,#492,#493));
#3690=EDGE_LOOP('',(#494,#495,#496,#497));
#3691=EDGE_LOOP('',(#498,#499,#500,#501));
#3692=EDGE_LOOP('',(#502,#503,#504,#505));
#3693=EDGE_LOOP('',(#506,#507,#508,#509));
#3694=EDGE_LOOP('',(#510,#511,#512,#513));
#3695=EDGE_LOOP('',(#514,#515,#516,#517));
#3696=EDGE_LOOP('',(#518,#519,#520,#521));
#3697=EDGE_LOOP('',(#522,#523,#524,#525));
#3698=EDGE_LOOP('',(#526,#527,#528,#529));
#3699=EDGE_LOOP('',(#530,#531,#532,#533));
#3700=EDGE_LOOP('',(#534,#535,#536,#537));
#3701=EDGE_LOOP('',(#538,#539,#540,#541,#542,#543));
#3702=EDGE_LOOP('',(#544,#545,#546,#547));
#3703=EDGE_LOOP('',(#548,#549,#550,#551,#552,#553,#554,#555));
#3704=EDGE_LOOP('',(#556,#557,#558,#559,#560,#561));
#3705=EDGE_LOOP('',(#562,#563));
#3706=EDGE_LOOP('',(#564));
#3707=EDGE_LOOP('',(#565,#566,#567,#568));
#3708=EDGE_LOOP('',(#569,#570,#571,#572));
#3709=EDGE_LOOP('',(#573,#574,#575,#576));
#3710=EDGE_LOOP('',(#577,#578,#579,#580));
#3711=EDGE_LOOP('',(#581,#582,#583,#584));
#3712=EDGE_LOOP('',(#585,#586,#587,#588));
#3713=EDGE_LOOP('',(#589,#590,#591,#592));
#3714=EDGE_LOOP('',(#593,#594,#595,#596));
#3715=EDGE_LOOP('',(#597,#598,#599,#600));
#3716=EDGE_LOOP('',(#601,#602,#603,#604));
#3717=EDGE_LOOP('',(#605,#606,#607,#608));
#3718=EDGE_LOOP('',(#609,#610,#611,#612));
#3719=EDGE_LOOP('',(#613,#614,#615,#616));
#3720=EDGE_LOOP('',(#617,#618,#619,#620));
#3721=EDGE_LOOP('',(#621,#622,#623,#624));
#3722=EDGE_LOOP('',(#625,#626,#627,#628));
#3723=EDGE_LOOP('',(#629,#630,#631,#632));
#3724=EDGE_LOOP('',(#633,#634,#635,#636));
#3725=EDGE_LOOP('',(#637,#638,#639,#640));
#3726=EDGE_LOOP('',(#641,#642,#643,#644));
#3727=EDGE_LOOP('',(#645,#646,#647,#648));
#3728=EDGE_LOOP('',(#649,#650,#651,#652));
#3729=EDGE_LOOP('',(#653,#654,#655,#656));
#3730=EDGE_LOOP('',(#657,#658,#659,#660,#661,#662));
#3731=EDGE_LOOP('',(#663,#664,#665,#666));
#3732=EDGE_LOOP('',(#667,#668,#669,#670));
#3733=EDGE_LOOP('',(#671,#672,#673,#674));
#3734=EDGE_LOOP('',(#675,#676,#677,#678));
#3735=EDGE_LOOP('',(#679,#680,#681,#682));
#3736=EDGE_LOOP('',(#683,#684,#685,#686));
#3737=EDGE_LOOP('',(#687,#688,#689,#690));
#3738=EDGE_LOOP('',(#691,#692,#693,#694,#695,#696,#697,#698,#699,#700,#701,
#702,#703,#704,#705,#706));
#3739=EDGE_LOOP('',(#707,#708,#709,#710));
#3740=EDGE_LOOP('',(#711,#712,#713,#714,#715,#716,#717,#718));
#3741=EDGE_LOOP('',(#719,#720,#721,#722,#723,#724,#725,#726,#727,#728,#729,
#730,#731,#732,#733,#734,#735,#736,#737,#738,#739,#740));
#3742=EDGE_LOOP('',(#741,#742,#743,#744,#745,#746,#747,#748,#749,#750,#751,
#752,#753,#754,#755,#756,#757,#758,#759,#760,#761,#762,#763,#764,#765,#766));
#3743=EDGE_LOOP('',(#767,#768,#769,#770,#771,#772,#773,#774,#775,#776,#777,
#778,#779,#780,#781,#782,#783,#784,#785,#786,#787,#788));
#3744=EDGE_LOOP('',(#789,#790,#791,#792,#793,#794,#795,#796,#797,#798,#799,
#800,#801,#802,#803,#804,#805,#806,#807,#808,#809,#810,#811,#812,#813,#814,
#815));
#3745=EDGE_LOOP('',(#816,#817,#818,#819));
#3746=EDGE_LOOP('',(#820,#821,#822,#823));
#3747=EDGE_LOOP('',(#824,#825,#826,#827));
#3748=EDGE_LOOP('',(#828,#829,#830,#831,#832,#833,#834,#835));
#3749=EDGE_LOOP('',(#836,#837,#838,#839));
#3750=EDGE_LOOP('',(#840,#841,#842,#843,#844,#845,#846,#847));
#3751=EDGE_LOOP('',(#848,#849,#850,#851));
#3752=EDGE_LOOP('',(#852,#853,#854,#855));
#3753=EDGE_LOOP('',(#856,#857,#858,#859));
#3754=EDGE_LOOP('',(#860,#861,#862,#863));
#3755=EDGE_LOOP('',(#864,#865,#866,#867));
#3756=EDGE_LOOP('',(#868,#869,#870,#871));
#3757=EDGE_LOOP('',(#872,#873,#874,#875));
#3758=EDGE_LOOP('',(#876,#877,#878,#879));
#3759=EDGE_LOOP('',(#880,#881,#882,#883));
#3760=EDGE_LOOP('',(#884,#885,#886,#887));
#3761=EDGE_LOOP('',(#888,#889,#890,#891));
#3762=EDGE_LOOP('',(#892,#893,#894,#895));
#3763=EDGE_LOOP('',(#896,#897,#898,#899));
#3764=EDGE_LOOP('',(#900,#901,#902,#903,#904,#905,#906,#907));
#3765=EDGE_LOOP('',(#908,#909,#910,#911));
#3766=EDGE_LOOP('',(#912,#913,#914,#915));
#3767=EDGE_LOOP('',(#916,#917,#918,#919));
#3768=EDGE_LOOP('',(#920,#921,#922,#923));
#3769=EDGE_LOOP('',(#924,#925,#926,#927));
#3770=EDGE_LOOP('',(#928,#929,#930,#931));
#3771=EDGE_LOOP('',(#932,#933,#934,#935));
#3772=EDGE_LOOP('',(#936,#937,#938,#939));
#3773=EDGE_LOOP('',(#940,#941,#942,#943));
#3774=EDGE_LOOP('',(#944,#945,#946,#947));
#3775=EDGE_LOOP('',(#948,#949,#950,#951));
#3776=EDGE_LOOP('',(#952,#953,#954,#955));
#3777=EDGE_LOOP('',(#956,#957,#958,#959));
#3778=EDGE_LOOP('',(#960,#961,#962,#963));
#3779=EDGE_LOOP('',(#964,#965,#966,#967));
#3780=EDGE_LOOP('',(#968,#969,#970,#971));
#3781=EDGE_LOOP('',(#972,#973,#974,#975));
#3782=EDGE_LOOP('',(#976,#977,#978,#979));
#3783=EDGE_LOOP('',(#980,#981,#982,#983));
#3784=EDGE_LOOP('',(#984,#985,#986,#987));
#3785=EDGE_LOOP('',(#988,#989,#990,#991));
#3786=EDGE_LOOP('',(#992,#993,#994,#995));
#3787=EDGE_LOOP('',(#996,#997,#998,#999));
#3788=EDGE_LOOP('',(#1000,#1001,#1002,#1003));
#3789=EDGE_LOOP('',(#1004,#1005,#1006,#1007));
#3790=EDGE_LOOP('',(#1008,#1009,#1010,#1011));
#3791=EDGE_LOOP('',(#1012,#1013,#1014,#1015,#1016,#1017,#1018,#1019,#1020,
#1021,#1022,#1023,#1024,#1025,#1026,#1027,#1028,#1029,#1030,#1031,#1032,
#1033));
#3792=EDGE_LOOP('',(#1034,#1035,#1036,#1037));
#3793=EDGE_LOOP('',(#1038,#1039,#1040,#1041));
#3794=EDGE_LOOP('',(#1042,#1043,#1044,#1045));
#3795=EDGE_LOOP('',(#1046,#1047,#1048,#1049));
#3796=EDGE_LOOP('',(#1050,#1051,#1052,#1053));
#3797=EDGE_LOOP('',(#1054,#1055,#1056,#1057));
#3798=EDGE_LOOP('',(#1058,#1059,#1060,#1061));
#3799=EDGE_LOOP('',(#1062,#1063,#1064,#1065));
#3800=EDGE_LOOP('',(#1066,#1067,#1068,#1069));
#3801=EDGE_LOOP('',(#1070,#1071,#1072,#1073));
#3802=EDGE_LOOP('',(#1074,#1075,#1076,#1077));
#3803=EDGE_LOOP('',(#1078,#1079,#1080,#1081));
#3804=EDGE_LOOP('',(#1082,#1083,#1084,#1085));
#3805=EDGE_LOOP('',(#1086,#1087,#1088,#1089));
#3806=EDGE_LOOP('',(#1090,#1091,#1092,#1093));
#3807=EDGE_LOOP('',(#1094,#1095,#1096,#1097));
#3808=EDGE_LOOP('',(#1098,#1099,#1100,#1101));
#3809=EDGE_LOOP('',(#1102,#1103,#1104,#1105));
#3810=EDGE_LOOP('',(#1106,#1107,#1108,#1109));
#3811=EDGE_LOOP('',(#1110,#1111,#1112,#1113));
#3812=EDGE_LOOP('',(#1114,#1115,#1116,#1117));
#3813=EDGE_LOOP('',(#1118,#1119,#1120,#1121));
#3814=EDGE_LOOP('',(#1122,#1123,#1124,#1125));
#3815=EDGE_LOOP('',(#1126,#1127,#1128,#1129));
#3816=EDGE_LOOP('',(#1130,#1131,#1132,#1133));
#3817=EDGE_LOOP('',(#1134,#1135,#1136,#1137));
#3818=EDGE_LOOP('',(#1138,#1139,#1140,#1141,#1142,#1143,#1144,#1145,#1146,
#1147,#1148,#1149,#1150,#1151,#1152,#1153,#1154,#1155,#1156,#1157,#1158,
#1159,#1160,#1161,#1162,#1163));
#3819=EDGE_LOOP('',(#1164,#1165,#1166,#1167));
#3820=EDGE_LOOP('',(#1168,#1169,#1170,#1171));
#3821=EDGE_LOOP('',(#1172,#1173,#1174,#1175));
#3822=EDGE_LOOP('',(#1176,#1177,#1178,#1179));
#3823=EDGE_LOOP('',(#1180,#1181,#1182,#1183));
#3824=EDGE_LOOP('',(#1184,#1185,#1186,#1187));
#3825=EDGE_LOOP('',(#1188,#1189,#1190,#1191));
#3826=EDGE_LOOP('',(#1192,#1193,#1194,#1195));
#3827=EDGE_LOOP('',(#1196,#1197,#1198,#1199));
#3828=EDGE_LOOP('',(#1200,#1201,#1202,#1203));
#3829=EDGE_LOOP('',(#1204,#1205,#1206,#1207));
#3830=EDGE_LOOP('',(#1208,#1209,#1210,#1211));
#3831=EDGE_LOOP('',(#1212,#1213,#1214,#1215));
#3832=EDGE_LOOP('',(#1216,#1217,#1218,#1219));
#3833=EDGE_LOOP('',(#1220,#1221,#1222,#1223));
#3834=EDGE_LOOP('',(#1224,#1225,#1226,#1227));
#3835=EDGE_LOOP('',(#1228,#1229,#1230,#1231));
#3836=EDGE_LOOP('',(#1232,#1233,#1234,#1235));
#3837=EDGE_LOOP('',(#1236,#1237,#1238,#1239));
#3838=EDGE_LOOP('',(#1240,#1241,#1242,#1243));
#3839=EDGE_LOOP('',(#1244,#1245,#1246,#1247));
#3840=EDGE_LOOP('',(#1248,#1249,#1250,#1251));
#3841=EDGE_LOOP('',(#1252,#1253,#1254,#1255));
#3842=EDGE_LOOP('',(#1256,#1257,#1258,#1259));
#3843=EDGE_LOOP('',(#1260,#1261,#1262,#1263));
#3844=EDGE_LOOP('',(#1264,#1265,#1266,#1267));
#3845=EDGE_LOOP('',(#1268,#1269,#1270,#1271,#1272,#1273,#1274,#1275,#1276,
#1277,#1278,#1279,#1280,#1281,#1282,#1283));
#3846=EDGE_LOOP('',(#1284,#1285,#1286,#1287,#1288,#1289,#1290,#1291,#1292,
#1293));
#3847=EDGE_LOOP('',(#1294,#1295,#1296,#1297));
#3848=EDGE_LOOP('',(#1298,#1299,#1300,#1301));
#3849=EDGE_LOOP('',(#1302,#1303,#1304,#1305));
#3850=EDGE_LOOP('',(#1306,#1307,#1308,#1309));
#3851=EDGE_LOOP('',(#1310,#1311,#1312,#1313));
#3852=EDGE_LOOP('',(#1314,#1315,#1316,#1317));
#3853=EDGE_LOOP('',(#1318,#1319,#1320,#1321));
#3854=EDGE_LOOP('',(#1322,#1323,#1324,#1325));
#3855=EDGE_LOOP('',(#1326,#1327,#1328,#1329));
#3856=EDGE_LOOP('',(#1330,#1331,#1332,#1333));
#3857=EDGE_LOOP('',(#1334,#1335,#1336,#1337));
#3858=EDGE_LOOP('',(#1338,#1339,#1340,#1341));
#3859=EDGE_LOOP('',(#1342,#1343,#1344,#1345));
#3860=EDGE_LOOP('',(#1346,#1347,#1348,#1349));
#3861=EDGE_LOOP('',(#1350,#1351,#1352,#1353));
#3862=EDGE_LOOP('',(#1354,#1355,#1356,#1357));
#3863=EDGE_LOOP('',(#1358,#1359,#1360,#1361));
#3864=EDGE_LOOP('',(#1362,#1363,#1364,#1365));
#3865=EDGE_LOOP('',(#1366,#1367,#1368,#1369));
#3866=EDGE_LOOP('',(#1370,#1371,#1372,#1373));
#3867=EDGE_LOOP('',(#1374,#1375,#1376,#1377));
#3868=EDGE_LOOP('',(#1378,#1379,#1380,#1381));
#3869=EDGE_LOOP('',(#1382,#1383,#1384,#1385));
#3870=EDGE_LOOP('',(#1386,#1387,#1388,#1389));
#3871=EDGE_LOOP('',(#1390,#1391,#1392,#1393));
#3872=EDGE_LOOP('',(#1394,#1395,#1396,#1397));
#3873=EDGE_LOOP('',(#1398,#1399,#1400,#1401));
#3874=EDGE_LOOP('',(#1402,#1403,#1404,#1405));
#3875=EDGE_LOOP('',(#1406,#1407,#1408,#1409));
#3876=EDGE_LOOP('',(#1410,#1411,#1412,#1413));
#3877=EDGE_LOOP('',(#1414,#1415,#1416,#1417));
#3878=EDGE_LOOP('',(#1418,#1419,#1420,#1421));
#3879=EDGE_LOOP('',(#1422,#1423,#1424,#1425,#1426,#1427,#1428,#1429,#1430,
#1431,#1432,#1433,#1434,#1435,#1436,#1437,#1438,#1439,#1440,#1441,#1442,
#1443));
#3880=EDGE_LOOP('',(#1444,#1445,#1446,#1447,#1448,#1449,#1450,#1451,#1452,
#1453));
#3881=EDGE_LOOP('',(#1454,#1455,#1456,#1457));
#3882=EDGE_LOOP('',(#1458,#1459,#1460,#1461));
#3883=EDGE_LOOP('',(#1462,#1463,#1464,#1465));
#3884=EDGE_LOOP('',(#1466,#1467,#1468,#1469));
#3885=EDGE_LOOP('',(#1470,#1471,#1472,#1473));
#3886=EDGE_LOOP('',(#1474,#1475,#1476,#1477));
#3887=EDGE_LOOP('',(#1478,#1479,#1480,#1481));
#3888=EDGE_LOOP('',(#1482,#1483,#1484,#1485));
#3889=EDGE_LOOP('',(#1486,#1487,#1488,#1489));
#3890=EDGE_LOOP('',(#1490,#1491,#1492,#1493));
#3891=EDGE_LOOP('',(#1494,#1495,#1496,#1497));
#3892=EDGE_LOOP('',(#1498,#1499,#1500,#1501));
#3893=EDGE_LOOP('',(#1502,#1503,#1504,#1505));
#3894=EDGE_LOOP('',(#1506,#1507,#1508,#1509));
#3895=EDGE_LOOP('',(#1510,#1511,#1512,#1513));
#3896=EDGE_LOOP('',(#1514,#1515,#1516,#1517));
#3897=EDGE_LOOP('',(#1518,#1519,#1520,#1521));
#3898=EDGE_LOOP('',(#1522,#1523,#1524,#1525));
#3899=EDGE_LOOP('',(#1526,#1527,#1528,#1529));
#3900=EDGE_LOOP('',(#1530,#1531,#1532,#1533));
#3901=EDGE_LOOP('',(#1534,#1535,#1536,#1537));
#3902=EDGE_LOOP('',(#1538,#1539,#1540,#1541));
#3903=EDGE_LOOP('',(#1542,#1543,#1544,#1545));
#3904=EDGE_LOOP('',(#1546,#1547,#1548,#1549));
#3905=EDGE_LOOP('',(#1550,#1551,#1552,#1553));
#3906=EDGE_LOOP('',(#1554,#1555,#1556,#1557));
#3907=EDGE_LOOP('',(#1558,#1559,#1560,#1561));
#3908=EDGE_LOOP('',(#1562,#1563,#1564,#1565,#1566,#1567,#1568,#1569,#1570,
#1571,#1572,#1573,#1574,#1575,#1576,#1577,#1578,#1579,#1580,#1581,#1582,
#1583,#1584,#1585,#1586,#1587,#1588));
#3909=EDGE_LOOP('',(#1589,#1590,#1591,#1592,#1593,#1594,#1595,#1596,#1597,
#1598));
#3910=EDGE_LOOP('',(#1599,#1600,#1601,#1602,#1603,#1604,#1605,#1606,#1607,
#1608));
#3911=FACE_BOUND('',#3660,.T.);
#3912=FACE_BOUND('',#3661,.T.);
#3913=FACE_BOUND('',#3662,.T.);
#3914=FACE_BOUND('',#3663,.T.);
#3915=FACE_BOUND('',#3664,.T.);
#3916=FACE_BOUND('',#3665,.T.);
#3917=FACE_BOUND('',#3666,.T.);
#3918=FACE_BOUND('',#3667,.T.);
#3919=FACE_BOUND('',#3668,.T.);
#3920=FACE_BOUND('',#3669,.T.);
#3921=FACE_BOUND('',#3670,.T.);
#3922=FACE_BOUND('',#3671,.T.);
#3923=FACE_BOUND('',#3672,.T.);
#3924=FACE_BOUND('',#3673,.T.);
#3925=FACE_BOUND('',#3674,.T.);
#3926=FACE_BOUND('',#3675,.T.);
#3927=FACE_BOUND('',#3676,.T.);
#3928=FACE_BOUND('',#3677,.T.);
#3929=FACE_BOUND('',#3678,.T.);
#3930=FACE_BOUND('',#3679,.T.);
#3931=FACE_BOUND('',#3680,.T.);
#3932=FACE_BOUND('',#3681,.T.);
#3933=FACE_BOUND('',#3682,.T.);
#3934=FACE_BOUND('',#3683,.T.);
#3935=FACE_BOUND('',#3684,.T.);
#3936=FACE_BOUND('',#3685,.T.);
#3937=FACE_BOUND('',#3686,.T.);
#3938=FACE_BOUND('',#3687,.T.);
#3939=FACE_BOUND('',#3688,.T.);
#3940=FACE_BOUND('',#3689,.T.);
#3941=FACE_BOUND('',#3690,.T.);
#3942=FACE_BOUND('',#3691,.T.);
#3943=FACE_BOUND('',#3692,.T.);
#3944=FACE_BOUND('',#3693,.T.);
#3945=FACE_BOUND('',#3694,.T.);
#3946=FACE_BOUND('',#3695,.T.);
#3947=FACE_BOUND('',#3696,.T.);
#3948=FACE_BOUND('',#3697,.T.);
#3949=FACE_BOUND('',#3698,.T.);
#3950=FACE_BOUND('',#3699,.T.);
#3951=FACE_BOUND('',#3700,.T.);
#3952=FACE_BOUND('',#3701,.T.);
#3953=FACE_BOUND('',#3702,.T.);
#3954=FACE_BOUND('',#3703,.T.);
#3955=FACE_BOUND('',#3704,.T.);
#3956=FACE_BOUND('',#3705,.T.);
#3957=FACE_BOUND('',#3706,.T.);
#3958=FACE_BOUND('',#3707,.T.);
#3959=FACE_BOUND('',#3708,.T.);
#3960=FACE_BOUND('',#3709,.T.);
#3961=FACE_BOUND('',#3710,.T.);
#3962=FACE_BOUND('',#3711,.T.);
#3963=FACE_BOUND('',#3712,.T.);
#3964=FACE_BOUND('',#3713,.T.);
#3965=FACE_BOUND('',#3714,.T.);
#3966=FACE_BOUND('',#3715,.T.);
#3967=FACE_BOUND('',#3716,.T.);
#3968=FACE_BOUND('',#3717,.T.);
#3969=FACE_BOUND('',#3718,.T.);
#3970=FACE_BOUND('',#3719,.T.);
#3971=FACE_BOUND('',#3720,.T.);
#3972=FACE_BOUND('',#3721,.T.);
#3973=FACE_BOUND('',#3722,.T.);
#3974=FACE_BOUND('',#3723,.T.);
#3975=FACE_BOUND('',#3724,.T.);
#3976=FACE_BOUND('',#3725,.T.);
#3977=FACE_BOUND('',#3726,.T.);
#3978=FACE_BOUND('',#3727,.T.);
#3979=FACE_BOUND('',#3728,.T.);
#3980=FACE_BOUND('',#3729,.T.);
#3981=FACE_BOUND('',#3730,.T.);
#3982=FACE_BOUND('',#3731,.T.);
#3983=FACE_BOUND('',#3732,.T.);
#3984=FACE_BOUND('',#3733,.T.);
#3985=FACE_BOUND('',#3734,.T.);
#3986=FACE_BOUND('',#3735,.T.);
#3987=FACE_BOUND('',#3736,.T.);
#3988=FACE_BOUND('',#3737,.T.);
#3989=FACE_BOUND('',#3738,.T.);
#3990=FACE_BOUND('',#3739,.T.);
#3991=FACE_BOUND('',#3740,.T.);
#3992=FACE_BOUND('',#3741,.T.);
#3993=FACE_BOUND('',#3742,.T.);
#3994=FACE_BOUND('',#3743,.T.);
#3995=FACE_BOUND('',#3744,.T.);
#3996=FACE_BOUND('',#3745,.T.);
#3997=FACE_BOUND('',#3746,.T.);
#3998=FACE_BOUND('',#3747,.T.);
#3999=FACE_BOUND('',#3748,.T.);
#4000=FACE_BOUND('',#3749,.T.);
#4001=FACE_BOUND('',#3750,.T.);
#4002=FACE_BOUND('',#3751,.T.);
#4003=FACE_BOUND('',#3752,.T.);
#4004=FACE_BOUND('',#3753,.T.);
#4005=FACE_BOUND('',#3754,.T.);
#4006=FACE_BOUND('',#3755,.T.);
#4007=FACE_BOUND('',#3756,.T.);
#4008=FACE_BOUND('',#3757,.T.);
#4009=FACE_BOUND('',#3758,.T.);
#4010=FACE_BOUND('',#3759,.T.);
#4011=FACE_BOUND('',#3760,.T.);
#4012=FACE_BOUND('',#3761,.T.);
#4013=FACE_BOUND('',#3762,.T.);
#4014=FACE_BOUND('',#3763,.T.);
#4015=FACE_BOUND('',#3764,.T.);
#4016=FACE_BOUND('',#3765,.T.);
#4017=FACE_BOUND('',#3766,.T.);
#4018=FACE_BOUND('',#3767,.T.);
#4019=FACE_BOUND('',#3768,.T.);
#4020=FACE_BOUND('',#3769,.T.);
#4021=FACE_BOUND('',#3770,.T.);
#4022=FACE_BOUND('',#3771,.T.);
#4023=FACE_BOUND('',#3772,.T.);
#4024=FACE_BOUND('',#3773,.T.);
#4025=FACE_BOUND('',#3774,.T.);
#4026=FACE_BOUND('',#3775,.T.);
#4027=FACE_BOUND('',#3776,.T.);
#4028=FACE_BOUND('',#3777,.T.);
#4029=FACE_BOUND('',#3778,.T.);
#4030=FACE_BOUND('',#3779,.T.);
#4031=FACE_BOUND('',#3780,.T.);
#4032=FACE_BOUND('',#3781,.T.);
#4033=FACE_BOUND('',#3782,.T.);
#4034=FACE_BOUND('',#3783,.T.);
#4035=FACE_BOUND('',#3784,.T.);
#4036=FACE_BOUND('',#3785,.T.);
#4037=FACE_BOUND('',#3786,.T.);
#4038=FACE_BOUND('',#3787,.T.);
#4039=FACE_BOUND('',#3788,.T.);
#4040=FACE_BOUND('',#3789,.T.);
#4041=FACE_BOUND('',#3790,.T.);
#4042=FACE_BOUND('',#3791,.T.);
#4043=FACE_BOUND('',#3792,.T.);
#4044=FACE_BOUND('',#3793,.T.);
#4045=FACE_BOUND('',#3794,.T.);
#4046=FACE_BOUND('',#3795,.T.);
#4047=FACE_BOUND('',#3796,.T.);
#4048=FACE_BOUND('',#3797,.T.);
#4049=FACE_BOUND('',#3798,.T.);
#4050=FACE_BOUND('',#3799,.T.);
#4051=FACE_BOUND('',#3800,.T.);
#4052=FACE_BOUND('',#3801,.T.);
#4053=FACE_BOUND('',#3802,.T.);
#4054=FACE_BOUND('',#3803,.T.);
#4055=FACE_BOUND('',#3804,.T.);
#4056=FACE_BOUND('',#3805,.T.);
#4057=FACE_BOUND('',#3806,.T.);
#4058=FACE_BOUND('',#3807,.T.);
#4059=FACE_BOUND('',#3808,.T.);
#4060=FACE_BOUND('',#3809,.T.);
#4061=FACE_BOUND('',#3810,.T.);
#4062=FACE_BOUND('',#3811,.T.);
#4063=FACE_BOUND('',#3812,.T.);
#4064=FACE_BOUND('',#3813,.T.);
#4065=FACE_BOUND('',#3814,.T.);
#4066=FACE_BOUND('',#3815,.T.);
#4067=FACE_BOUND('',#3816,.T.);
#4068=FACE_BOUND('',#3817,.T.);
#4069=FACE_BOUND('',#3818,.T.);
#4070=FACE_BOUND('',#3819,.T.);
#4071=FACE_BOUND('',#3820,.T.);
#4072=FACE_BOUND('',#3821,.T.);
#4073=FACE_BOUND('',#3822,.T.);
#4074=FACE_BOUND('',#3823,.T.);
#4075=FACE_BOUND('',#3824,.T.);
#4076=FACE_BOUND('',#3825,.T.);
#4077=FACE_BOUND('',#3826,.T.);
#4078=FACE_BOUND('',#3827,.T.);
#4079=FACE_BOUND('',#3828,.T.);
#4080=FACE_BOUND('',#3829,.T.);
#4081=FACE_BOUND('',#3830,.T.);
#4082=FACE_BOUND('',#3831,.T.);
#4083=FACE_BOUND('',#3832,.T.);
#4084=FACE_BOUND('',#3833,.T.);
#4085=FACE_BOUND('',#3834,.T.);
#4086=FACE_BOUND('',#3835,.T.);
#4087=FACE_BOUND('',#3836,.T.);
#4088=FACE_BOUND('',#3837,.T.);
#4089=FACE_BOUND('',#3838,.T.);
#4090=FACE_BOUND('',#3839,.T.);
#4091=FACE_BOUND('',#3840,.T.);
#4092=FACE_BOUND('',#3841,.T.);
#4093=FACE_BOUND('',#3842,.T.);
#4094=FACE_BOUND('',#3843,.T.);
#4095=FACE_BOUND('',#3844,.T.);
#4096=FACE_BOUND('',#3845,.T.);
#4097=FACE_BOUND('',#3846,.T.);
#4098=FACE_BOUND('',#3847,.T.);
#4099=FACE_BOUND('',#3848,.T.);
#4100=FACE_BOUND('',#3849,.T.);
#4101=FACE_BOUND('',#3850,.T.);
#4102=FACE_BOUND('',#3851,.T.);
#4103=FACE_BOUND('',#3852,.T.);
#4104=FACE_BOUND('',#3853,.T.);
#4105=FACE_BOUND('',#3854,.T.);
#4106=FACE_BOUND('',#3855,.T.);
#4107=FACE_BOUND('',#3856,.T.);
#4108=FACE_BOUND('',#3857,.T.);
#4109=FACE_BOUND('',#3858,.T.);
#4110=FACE_BOUND('',#3859,.T.);
#4111=FACE_BOUND('',#3860,.T.);
#4112=FACE_BOUND('',#3861,.T.);
#4113=FACE_BOUND('',#3862,.T.);
#4114=FACE_BOUND('',#3863,.T.);
#4115=FACE_BOUND('',#3864,.T.);
#4116=FACE_BOUND('',#3865,.T.);
#4117=FACE_BOUND('',#3866,.T.);
#4118=FACE_BOUND('',#3867,.T.);
#4119=FACE_BOUND('',#3868,.T.);
#4120=FACE_BOUND('',#3869,.T.);
#4121=FACE_BOUND('',#3870,.T.);
#4122=FACE_BOUND('',#3871,.T.);
#4123=FACE_BOUND('',#3872,.T.);
#4124=FACE_BOUND('',#3873,.T.);
#4125=FACE_BOUND('',#3874,.T.);
#4126=FACE_BOUND('',#3875,.T.);
#4127=FACE_BOUND('',#3876,.T.);
#4128=FACE_BOUND('',#3877,.T.);
#4129=FACE_BOUND('',#3878,.T.);
#4130=FACE_BOUND('',#3879,.T.);
#4131=FACE_BOUND('',#3880,.T.);
#4132=FACE_BOUND('',#3881,.T.);
#4133=FACE_BOUND('',#3882,.T.);
#4134=FACE_BOUND('',#3883,.T.);
#4135=FACE_BOUND('',#3884,.T.);
#4136=FACE_BOUND('',#3885,.T.);
#4137=FACE_BOUND('',#3886,.T.);
#4138=FACE_BOUND('',#3887,.T.);
#4139=FACE_BOUND('',#3888,.T.);
#4140=FACE_BOUND('',#3889,.T.);
#4141=FACE_BOUND('',#3890,.T.);
#4142=FACE_BOUND('',#3891,.T.);
#4143=FACE_BOUND('',#3892,.T.);
#4144=FACE_BOUND('',#3893,.T.);
#4145=FACE_BOUND('',#3894,.T.);
#4146=FACE_BOUND('',#3895,.T.);
#4147=FACE_BOUND('',#3896,.T.);
#4148=FACE_BOUND('',#3897,.T.);
#4149=FACE_BOUND('',#3898,.T.);
#4150=FACE_BOUND('',#3899,.T.);
#4151=FACE_BOUND('',#3900,.T.);
#4152=FACE_BOUND('',#3901,.T.);
#4153=FACE_BOUND('',#3902,.T.);
#4154=FACE_BOUND('',#3903,.T.);
#4155=FACE_BOUND('',#3904,.T.);
#4156=FACE_BOUND('',#3905,.T.);
#4157=FACE_BOUND('',#3906,.T.);
#4158=FACE_BOUND('',#3907,.T.);
#4159=FACE_BOUND('',#3908,.T.);
#4160=FACE_BOUND('',#3909,.T.);
#4161=FACE_BOUND('',#3910,.T.);
#4162=PLANE('',#4562);
#4163=PLANE('',#4563);
#4164=PLANE('',#4564);
#4165=PLANE('',#4565);
#4166=PLANE('',#4566);
#4167=PLANE('',#4579);
#4168=PLANE('',#4588);
#4169=PLANE('',#4589);
#4170=PLANE('',#4590);
#4171=PLANE('',#4591);
#4172=PLANE('',#4592);
#4173=PLANE('',#4597);
#4174=PLANE('',#4598);
#4175=PLANE('',#4599);
#4176=PLANE('',#4601);
#4177=PLANE('',#4602);
#4178=PLANE('',#4603);
#4179=PLANE('',#4604);
#4180=PLANE('',#4605);
#4181=PLANE('',#4606);
#4182=PLANE('',#4607);
#4183=PLANE('',#4608);
#4184=PLANE('',#4609);
#4185=PLANE('',#4610);
#4186=PLANE('',#4615);
#4187=PLANE('',#4616);
#4188=PLANE('',#4617);
#4189=PLANE('',#4618);
#4190=PLANE('',#4619);
#4191=PLANE('',#4620);
#4192=PLANE('',#4622);
#4193=PLANE('',#4623);
#4194=PLANE('',#4624);
#4195=PLANE('',#4626);
#4196=PLANE('',#4627);
#4197=PLANE('',#4628);
#4198=PLANE('',#4629);
#4199=PLANE('',#4630);
#4200=PLANE('',#4631);
#4201=PLANE('',#4632);
#4202=PLANE('',#4633);
#4203=PLANE('',#4634);
#4204=PLANE('',#4635);
#4205=PLANE('',#4636);
#4206=PLANE('',#4637);
#4207=PLANE('',#4638);
#4208=PLANE('',#4639);
#4209=PLANE('',#4640);
#4210=PLANE('',#4641);
#4211=PLANE('',#4642);
#4212=PLANE('',#4651);
#4213=PLANE('',#4652);
#4214=PLANE('',#4653);
#4215=PLANE('',#4654);
#4216=PLANE('',#4655);
#4217=PLANE('',#4656);
#4218=PLANE('',#4658);
#4219=PLANE('',#4667);
#4220=PLANE('',#4668);
#4221=PLANE('',#4669);
#4222=PLANE('',#4670);
#4223=PLANE('',#4671);
#4224=PLANE('',#4672);
#4225=PLANE('',#4673);
#4226=PLANE('',#4674);
#4227=PLANE('',#4675);
#4228=PLANE('',#4676);
#4229=PLANE('',#4677);
#4230=PLANE('',#4678);
#4231=PLANE('',#4679);
#4232=PLANE('',#4680);
#4233=PLANE('',#4681);
#4234=PLANE('',#4682);
#4235=PLANE('',#4683);
#4236=PLANE('',#4684);
#4237=PLANE('',#4693);
#4238=PLANE('',#4694);
#4239=PLANE('',#4695);
#4240=PLANE('',#4696);
#4241=PLANE('',#4697);
#4242=PLANE('',#4698);
#4243=PLANE('',#4699);
#4244=PLANE('',#4700);
#4245=PLANE('',#4701);
#4246=PLANE('',#4702);
#4247=PLANE('',#4703);
#4248=PLANE('',#4704);
#4249=PLANE('',#4705);
#4250=PLANE('',#4706);
#4251=PLANE('',#4707);
#4252=PLANE('',#4708);
#4253=PLANE('',#4709);
#4254=PLANE('',#4710);
#4255=PLANE('',#4711);
#4256=PLANE('',#4714);
#4257=PLANE('',#4715);
#4258=PLANE('',#4716);
#4259=PLANE('',#4717);
#4260=PLANE('',#4718);
#4261=PLANE('',#4719);
#4262=PLANE('',#4720);
#4263=PLANE('',#4721);
#4264=PLANE('',#4722);
#4265=PLANE('',#4723);
#4266=PLANE('',#4724);
#4267=PLANE('',#4725);
#4268=PLANE('',#4726);
#4269=PLANE('',#4729);
#4270=PLANE('',#4730);
#4271=PLANE('',#4731);
#4272=PLANE('',#4732);
#4273=PLANE('',#4733);
#4274=PLANE('',#4734);
#4275=PLANE('',#4735);
#4276=PLANE('',#4736);
#4277=PLANE('',#4737);
#4278=PLANE('',#4738);
#4279=PLANE('',#4739);
#4280=PLANE('',#4740);
#4281=PLANE('',#4741);
#4282=PLANE('',#4742);
#4283=PLANE('',#4745);
#4284=PLANE('',#4746);
#4285=PLANE('',#4747);
#4286=PLANE('',#4750);
#4287=PLANE('',#4751);
#4288=PLANE('',#4752);
#4289=PLANE('',#4753);
#4290=PLANE('',#4754);
#4291=PLANE('',#4755);
#4292=PLANE('',#4756);
#4293=PLANE('',#4757);
#4294=PLANE('',#4758);
#4295=PLANE('',#4759);
#4296=PLANE('',#4760);
#4297=PLANE('',#4761);
#4298=PLANE('',#4762);
#4299=PLANE('',#4763);
#4300=PLANE('',#4764);
#4301=PLANE('',#4765);
#4302=PLANE('',#4766);
#4303=PLANE('',#4767);
#4304=ADVANCED_FACE('',(#3911),#4162,.T.);
#4305=ADVANCED_FACE('',(#3912),#4163,.T.);
#4306=ADVANCED_FACE('',(#3913),#4164,.T.);
#4307=ADVANCED_FACE('',(#3914),#4165,.F.);
#4308=ADVANCED_FACE('',(#3915,#3916,#3917),#4166,.F.);
#4309=ADVANCED_FACE('',(#3918,#3919,#3920),#4167,.F.);
#4310=ADVANCED_FACE('',(#3921),#4168,.T.);
#4311=ADVANCED_FACE('',(#3922),#4169,.T.);
#4312=ADVANCED_FACE('',(#3923),#4170,.T.);
#4313=ADVANCED_FACE('',(#3924),#4171,.F.);
#4314=ADVANCED_FACE('',(#3925,#3926),#4172,.T.);
#4315=ADVANCED_FACE('',(#3927,#3928),#4173,.F.);
#4316=ADVANCED_FACE('',(#3929),#4174,.F.);
#4317=ADVANCED_FACE('',(#3930,#3931),#4175,.F.);
#4318=ADVANCED_FACE('',(#3932),#4176,.F.);
#4319=ADVANCED_FACE('',(#3933),#4177,.T.);
#4320=ADVANCED_FACE('',(#3934),#4178,.F.);
#4321=ADVANCED_FACE('',(#3935),#4179,.F.);
#4322=ADVANCED_FACE('',(#3936),#4180,.T.);
#4323=ADVANCED_FACE('',(#3937,#3938),#4181,.T.);
#4324=ADVANCED_FACE('',(#3939),#4182,.T.);
#4325=ADVANCED_FACE('',(#3940),#4183,.T.);
#4326=ADVANCED_FACE('',(#3941),#4184,.F.);
#4327=ADVANCED_FACE('',(#3942),#4185,.F.);
#4328=ADVANCED_FACE('',(#3943),#230,.F.);
#4329=ADVANCED_FACE('',(#3944),#231,.F.);
#4330=ADVANCED_FACE('',(#3945),#232,.F.);
#4331=ADVANCED_FACE('',(#3946),#233,.F.);
#4332=ADVANCED_FACE('',(#3947),#4186,.T.);
#4333=ADVANCED_FACE('',(#3948),#4187,.F.);
#4334=ADVANCED_FACE('',(#3949),#4188,.F.);
#4335=ADVANCED_FACE('',(#3950),#4189,.T.);
#4336=ADVANCED_FACE('',(#3951),#4190,.T.);
#4337=ADVANCED_FACE('',(#3952),#4191,.T.);
#4338=ADVANCED_FACE('',(#3953),#4192,.T.);
#4339=ADVANCED_FACE('',(#3954),#4193,.T.);
#4340=ADVANCED_FACE('',(#3955),#4194,.F.);
#4341=ADVANCED_FACE('',(#3956,#3957),#234,.F.);
#4342=ADVANCED_FACE('',(#3958),#4195,.F.);
#4343=ADVANCED_FACE('',(#3959),#4196,.T.);
#4344=ADVANCED_FACE('',(#3960),#4197,.T.);
#4345=ADVANCED_FACE('',(#3961),#4198,.F.);
#4346=ADVANCED_FACE('',(#3962),#4199,.T.);
#4347=ADVANCED_FACE('',(#3963),#4200,.F.);
#4348=ADVANCED_FACE('',(#3964),#4201,.T.);
#4349=ADVANCED_FACE('',(#3965),#4202,.T.);
#4350=ADVANCED_FACE('',(#3966),#4203,.T.);
#4351=ADVANCED_FACE('',(#3967),#4204,.T.);
#4352=ADVANCED_FACE('',(#3968),#4205,.T.);
#4353=ADVANCED_FACE('',(#3969),#4206,.T.);
#4354=ADVANCED_FACE('',(#3970),#4207,.F.);
#4355=ADVANCED_FACE('',(#3971),#4208,.T.);
#4356=ADVANCED_FACE('',(#3972),#4209,.F.);
#4357=ADVANCED_FACE('',(#3973),#4210,.F.);
#4358=ADVANCED_FACE('',(#3974),#4211,.T.);
#4359=ADVANCED_FACE('',(#3975),#235,.F.);
#4360=ADVANCED_FACE('',(#3976),#236,.F.);
#4361=ADVANCED_FACE('',(#3977),#237,.F.);
#4362=ADVANCED_FACE('',(#3978),#238,.F.);
#4363=ADVANCED_FACE('',(#3979),#239,.T.);
#4364=ADVANCED_FACE('',(#3980),#240,.T.);
#4365=ADVANCED_FACE('',(#3981),#241,.T.);
#4366=ADVANCED_FACE('',(#3982),#242,.T.);
#4367=ADVANCED_FACE('',(#3983),#4212,.F.);
#4368=ADVANCED_FACE('',(#3984),#4213,.T.);
#4369=ADVANCED_FACE('',(#3985),#4214,.T.);
#4370=ADVANCED_FACE('',(#3986),#4215,.T.);
#4371=ADVANCED_FACE('',(#3987),#4216,.F.);
#4372=ADVANCED_FACE('',(#3988),#4217,.T.);
#4373=ADVANCED_FACE('',(#3989,#3990,#3991,#3992,#3993,#3994,#3995),#4218,
 .T.);
#4374=ADVANCED_FACE('',(#3996),#4219,.F.);
#4375=ADVANCED_FACE('',(#3997),#4220,.F.);
#4376=ADVANCED_FACE('',(#3998),#4221,.T.);
#4377=ADVANCED_FACE('',(#3999),#4222,.T.);
#4378=ADVANCED_FACE('',(#4000,#4001),#4223,.F.);
#4379=ADVANCED_FACE('',(#4002),#4224,.T.);
#4380=ADVANCED_FACE('',(#4003),#4225,.F.);
#4381=ADVANCED_FACE('',(#4004),#4226,.F.);
#4382=ADVANCED_FACE('',(#4005),#4227,.T.);
#4383=ADVANCED_FACE('',(#4006),#4228,.F.);
#4384=ADVANCED_FACE('',(#4007),#4229,.F.);
#4385=ADVANCED_FACE('',(#4008),#4230,.T.);
#4386=ADVANCED_FACE('',(#4009),#4231,.T.);
#4387=ADVANCED_FACE('',(#4010),#4232,.F.);
#4388=ADVANCED_FACE('',(#4011),#4233,.F.);
#4389=ADVANCED_FACE('',(#4012),#4234,.F.);
#4390=ADVANCED_FACE('',(#4013),#4235,.T.);
#4391=ADVANCED_FACE('',(#4014,#4015),#4236,.F.);
#4392=ADVANCED_FACE('',(#4016),#243,.F.);
#4393=ADVANCED_FACE('',(#4017),#244,.F.);
#4394=ADVANCED_FACE('',(#4018),#245,.F.);
#4395=ADVANCED_FACE('',(#4019),#246,.F.);
#4396=ADVANCED_FACE('',(#4020),#4237,.T.);
#4397=ADVANCED_FACE('',(#4021),#10,.T.);
#4398=ADVANCED_FACE('',(#4022),#4238,.T.);
#4399=ADVANCED_FACE('',(#4023),#11,.T.);
#4400=ADVANCED_FACE('',(#4024),#4239,.T.);
#4401=ADVANCED_FACE('',(#4025),#12,.T.);
#4402=ADVANCED_FACE('',(#4026),#13,.T.);
#4403=ADVANCED_FACE('',(#4027),#4240,.T.);
#4404=ADVANCED_FACE('',(#4028),#14,.T.);
#4405=ADVANCED_FACE('',(#4029),#4241,.T.);
#4406=ADVANCED_FACE('',(#4030),#15,.T.);
#4407=ADVANCED_FACE('',(#4031),#4242,.T.);
#4408=ADVANCED_FACE('',(#4032),#16,.T.);
#4409=ADVANCED_FACE('',(#4033),#4243,.T.);
#4410=ADVANCED_FACE('',(#4034),#17,.T.);
#4411=ADVANCED_FACE('',(#4035),#4244,.T.);
#4412=ADVANCED_FACE('',(#4036),#4245,.T.);
#4413=ADVANCED_FACE('',(#4037),#18,.T.);
#4414=ADVANCED_FACE('',(#4038),#4246,.T.);
#4415=ADVANCED_FACE('',(#4039),#19,.T.);
#4416=ADVANCED_FACE('',(#4040),#4247,.T.);
#4417=ADVANCED_FACE('',(#4041),#20,.T.);
#4418=ADVANCED_FACE('',(#4042),#4248,.T.);
#4419=ADVANCED_FACE('',(#4043),#4249,.T.);
#4420=ADVANCED_FACE('',(#4044),#21,.T.);
#4421=ADVANCED_FACE('',(#4045),#4250,.T.);
#4422=ADVANCED_FACE('',(#4046),#4251,.T.);
#4423=ADVANCED_FACE('',(#4047),#4252,.T.);
#4424=ADVANCED_FACE('',(#4048),#22,.T.);
#4425=ADVANCED_FACE('',(#4049),#4253,.T.);
#4426=ADVANCED_FACE('',(#4050),#23,.T.);
#4427=ADVANCED_FACE('',(#4051),#24,.T.);
#4428=ADVANCED_FACE('',(#4052),#4254,.T.);
#4429=ADVANCED_FACE('',(#4053),#4255,.T.);
#4430=ADVANCED_FACE('',(#4054),#247,.F.);
#4431=ADVANCED_FACE('',(#4055),#25,.T.);
#4432=ADVANCED_FACE('',(#4056),#4256,.T.);
#4433=ADVANCED_FACE('',(#4057),#26,.T.);
#4434=ADVANCED_FACE('',(#4058),#4257,.T.);
#4435=ADVANCED_FACE('',(#4059),#4258,.T.);
#4436=ADVANCED_FACE('',(#4060),#4259,.T.);
#4437=ADVANCED_FACE('',(#4061),#27,.T.);
#4438=ADVANCED_FACE('',(#4062),#4260,.T.);
#4439=ADVANCED_FACE('',(#4063),#28,.T.);
#4440=ADVANCED_FACE('',(#4064),#29,.T.);
#4441=ADVANCED_FACE('',(#4065),#4261,.T.);
#4442=ADVANCED_FACE('',(#4066),#4262,.T.);
#4443=ADVANCED_FACE('',(#4067),#30,.T.);
#4444=ADVANCED_FACE('',(#4068),#31,.T.);
#4445=ADVANCED_FACE('',(#4069),#4263,.T.);
#4446=ADVANCED_FACE('',(#4070),#4264,.T.);
#4447=ADVANCED_FACE('',(#4071),#32,.T.);
#4448=ADVANCED_FACE('',(#4072),#4265,.T.);
#4449=ADVANCED_FACE('',(#4073),#33,.T.);
#4450=ADVANCED_FACE('',(#4074),#34,.T.);
#4451=ADVANCED_FACE('',(#4075),#4266,.T.);
#4452=ADVANCED_FACE('',(#4076),#35,.T.);
#4453=ADVANCED_FACE('',(#4077),#36,.T.);
#4454=ADVANCED_FACE('',(#4078),#4267,.T.);
#4455=ADVANCED_FACE('',(#4079),#4268,.T.);
#4456=ADVANCED_FACE('',(#4080),#248,.F.);
#4457=ADVANCED_FACE('',(#4081),#37,.T.);
#4458=ADVANCED_FACE('',(#4082),#4269,.T.);
#4459=ADVANCED_FACE('',(#4083),#4270,.T.);
#4460=ADVANCED_FACE('',(#4084),#38,.T.);
#4461=ADVANCED_FACE('',(#4085),#4271,.T.);
#4462=ADVANCED_FACE('',(#4086),#39,.T.);
#4463=ADVANCED_FACE('',(#4087),#4272,.T.);
#4464=ADVANCED_FACE('',(#4088),#40,.T.);
#4465=ADVANCED_FACE('',(#4089),#4273,.T.);
#4466=ADVANCED_FACE('',(#4090),#41,.T.);
#4467=ADVANCED_FACE('',(#4091),#42,.T.);
#4468=ADVANCED_FACE('',(#4092),#4274,.T.);
#4469=ADVANCED_FACE('',(#4093),#43,.T.);
#4470=ADVANCED_FACE('',(#4094),#44,.T.);
#4471=ADVANCED_FACE('',(#4095),#45,.T.);
#4472=ADVANCED_FACE('',(#4096,#4097),#4275,.T.);
#4473=ADVANCED_FACE('',(#4098),#4276,.T.);
#4474=ADVANCED_FACE('',(#4099),#46,.T.);
#4475=ADVANCED_FACE('',(#4100),#4277,.T.);
#4476=ADVANCED_FACE('',(#4101),#47,.T.);
#4477=ADVANCED_FACE('',(#4102),#4278,.T.);
#4478=ADVANCED_FACE('',(#4103),#48,.T.);
#4479=ADVANCED_FACE('',(#4104),#49,.T.);
#4480=ADVANCED_FACE('',(#4105),#4279,.T.);
#4481=ADVANCED_FACE('',(#4106),#50,.T.);
#4482=ADVANCED_FACE('',(#4107),#4280,.T.);
#4483=ADVANCED_FACE('',(#4108),#51,.T.);
#4484=ADVANCED_FACE('',(#4109),#4281,.T.);
#4485=ADVANCED_FACE('',(#4110),#4282,.T.);
#4486=ADVANCED_FACE('',(#4111),#52,.T.);
#4487=ADVANCED_FACE('',(#4112),#249,.F.);
#4488=ADVANCED_FACE('',(#4113),#4283,.T.);
#4489=ADVANCED_FACE('',(#4114),#53,.T.);
#4490=ADVANCED_FACE('',(#4115),#54,.T.);
#4491=ADVANCED_FACE('',(#4116),#4284,.T.);
#4492=ADVANCED_FACE('',(#4117),#55,.T.);
#4493=ADVANCED_FACE('',(#4118),#56,.T.);
#4494=ADVANCED_FACE('',(#4119),#4285,.T.);
#4495=ADVANCED_FACE('',(#4120),#250,.F.);
#4496=ADVANCED_FACE('',(#4121),#57,.T.);
#4497=ADVANCED_FACE('',(#4122),#4286,.T.);
#4498=ADVANCED_FACE('',(#4123),#4287,.T.);
#4499=ADVANCED_FACE('',(#4124),#58,.T.);
#4500=ADVANCED_FACE('',(#4125),#4288,.T.);
#4501=ADVANCED_FACE('',(#4126),#59,.T.);
#4502=ADVANCED_FACE('',(#4127),#4289,.T.);
#4503=ADVANCED_FACE('',(#4128),#60,.T.);
#4504=ADVANCED_FACE('',(#4129),#61,.T.);
#4505=ADVANCED_FACE('',(#4130,#4131),#4290,.T.);
#4506=ADVANCED_FACE('',(#4132),#4291,.T.);
#4507=ADVANCED_FACE('',(#4133),#62,.T.);
#4508=ADVANCED_FACE('',(#4134),#63,.T.);
#4509=ADVANCED_FACE('',(#4135),#64,.T.);
#4510=ADVANCED_FACE('',(#4136),#4292,.T.);
#4511=ADVANCED_FACE('',(#4137),#65,.T.);
#4512=ADVANCED_FACE('',(#4138),#4293,.T.);
#4513=ADVANCED_FACE('',(#4139),#66,.T.);
#4514=ADVANCED_FACE('',(#4140),#4294,.T.);
#4515=ADVANCED_FACE('',(#4141),#67,.T.);
#4516=ADVANCED_FACE('',(#4142),#68,.T.);
#4517=ADVANCED_FACE('',(#4143),#4295,.T.);
#4518=ADVANCED_FACE('',(#4144),#69,.T.);
#4519=ADVANCED_FACE('',(#4145),#4296,.T.);
#4520=ADVANCED_FACE('',(#4146),#70,.T.);
#4521=ADVANCED_FACE('',(#4147),#71,.T.);
#4522=ADVANCED_FACE('',(#4148),#72,.T.);
#4523=ADVANCED_FACE('',(#4149),#73,.T.);
#4524=ADVANCED_FACE('',(#4150),#4297,.T.);
#4525=ADVANCED_FACE('',(#4151),#74,.T.);
#4526=ADVANCED_FACE('',(#4152),#4298,.T.);
#4527=ADVANCED_FACE('',(#4153),#75,.T.);
#4528=ADVANCED_FACE('',(#4154),#4299,.T.);
#4529=ADVANCED_FACE('',(#4155),#76,.T.);
#4530=ADVANCED_FACE('',(#4156),#77,.T.);
#4531=ADVANCED_FACE('',(#4157),#4300,.T.);
#4532=ADVANCED_FACE('',(#4158),#78,.T.);
#4533=ADVANCED_FACE('',(#4159),#4301,.T.);
#4534=ADVANCED_FACE('',(#4160),#4302,.T.);
#4535=ADVANCED_FACE('',(#4161),#4303,.T.);
#4536=CLOSED_SHELL('',(#4304,#4305,#4306,#4307,#4308,#4309,#4310,#4311,
#4312,#4313,#4314,#4315,#4316,#4317,#4318,#4319,#4320,#4321,#4322,#4323,
#4324,#4325,#4326,#4327,#4328,#4329,#4330,#4331,#4332,#4333,#4334,#4335,
#4336,#4337,#4338,#4339,#4340,#4341,#4342,#4343,#4344,#4345,#4346,#4347,
#4348,#4349,#4350,#4351,#4352,#4353,#4354,#4355,#4356,#4357,#4358,#4359,
#4360,#4361,#4362,#4363,#4364,#4365,#4366,#4367,#4368,#4369,#4370,#4371,
#4372));
#4537=CLOSED_SHELL('',(#4373,#4374,#4375,#4376,#4377,#4378,#4379,#4380,
#4381,#4382,#4383,#4384,#4385,#4386,#4387,#4388,#4389,#4390,#4391,#4392,
#4393,#4394,#4395,#4396,#4397,#4398,#4399,#4400,#4401,#4402,#4403,#4404,
#4405,#4406,#4407,#4408,#4409,#4410,#4411,#4412,#4413,#4414,#4415,#4416,
#4417,#4418,#4419,#4420,#4421,#4422,#4423,#4424,#4425,#4426,#4427,#4428,
#4429,#4430,#4431,#4432,#4433,#4434,#4435,#4436,#4437,#4438,#4439,#4440,
#4441,#4442,#4443,#4444,#4445,#4446,#4447,#4448,#4449,#4450,#4451,#4452,
#4453,#4454,#4455,#4456,#4457,#4458,#4459,#4460,#4461,#4462,#4463,#4464,
#4465,#4466,#4467,#4468,#4469,#4470,#4471,#4472,#4473,#4474,#4475,#4476,
#4477,#4478,#4479,#4480,#4481,#4482,#4483,#4484,#4485,#4486,#4487,#4488,
#4489,#4490,#4491,#4492,#4493,#4494,#4495,#4496,#4497,#4498,#4499,#4500,
#4501,#4502,#4503,#4504,#4505,#4506,#4507,#4508,#4509,#4510,#4511,#4512,
#4513,#4514,#4515,#4516,#4517,#4518,#4519,#4520,#4521,#4522,#4523,#4524,
#4525,#4526,#4527,#4528,#4529,#4530,#4531,#4532,#4533,#4534,#4535));
#4538=STYLED_ITEM('',(#4540),#4553);
#4539=STYLED_ITEM('',(#4541),#4554);
#4540=PRESENTATION_STYLE_ASSIGNMENT((#4542));
#4541=PRESENTATION_STYLE_ASSIGNMENT((#4543));
#4542=SURFACE_STYLE_USAGE(.BOTH.,#4544);
#4543=SURFACE_STYLE_USAGE(.BOTH.,#4545);
#4544=SURFACE_SIDE_STYLE('',(#4546));
#4545=SURFACE_SIDE_STYLE('',(#4547));
#4546=SURFACE_STYLE_FILL_AREA(#4548);
#4547=SURFACE_STYLE_FILL_AREA(#4549);
#4548=FILL_AREA_STYLE('',(#4550));
#4549=FILL_AREA_STYLE('',(#4551));
#4550=FILL_AREA_STYLE_COLOUR('',#4552);
#4551=FILL_AREA_STYLE_COLOUR('',#4552);
#4552=COLOUR_RGB('',0.615686274509804,0.811764705882353,0.929411764705882);
#4553=MANIFOLD_SOLID_BREP('Part 1',#4536);
#4554=MANIFOLD_SOLID_BREP('Part 1',#4537);
#4555=SHAPE_DEFINITION_REPRESENTATION(#7769,#4558);
#4556=SHAPE_DEFINITION_REPRESENTATION(#7770,#4559);
#4557=SHAPE_DEFINITION_REPRESENTATION(#7772,#4560);
#4558=SHAPE_REPRESENTATION('Assembly 1',(#4561,#4657,#4768),#7760);
#4559=SHAPE_REPRESENTATION('Part 1',(#4561),#7761);
#4560=SHAPE_REPRESENTATION('Part 1',(#4561),#7762);
#4561=AXIS2_PLACEMENT_3D('',#5662,#4769,#4770);
#4562=AXIS2_PLACEMENT_3D('',#5663,#4771,#4772);
#4563=AXIS2_PLACEMENT_3D('',#5672,#4777,#4778);
#4564=AXIS2_PLACEMENT_3D('',#5689,#4787,#4788);
#4565=AXIS2_PLACEMENT_3D('',#5703,#4796,#4797);
#4566=AXIS2_PLACEMENT_3D('',#5717,#4805,#4806);
#4567=AXIS2_PLACEMENT_3D('',#5721,#4808,#4809);
#4568=AXIS2_PLACEMENT_3D('',#5725,#4811,#4812);
#4569=AXIS2_PLACEMENT_3D('',#5729,#4814,#4815);
#4570=AXIS2_PLACEMENT_3D('',#5733,#4817,#4818);
#4571=AXIS2_PLACEMENT_3D('',#5737,#4820,#4821);
#4572=AXIS2_PLACEMENT_3D('',#5741,#4823,#4824);
#4573=AXIS2_PLACEMENT_3D('',#5745,#4826,#4827);
#4574=AXIS2_PLACEMENT_3D('',#5749,#4829,#4830);
#4575=AXIS2_PLACEMENT_3D('',#5753,#4832,#4833);
#4576=AXIS2_PLACEMENT_3D('',#5757,#4835,#4836);
#4577=AXIS2_PLACEMENT_3D('',#5761,#4838,#4839);
#4578=AXIS2_PLACEMENT_3D('',#5765,#4841,#4842);
#4579=AXIS2_PLACEMENT_3D('',#5766,#4843,#4844);
#4580=AXIS2_PLACEMENT_3D('',#5775,#4849,#4850);
#4581=AXIS2_PLACEMENT_3D('',#5779,#4852,#4853);
#4582=AXIS2_PLACEMENT_3D('',#5783,#4855,#4856);
#4583=AXIS2_PLACEMENT_3D('',#5787,#4858,#4859);
#4584=AXIS2_PLACEMENT_3D('',#5791,#4861,#4862);
#4585=AXIS2_PLACEMENT_3D('',#5795,#4864,#4865);
#4586=AXIS2_PLACEMENT_3D('',#5799,#4867,#4868);
#4587=AXIS2_PLACEMENT_3D('',#5803,#4870,#4871);
#4588=AXIS2_PLACEMENT_3D('',#5804,#4872,#4873);
#4589=AXIS2_PLACEMENT_3D('',#5821,#4882,#4883);
#4590=AXIS2_PLACEMENT_3D('',#5828,#4888,#4889);
#4591=AXIS2_PLACEMENT_3D('',#5834,#4893,#4894);
#4592=AXIS2_PLACEMENT_3D('',#5840,#4898,#4899);
#4593=AXIS2_PLACEMENT_3D('',#5852,#4905,#4906);
#4594=AXIS2_PLACEMENT_3D('',#5856,#4908,#4909);
#4595=AXIS2_PLACEMENT_3D('',#5860,#4911,#4912);
#4596=AXIS2_PLACEMENT_3D('',#5864,#4914,#4915);
#4597=AXIS2_PLACEMENT_3D('',#5865,#4916,#4917);
#4598=AXIS2_PLACEMENT_3D('',#5892,#4933,#4934);
#4599=AXIS2_PLACEMENT_3D('',#5913,#4946,#4947);
#4600=AXIS2_PLACEMENT_3D('',#5914,#4948,#4949);
#4601=AXIS2_PLACEMENT_3D('',#5920,#4953,#4954);
#4602=AXIS2_PLACEMENT_3D('',#5929,#4960,#4961);
#4603=AXIS2_PLACEMENT_3D('',#5931,#4963,#4964);
#4604=AXIS2_PLACEMENT_3D('',#5938,#4969,#4970);
#4605=AXIS2_PLACEMENT_3D('',#5940,#4972,#4973);
#4606=AXIS2_PLACEMENT_3D('',#5946,#4977,#4978);
#4607=AXIS2_PLACEMENT_3D('',#5957,#4985,#4986);
#4608=AXIS2_PLACEMENT_3D('',#5960,#4989,#4990);
#4609=AXIS2_PLACEMENT_3D('',#5963,#4993,#4994);
#4610=AXIS2_PLACEMENT_3D('',#5966,#4997,#4998);
#4611=AXIS2_PLACEMENT_3D('',#5969,#5001,#5002);
#4612=AXIS2_PLACEMENT_3D('',#5970,#5003,#5004);
#4613=AXIS2_PLACEMENT_3D('',#5971,#5005,#5006);
#4614=AXIS2_PLACEMENT_3D('',#5972,#5007,#5008);
#4615=AXIS2_PLACEMENT_3D('',#5973,#5009,#5010);
#4616=AXIS2_PLACEMENT_3D('',#5976,#5013,#5014);
#4617=AXIS2_PLACEMENT_3D('',#5978,#5016,#5017);
#4618=AXIS2_PLACEMENT_3D('',#5980,#5019,#5020);
#4619=AXIS2_PLACEMENT_3D('',#5981,#5021,#5022);
#4620=AXIS2_PLACEMENT_3D('',#5984,#5025,#5026);
#4621=AXIS2_PLACEMENT_3D('',#5987,#5028,#5029);
#4622=AXIS2_PLACEMENT_3D('',#5991,#5032,#5033);
#4623=AXIS2_PLACEMENT_3D('',#5994,#5036,#5037);
#4624=AXIS2_PLACEMENT_3D('',#6001,#5042,#5043);
#4625=AXIS2_PLACEMENT_3D('',#6005,#5046,#5047);
#4626=AXIS2_PLACEMENT_3D('',#6013,#5048,#5049);
#4627=AXIS2_PLACEMENT_3D('',#6017,#5052,#5053);
#4628=AXIS2_PLACEMENT_3D('',#6019,#5055,#5056);
#4629=AXIS2_PLACEMENT_3D('',#6023,#5059,#5060);
#4630=AXIS2_PLACEMENT_3D('',#6025,#5062,#5063);
#4631=AXIS2_PLACEMENT_3D('',#6029,#5066,#5067);
#4632=AXIS2_PLACEMENT_3D('',#6031,#5069,#5070);
#4633=AXIS2_PLACEMENT_3D('',#6032,#5071,#5072);
#4634=AXIS2_PLACEMENT_3D('',#6033,#5073,#5074);
#4635=AXIS2_PLACEMENT_3D('',#6034,#5075,#5076);
#4636=AXIS2_PLACEMENT_3D('',#6036,#5078,#5079);
#4637=AXIS2_PLACEMENT_3D('',#6037,#5080,#5081);
#4638=AXIS2_PLACEMENT_3D('',#6039,#5083,#5084);
#4639=AXIS2_PLACEMENT_3D('',#6040,#5085,#5086);
#4640=AXIS2_PLACEMENT_3D('',#6043,#5089,#5090);
#4641=AXIS2_PLACEMENT_3D('',#6046,#5093,#5094);
#4642=AXIS2_PLACEMENT_3D('',#6049,#5097,#5098);
#4643=AXIS2_PLACEMENT_3D('',#6052,#5101,#5102);
#4644=AXIS2_PLACEMENT_3D('',#6053,#5103,#5104);
#4645=AXIS2_PLACEMENT_3D('',#6054,#5105,#5106);
#4646=AXIS2_PLACEMENT_3D('',#6055,#5107,#5108);
#4647=AXIS2_PLACEMENT_3D('',#6056,#5109,#5110);
#4648=AXIS2_PLACEMENT_3D('',#6057,#5111,#5112);
#4649=AXIS2_PLACEMENT_3D('',#6058,#5113,#5114);
#4650=AXIS2_PLACEMENT_3D('',#6059,#5115,#5116);
#4651=AXIS2_PLACEMENT_3D('',#6060,#5117,#5118);
#4652=AXIS2_PLACEMENT_3D('',#6062,#5120,#5121);
#4653=AXIS2_PLACEMENT_3D('',#6064,#5123,#5124);
#4654=AXIS2_PLACEMENT_3D('',#6065,#5125,#5126);
#4655=AXIS2_PLACEMENT_3D('',#6067,#5128,#5129);
#4656=AXIS2_PLACEMENT_3D('',#6069,#5131,#5132);
#4657=AXIS2_PLACEMENT_3D('',#6070,#5133,#5134);
#4658=AXIS2_PLACEMENT_3D('',#6071,#5135,#5136);
#4659=AXIS2_PLACEMENT_3D('',#6072,#5137,#5138);
#4660=AXIS2_PLACEMENT_3D('',#6131,#5151,#5152);
#4661=AXIS2_PLACEMENT_3D('',#6135,#5154,#5155);
#4662=AXIS2_PLACEMENT_3D('',#6139,#5157,#5158);
#4663=AXIS2_PLACEMENT_3D('',#6143,#5160,#5161);
#4664=AXIS2_PLACEMENT_3D('',#6259,#5181,#5182);
#4665=AXIS2_PLACEMENT_3D('',#6315,#5194,#5195);
#4666=AXIS2_PLACEMENT_3D('',#6339,#5199,#5200);
#4667=AXIS2_PLACEMENT_3D('',#6436,#5213,#5214);
#4668=AXIS2_PLACEMENT_3D('',#6445,#5219,#5220);
#4669=AXIS2_PLACEMENT_3D('',#6451,#5224,#5225);
#4670=AXIS2_PLACEMENT_3D('',#6457,#5229,#5230);
#4671=AXIS2_PLACEMENT_3D('',#6468,#5237,#5238);
#4672=AXIS2_PLACEMENT_3D('',#6482,#5246,#5247);
#4673=AXIS2_PLACEMENT_3D('',#6485,#5250,#5251);
#4674=AXIS2_PLACEMENT_3D('',#6487,#5253,#5254);
#4675=AXIS2_PLACEMENT_3D('',#6489,#5256,#5257);
#4676=AXIS2_PLACEMENT_3D('',#6490,#5258,#5259);
#4677=AXIS2_PLACEMENT_3D('',#6494,#5262,#5263);
#4678=AXIS2_PLACEMENT_3D('',#6498,#5266,#5267);
#4679=AXIS2_PLACEMENT_3D('',#6500,#5269,#5270);
#4680=AXIS2_PLACEMENT_3D('',#6501,#5271,#5272);
#4681=AXIS2_PLACEMENT_3D('',#6507,#5276,#5277);
#4682=AXIS2_PLACEMENT_3D('',#6513,#5281,#5282);
#4683=AXIS2_PLACEMENT_3D('',#6519,#5286,#5287);
#4684=AXIS2_PLACEMENT_3D('',#6525,#5291,#5292);
#4685=AXIS2_PLACEMENT_3D('',#6526,#5293,#5294);
#4686=AXIS2_PLACEMENT_3D('',#6527,#5295,#5296);
#4687=AXIS2_PLACEMENT_3D('',#6528,#5297,#5298);
#4688=AXIS2_PLACEMENT_3D('',#6529,#5299,#5300);
#4689=AXIS2_PLACEMENT_3D('',#6530,#5301,#5302);
#4690=AXIS2_PLACEMENT_3D('',#6531,#5303,#5304);
#4691=AXIS2_PLACEMENT_3D('',#6532,#5305,#5306);
#4692=AXIS2_PLACEMENT_3D('',#6533,#5307,#5308);
#4693=AXIS2_PLACEMENT_3D('',#6534,#5309,#5310);
#4694=AXIS2_PLACEMENT_3D('',#6553,#5315,#5316);
#4695=AXIS2_PLACEMENT_3D('',#6570,#5320,#5321);
#4696=AXIS2_PLACEMENT_3D('',#6600,#5326,#5327);
#4697=AXIS2_PLACEMENT_3D('',#6617,#5331,#5332);
#4698=AXIS2_PLACEMENT_3D('',#6634,#5336,#5337);
#4699=AXIS2_PLACEMENT_3D('',#6651,#5341,#5342);
#4700=AXIS2_PLACEMENT_3D('',#6668,#5346,#5347);
#4701=AXIS2_PLACEMENT_3D('',#6672,#5350,#5351);
#4702=AXIS2_PLACEMENT_3D('',#6689,#5355,#5356);
#4703=AXIS2_PLACEMENT_3D('',#6706,#5360,#5361);
#4704=AXIS2_PLACEMENT_3D('',#6721,#5364,#5365);
#4705=AXIS2_PLACEMENT_3D('',#6722,#5366,#5367);
#4706=AXIS2_PLACEMENT_3D('',#6741,#5372,#5373);
#4707=AXIS2_PLACEMENT_3D('',#6745,#5376,#5377);
#4708=AXIS2_PLACEMENT_3D('',#6749,#5380,#5381);
#4709=AXIS2_PLACEMENT_3D('',#6766,#5385,#5386);
#4710=AXIS2_PLACEMENT_3D('',#6796,#5391,#5392);
#4711=AXIS2_PLACEMENT_3D('',#6800,#5395,#5396);
#4712=AXIS2_PLACEMENT_3D('',#6804,#5399,#5400);
#4713=AXIS2_PLACEMENT_3D('',#6807,#5402,#5403);
#4714=AXIS2_PLACEMENT_3D('',#6821,#5405,#5406);
#4715=AXIS2_PLACEMENT_3D('',#6838,#5410,#5411);
#4716=AXIS2_PLACEMENT_3D('',#6842,#5414,#5415);
#4717=AXIS2_PLACEMENT_3D('',#6846,#5418,#5419);
#4718=AXIS2_PLACEMENT_3D('',#6863,#5423,#5424);
#4719=AXIS2_PLACEMENT_3D('',#6893,#5429,#5430);
#4720=AXIS2_PLACEMENT_3D('',#6897,#5433,#5434);
#4721=AXIS2_PLACEMENT_3D('',#6925,#5438,#5439);
#4722=AXIS2_PLACEMENT_3D('',#6926,#5440,#5441);
#4723=AXIS2_PLACEMENT_3D('',#6952,#5447,#5448);
#4724=AXIS2_PLACEMENT_3D('',#6992,#5454,#5455);
#4725=AXIS2_PLACEMENT_3D('',#7032,#5461,#5462);
#4726=AXIS2_PLACEMENT_3D('',#7038,#5466,#5467);
#4727=AXIS2_PLACEMENT_3D('',#7044,#5471,#5472);
#4728=AXIS2_PLACEMENT_3D('',#7047,#5474,#5475);
#4729=AXIS2_PLACEMENT_3D('',#7061,#5477,#5478);
#4730=AXIS2_PLACEMENT_3D('',#7065,#5481,#5482);
#4731=AXIS2_PLACEMENT_3D('',#7082,#5486,#5487);
#4732=AXIS2_PLACEMENT_3D('',#7099,#5491,#5492);
#4733=AXIS2_PLACEMENT_3D('',#7116,#5496,#5497);
#4734=AXIS2_PLACEMENT_3D('',#7146,#5502,#5503);
#4735=AXIS2_PLACEMENT_3D('',#7188,#5507,#5508);
#4736=AXIS2_PLACEMENT_3D('',#7189,#5509,#5510);
#4737=AXIS2_PLACEMENT_3D('',#7215,#5516,#5517);
#4738=AXIS2_PLACEMENT_3D('',#7238,#5522,#5523);
#4739=AXIS2_PLACEMENT_3D('',#7278,#5529,#5530);
#4740=AXIS2_PLACEMENT_3D('',#7301,#5535,#5536);
#4741=AXIS2_PLACEMENT_3D('',#7320,#5541,#5542);
#4742=AXIS2_PLACEMENT_3D('',#7324,#5545,#5546);
#4743=AXIS2_PLACEMENT_3D('',#7341,#5550,#5551);
#4744=AXIS2_PLACEMENT_3D('',#7344,#5553,#5554);
#4745=AXIS2_PLACEMENT_3D('',#7345,#5555,#5556);
#4746=AXIS2_PLACEMENT_3D('',#7375,#5561,#5562);
#4747=AXIS2_PLACEMENT_3D('',#7405,#5567,#5568);
#4748=AXIS2_PLACEMENT_3D('',#7409,#5571,#5572);
#4749=AXIS2_PLACEMENT_3D('',#7412,#5574,#5575);
#4750=AXIS2_PLACEMENT_3D('',#7426,#5577,#5578);
#4751=AXIS2_PLACEMENT_3D('',#7430,#5581,#5582);
#4752=AXIS2_PLACEMENT_3D('',#7447,#5586,#5587);
#4753=AXIS2_PLACEMENT_3D('',#7464,#5591,#5592);
#4754=AXIS2_PLACEMENT_3D('',#7493,#5595,#5596);
#4755=AXIS2_PLACEMENT_3D('',#7494,#5597,#5598);
#4756=AXIS2_PLACEMENT_3D('',#7539,#5605,#5606);
#4757=AXIS2_PLACEMENT_3D('',#7556,#5610,#5611);
#4758=AXIS2_PLACEMENT_3D('',#7573,#5615,#5616);
#4759=AXIS2_PLACEMENT_3D('',#7603,#5621,#5622);
#4760=AXIS2_PLACEMENT_3D('',#7620,#5626,#5627);
#4761=AXIS2_PLACEMENT_3D('',#7676,#5634,#5635);
#4762=AXIS2_PLACEMENT_3D('',#7693,#5639,#5640);
#4763=AXIS2_PLACEMENT_3D('',#7710,#5644,#5645);
#4764=AXIS2_PLACEMENT_3D('',#7740,#5650,#5651);
#4765=AXIS2_PLACEMENT_3D('',#7755,#5654,#5655);
#4766=AXIS2_PLACEMENT_3D('',#7756,#5656,#5657);
#4767=AXIS2_PLACEMENT_3D('',#7757,#5658,#5659);
#4768=AXIS2_PLACEMENT_3D('',#7758,#5660,#5661);
#4769=DIRECTION('',(0.,0.,1.));
#4770=DIRECTION('',(1.,0.,0.));
#4771=DIRECTION('',(0.,-1.,0.));
#4772=DIRECTION('',(1.,0.,0.));
#4773=DIRECTION('',(-1.,0.,-8.59612332808138E-17));
#4774=DIRECTION('',(3.41480999208033E-16,0.,1.));
#4775=DIRECTION('',(-1.,0.,-1.52702515017566E-16));
#4776=DIRECTION('',(0.,0.,-1.));
#4777=DIRECTION('',(0.,-1.,0.));
#4778=DIRECTION('',(1.,0.,0.));
#4779=DIRECTION('',(-1.,0.,-1.28941849921221E-16));
#4780=DIRECTION('',(3.41480999208033E-16,0.,-1.));
#4781=DIRECTION('',(-1.,0.,-1.52702515017566E-16));
#4782=DIRECTION('',(0.,0.,1.));
#4783=DIRECTION('',(-1.,0.,-1.70740499604017E-16));
#4784=DIRECTION('',(0.,0.,-1.));
#4785=DIRECTION('',(1.,0.,0.));
#4786=DIRECTION('',(0.,0.,1.));
#4787=DIRECTION('',(1.52702515017566E-16,0.,-1.));
#4788=DIRECTION('',(-1.,0.,-1.52702515017566E-16));
#4789=DIRECTION('',(0.,1.,0.));
#4790=DIRECTION('',(-1.,0.,-1.52702515017566E-16));
#4791=DIRECTION('',(0.,1.,0.));
#4792=DIRECTION('',(-1.,0.,-1.52702515017566E-16));
#4793=DIRECTION('',(0.,1.,0.));
#4794=DIRECTION('',(1.,0.,1.52702515017566E-16));
#4795=DIRECTION('',(0.,1.,0.));
#4796=DIRECTION('',(1.28941849921221E-16,0.,-1.));
#4797=DIRECTION('',(-1.,0.,-1.28941849921221E-16));
#4798=DIRECTION('',(0.,1.,0.));
#4799=DIRECTION('',(0.,1.,0.));
#4800=DIRECTION('',(1.,0.,1.28941849921221E-16));
#4801=DIRECTION('',(0.,1.,0.));
#4802=DIRECTION('',(-1.,0.,-1.28941849921221E-16));
#4803=DIRECTION('',(0.,1.,0.));
#4804=DIRECTION('',(-1.,0.,-1.28941849921221E-16));
#4805=DIRECTION('',(0.,-1.,0.));
#4806=DIRECTION('',(1.,0.,0.));
#4807=DIRECTION('',(1.,0.,0.));
#4808=DIRECTION('',(0.,-1.,0.));
#4809=DIRECTION('',(0.,0.,-1.));
#4810=DIRECTION('',(-1.36592399683213E-16,0.,-1.));
#4811=DIRECTION('',(0.,-1.,0.));
#4812=DIRECTION('',(0.,0.,-1.));
#4813=DIRECTION('',(-1.,0.,2.43914999434309E-16));
#4814=DIRECTION('',(0.,-1.,0.));
#4815=DIRECTION('',(0.,0.,-1.));
#4816=DIRECTION('',(0.,0.,-1.));
#4817=DIRECTION('',(0.,-1.,0.));
#4818=DIRECTION('',(0.,0.,-1.));
#4819=DIRECTION('',(-1.,0.,0.));
#4820=DIRECTION('',(0.,-1.,0.));
#4821=DIRECTION('',(0.,0.,-1.));
#4822=DIRECTION('',(0.,0.,1.));
#4823=DIRECTION('',(0.,-1.,0.));
#4824=DIRECTION('',(0.,0.,-1.));
#4825=DIRECTION('',(1.,0.,-1.57606615019092E-16));
#4826=DIRECTION('',(0.,-1.,0.));
#4827=DIRECTION('',(0.,0.,-1.));
#4828=DIRECTION('',(0.,0.,-1.));
#4829=DIRECTION('',(0.,-1.,0.));
#4830=DIRECTION('',(0.,0.,-1.));
#4831=DIRECTION('',(0.,0.,1.));
#4832=DIRECTION('',(0.,-1.,0.));
#4833=DIRECTION('',(0.,0.,-1.));
#4834=DIRECTION('',(1.,0.,0.));
#4835=DIRECTION('',(0.,-1.,0.));
#4836=DIRECTION('',(0.,0.,-1.));
#4837=DIRECTION('',(0.,0.,1.));
#4838=DIRECTION('',(0.,-1.,0.));
#4839=DIRECTION('',(0.,0.,-1.));
#4840=DIRECTION('',(1.,0.,0.));
#4841=DIRECTION('',(0.,-1.,0.));
#4842=DIRECTION('',(0.,0.,-1.));
#4843=DIRECTION('',(0.,1.,0.));
#4844=DIRECTION('',(-1.,0.,0.));
#4845=DIRECTION('',(0.,0.,-1.));
#4846=DIRECTION('',(0.,0.,-1.));
#4847=DIRECTION('',(1.,0.,8.59612332808139E-17));
#4848=DIRECTION('',(1.,0.,0.));
#4849=DIRECTION('',(0.,-1.,0.));
#4850=DIRECTION('',(0.,0.,-1.));
#4851=DIRECTION('',(0.,0.,-1.));
#4852=DIRECTION('',(0.,-1.,0.));
#4853=DIRECTION('',(0.,0.,-1.));
#4854=DIRECTION('',(-1.,0.,2.43914999434309E-16));
#4855=DIRECTION('',(0.,-1.,0.));
#4856=DIRECTION('',(0.,0.,-1.));
#4857=DIRECTION('',(-1.36592399683213E-16,0.,-1.));
#4858=DIRECTION('',(0.,-1.,0.));
#4859=DIRECTION('',(0.,0.,-1.));
#4860=DIRECTION('',(1.,0.,0.));
#4861=DIRECTION('',(0.,1.,0.));
#4862=DIRECTION('',(0.,0.,1.));
#4863=DIRECTION('',(0.,0.,1.));
#4864=DIRECTION('',(0.,1.,0.));
#4865=DIRECTION('',(0.,0.,1.));
#4866=DIRECTION('',(1.,0.,0.));
#4867=DIRECTION('',(0.,1.,0.));
#4868=DIRECTION('',(0.,0.,1.));
#4869=DIRECTION('',(0.,0.,1.));
#4870=DIRECTION('',(0.,1.,0.));
#4871=DIRECTION('',(0.,0.,1.));
#4872=DIRECTION('',(0.,-1.,0.));
#4873=DIRECTION('',(1.,0.,0.));
#4874=DIRECTION('',(3.41480999208033E-16,0.,1.));
#4875=DIRECTION('',(-1.,0.,-8.59612332808138E-17));
#4876=DIRECTION('',(0.,0.,1.));
#4877=DIRECTION('',(1.,0.,0.));
#4878=DIRECTION('',(0.,0.,-1.));
#4879=DIRECTION('',(-1.,0.,-1.70740499604017E-16));
#4880=DIRECTION('',(0.,0.,1.));
#4881=DIRECTION('',(-1.,0.,-1.52702515017566E-16));
#4882=DIRECTION('',(-1.,0.,0.));
#4883=DIRECTION('',(0.,0.,1.));
#4884=DIRECTION('',(0.,0.,1.));
#4885=DIRECTION('',(0.,-1.,0.));
#4886=DIRECTION('',(0.,1.,0.));
#4887=DIRECTION('',(0.,-1.,0.));
#4888=DIRECTION('',(-1.70740499604017E-16,0.,1.));
#4889=DIRECTION('',(1.,0.,1.70740499604017E-16));
#4890=DIRECTION('',(-1.,0.,-1.70740499604017E-16));
#4891=DIRECTION('',(0.,-1.,0.));
#4892=DIRECTION('',(0.,1.,0.));
#4893=DIRECTION('',(-1.70740499604017E-16,0.,1.));
#4894=DIRECTION('',(1.,0.,1.70740499604017E-16));
#4895=DIRECTION('',(0.,-1.,0.));
#4896=DIRECTION('',(-1.,0.,-1.70740499604017E-16));
#4897=DIRECTION('',(0.,1.,0.));
#4898=DIRECTION('',(0.,-1.,0.));
#4899=DIRECTION('',(1.,0.,0.));
#4900=DIRECTION('',(0.,0.,-1.));
#4901=DIRECTION('',(1.,0.,-1.13826999736011E-16));
#4902=DIRECTION('',(0.,0.,-1.));
#4903=DIRECTION('',(-1.,0.,0.));
#4904=DIRECTION('',(0.,0.,1.));
#4905=DIRECTION('',(0.,-1.,0.));
#4906=DIRECTION('',(0.,0.,-1.));
#4907=DIRECTION('',(-1.,0.,0.));
#4908=DIRECTION('',(0.,-1.,0.));
#4909=DIRECTION('',(0.,0.,-1.));
#4910=DIRECTION('',(0.,0.,-1.));
#4911=DIRECTION('',(0.,-1.,0.));
#4912=DIRECTION('',(0.,0.,-1.));
#4913=DIRECTION('',(1.,0.,-1.57606615019092E-16));
#4914=DIRECTION('',(0.,-1.,0.));
#4915=DIRECTION('',(0.,0.,-1.));
#4916=DIRECTION('',(-1.,0.,0.));
#4917=DIRECTION('',(0.,0.,1.));
#4918=DIRECTION('',(0.,1.,-1.21957499717155E-16));
#4919=DIRECTION('',(0.,0.,1.));
#4920=DIRECTION('',(0.,1.,-1.21957499717155E-16));
#4921=DIRECTION('',(0.,0.,1.));
#4922=DIRECTION('',(0.,0.,-1.));
#4923=DIRECTION('',(0.,-1.,0.));
#4924=DIRECTION('',(0.,0.,-1.));
#4925=DIRECTION('',(0.,-1.,0.));
#4926=DIRECTION('',(0.,-1.,0.));
#4927=DIRECTION('',(0.,0.,-1.));
#4928=DIRECTION('',(0.,-1.,0.));
#4929=DIRECTION('',(0.,0.,1.));
#4930=DIRECTION('',(0.,0.,-1.));
#4931=DIRECTION('',(0.,1.,0.));
#4932=DIRECTION('',(0.,1.,0.));
#4933=DIRECTION('',(0.,1.,0.));
#4934=DIRECTION('',(-1.,0.,0.));
#4935=DIRECTION('',(1.,0.,-1.13826999736011E-16));
#4936=DIRECTION('',(0.,0.,-1.));
#4937=DIRECTION('',(1.,0.,0.));
#4938=DIRECTION('',(1.,0.,1.52702515017566E-16));
#4939=DIRECTION('',(0.,0.,-1.));
#4940=DIRECTION('',(1.,0.,0.));
#4941=DIRECTION('',(0.,0.,1.));
#4942=DIRECTION('',(-1.,0.,0.));
#4943=DIRECTION('',(0.,0.,1.));
#4944=DIRECTION('',(-1.,0.,0.));
#4945=DIRECTION('',(0.,0.,-1.));
#4946=DIRECTION('',(1.13826999736011E-16,0.,1.));
#4947=DIRECTION('',(1.,0.,-1.13826999736011E-16));
#4948=DIRECTION('',(1.13826999736011E-16,0.,1.));
#4949=DIRECTION('',(1.,0.,-1.13826999736011E-16));
#4950=DIRECTION('',(0.,-1.,0.));
#4951=DIRECTION('',(0.,1.,0.));
#4952=DIRECTION('',(1.,0.,-1.13826999736011E-16));
#4953=DIRECTION('',(0.,0.,-1.));
#4954=DIRECTION('',(-1.,0.,0.));
#4955=DIRECTION('',(0.,-1.,0.));
#4956=DIRECTION('',(0.,-1.,0.));
#4957=DIRECTION('',(-1.,0.,0.));
#4958=DIRECTION('',(0.,-1.,0.));
#4959=DIRECTION('',(-1.,0.,0.));
#4960=DIRECTION('',(0.,-1.,0.));
#4961=DIRECTION('',(1.,0.,0.));
#4962=DIRECTION('',(3.41480999208033E-16,0.,-1.));
#4963=DIRECTION('',(1.52702515017566E-16,0.,-1.));
#4964=DIRECTION('',(-1.,0.,-1.52702515017566E-16));
#4965=DIRECTION('',(-1.,0.,-1.52702515017566E-16));
#4966=DIRECTION('',(0.,-1.,0.));
#4967=DIRECTION('',(0.,1.,0.));
#4968=DIRECTION('',(0.,-1.,0.));
#4969=DIRECTION('',(-1.,0.,0.));
#4970=DIRECTION('',(0.,0.,1.));
#4971=DIRECTION('',(0.,0.,1.));
#4972=DIRECTION('',(8.59612332808138E-17,0.,-1.));
#4973=DIRECTION('',(-1.,0.,-8.59612332808139E-17));
#4974=DIRECTION('',(0.,-1.,0.));
#4975=DIRECTION('',(-1.,0.,-8.59612332808139E-17));
#4976=DIRECTION('',(0.,-1.,0.));
#4977=DIRECTION('',(-1.,0.,0.));
#4978=DIRECTION('',(0.,0.,1.));
#4979=DIRECTION('',(0.,1.,0.));
#4980=DIRECTION('',(0.,1.,0.));
#4981=DIRECTION('',(0.,0.,1.));
#4982=DIRECTION('',(0.,1.,-1.21957499717155E-16));
#4983=DIRECTION('',(0.,0.,1.));
#4984=DIRECTION('',(0.,1.,-1.21957499717155E-16));
#4985=DIRECTION('',(-1.,0.,0.));
#4986=DIRECTION('',(0.,-1.,0.));
#4987=DIRECTION('',(0.,1.,0.));
#4988=DIRECTION('',(0.,1.,0.));
#4989=DIRECTION('',(1.,0.,-1.36592399683213E-16));
#4990=DIRECTION('',(-1.36592399683213E-16,0.,-1.));
#4991=DIRECTION('',(0.,1.,0.));
#4992=DIRECTION('',(0.,1.,0.));
#4993=DIRECTION('',(-2.43914999434309E-16,0.,-1.));
#4994=DIRECTION('',(-1.,0.,2.43914999434309E-16));
#4995=DIRECTION('',(0.,1.,0.));
#4996=DIRECTION('',(0.,1.,0.));
#4997=DIRECTION('',(0.,0.,1.));
#4998=DIRECTION('',(1.,0.,0.));
#4999=DIRECTION('',(0.,1.,0.));
#5000=DIRECTION('',(0.,1.,0.));
#5001=DIRECTION('',(0.,1.,0.));
#5002=DIRECTION('',(0.,0.,1.));
#5003=DIRECTION('',(0.,1.,0.));
#5004=DIRECTION('',(0.,0.,1.));
#5005=DIRECTION('',(0.,1.,0.));
#5006=DIRECTION('',(0.,0.,1.));
#5007=DIRECTION('',(0.,1.,0.));
#5008=DIRECTION('',(0.,0.,1.));
#5009=DIRECTION('',(0.,1.21957499717155E-16,1.));
#5010=DIRECTION('',(0.,-1.,1.21957499717155E-16));
#5011=DIRECTION('',(-1.,0.,0.));
#5012=DIRECTION('',(-1.,0.,0.));
#5013=DIRECTION('',(0.,-1.,0.));
#5014=DIRECTION('',(0.,0.,-1.));
#5015=DIRECTION('',(-1.,0.,0.));
#5016=DIRECTION('',(0.,1.21957499717155E-16,1.));
#5017=DIRECTION('',(0.,-1.,1.21957499717155E-16));
#5018=DIRECTION('',(-1.,0.,0.));
#5019=DIRECTION('',(0.,-1.,0.));
#5020=DIRECTION('',(0.,0.,-1.));
#5021=DIRECTION('',(0.,0.,-1.));
#5022=DIRECTION('',(-1.,0.,0.));
#5023=DIRECTION('',(0.,1.,0.));
#5024=DIRECTION('',(0.,1.,0.));
#5025=DIRECTION('',(1.57606615019092E-16,0.,1.));
#5026=DIRECTION('',(1.,0.,-1.57606615019092E-16));
#5027=DIRECTION('',(0.,1.,0.));
#5028=DIRECTION('',(1.57606615019092E-16,0.,1.));
#5029=DIRECTION('',(1.,0.,-1.57606615019092E-16));
#5030=DIRECTION('',(0.,1.,0.));
#5031=DIRECTION('',(0.,1.,0.));
#5032=DIRECTION('',(1.,0.,0.));
#5033=DIRECTION('',(0.,0.,-1.));
#5034=DIRECTION('',(0.,1.,0.));
#5035=DIRECTION('',(0.,1.,0.));
#5036=DIRECTION('',(0.,-1.,0.));
#5037=DIRECTION('',(1.,0.,0.));
#5038=DIRECTION('',(0.,0.,1.));
#5039=DIRECTION('',(-1.,0.,0.));
#5040=DIRECTION('',(-1.,0.,0.));
#5041=DIRECTION('',(0.,0.,1.));
#5042=DIRECTION('',(1.,0.,0.));
#5043=DIRECTION('',(0.,0.,-1.));
#5044=DIRECTION('',(0.,-1.,0.));
#5045=DIRECTION('',(0.,0.,-1.));
#5046=DIRECTION('',(1.57606615019092E-16,0.,1.));
#5047=DIRECTION('',(1.,0.,-1.57606615019092E-16));
#5048=DIRECTION('',(0.,0.,-1.));
#5049=DIRECTION('',(-1.,0.,0.));
#5050=DIRECTION('',(1.,0.,0.));
#5051=DIRECTION('',(0.,-1.,0.));
#5052=DIRECTION('',(1.,0.,0.));
#5053=DIRECTION('',(0.,0.,-1.));
#5054=DIRECTION('',(0.,0.,1.));
#5055=DIRECTION('',(0.,0.,1.));
#5056=DIRECTION('',(1.,0.,0.));
#5057=DIRECTION('',(-1.,0.,0.));
#5058=DIRECTION('',(0.,-1.,0.));
#5059=DIRECTION('',(1.,0.,0.));
#5060=DIRECTION('',(0.,0.,-1.));
#5061=DIRECTION('',(0.,0.,1.));
#5062=DIRECTION('',(0.,0.,-1.));
#5063=DIRECTION('',(-1.,0.,0.));
#5064=DIRECTION('',(1.,0.,0.));
#5065=DIRECTION('',(0.,-1.,0.));
#5066=DIRECTION('',(-1.,0.,0.));
#5067=DIRECTION('',(0.,0.,1.));
#5068=DIRECTION('',(0.,0.,-1.));
#5069=DIRECTION('',(0.,-1.,0.));
#5070=DIRECTION('',(1.,0.,0.));
#5071=DIRECTION('',(0.,-1.,0.));
#5072=DIRECTION('',(1.,0.,0.));
#5073=DIRECTION('',(0.,-1.,0.));
#5074=DIRECTION('',(1.,0.,0.));
#5075=DIRECTION('',(-1.,0.,0.));
#5076=DIRECTION('',(0.,0.,1.));
#5077=DIRECTION('',(0.,-1.,0.));
#5078=DIRECTION('',(0.,0.,-1.));
#5079=DIRECTION('',(-1.,0.,0.));
#5080=DIRECTION('',(-1.,0.,0.));
#5081=DIRECTION('',(0.,0.,1.));
#5082=DIRECTION('',(0.,-1.,0.));
#5083=DIRECTION('',(0.,0.,-1.));
#5084=DIRECTION('',(-1.,0.,0.));
#5085=DIRECTION('',(0.,0.,1.));
#5086=DIRECTION('',(1.,0.,0.));
#5087=DIRECTION('',(0.,1.,0.));
#5088=DIRECTION('',(0.,1.,0.));
#5089=DIRECTION('',(-1.,0.,0.));
#5090=DIRECTION('',(0.,0.,1.));
#5091=DIRECTION('',(0.,1.,0.));
#5092=DIRECTION('',(0.,1.,0.));
#5093=DIRECTION('',(0.,0.,1.));
#5094=DIRECTION('',(1.,0.,0.));
#5095=DIRECTION('',(0.,1.,0.));
#5096=DIRECTION('',(0.,1.,0.));
#5097=DIRECTION('',(-1.,0.,0.));
#5098=DIRECTION('',(0.,0.,1.));
#5099=DIRECTION('',(0.,1.,0.));
#5100=DIRECTION('',(0.,1.,0.));
#5101=DIRECTION('',(0.,-1.,0.));
#5102=DIRECTION('',(0.,0.,-1.));
#5103=DIRECTION('',(0.,1.,0.));
#5104=DIRECTION('',(0.,0.,1.));
#5105=DIRECTION('',(0.,-1.,0.));
#5106=DIRECTION('',(0.,0.,-1.));
#5107=DIRECTION('',(0.,1.,0.));
#5108=DIRECTION('',(0.,0.,1.));
#5109=DIRECTION('',(0.,1.,0.));
#5110=DIRECTION('',(0.,0.,1.));
#5111=DIRECTION('',(0.,1.,0.));
#5112=DIRECTION('',(0.,0.,1.));
#5113=DIRECTION('',(0.,1.,0.));
#5114=DIRECTION('',(0.,0.,1.));
#5115=DIRECTION('',(0.,1.,0.));
#5116=DIRECTION('',(0.,0.,1.));
#5117=DIRECTION('',(1.,0.,-3.41480999208033E-16));
#5118=DIRECTION('',(-3.41480999208033E-16,0.,-1.));
#5119=DIRECTION('',(3.41480999208033E-16,0.,1.));
#5120=DIRECTION('',(1.,0.,-3.41480999208033E-16));
#5121=DIRECTION('',(-3.41480999208033E-16,0.,-1.));
#5122=DIRECTION('',(3.41480999208033E-16,0.,1.));
#5123=DIRECTION('',(0.,-1.,0.));
#5124=DIRECTION('',(1.,0.,0.));
#5125=DIRECTION('',(-1.,0.,-3.41480999208033E-16));
#5126=DIRECTION('',(-3.41480999208033E-16,0.,1.));
#5127=DIRECTION('',(3.41480999208033E-16,0.,-1.));
#5128=DIRECTION('',(-1.,0.,-3.41480999208033E-16));
#5129=DIRECTION('',(-3.41480999208033E-16,0.,1.));
#5130=DIRECTION('',(3.41480999208033E-16,0.,-1.));
#5131=DIRECTION('',(0.,-1.,0.));
#5132=DIRECTION('',(1.,0.,0.));
#5133=DIRECTION('',(0.,0.,1.));
#5134=DIRECTION('',(1.,0.,0.));
#5135=DIRECTION('',(0.,-1.,0.));
#5136=DIRECTION('',(1.,0.,0.));
#5137=DIRECTION('',(0.,-1.,0.));
#5138=DIRECTION('',(0.,0.,-1.));
#5139=DIRECTION('',(0.,0.,-1.));
#5140=DIRECTION('',(-1.,0.,0.));
#5141=DIRECTION('',(0.,0.,1.));
#5142=DIRECTION('',(1.,0.,0.));
#5143=DIRECTION('',(0.,0.,-1.));
#5144=DIRECTION('',(-1.,0.,0.));
#5145=DIRECTION('',(0.,0.,-1.));
#5146=DIRECTION('',(0.,0.,1.));
#5147=DIRECTION('',(-1.,0.,-1.13826999736011E-16));
#5148=DIRECTION('',(0.,0.,1.));
#5149=DIRECTION('',(-1.,0.,-1.70740499604017E-16));
#5150=DIRECTION('',(0.,0.,-1.));
#5151=DIRECTION('',(0.,-1.,0.));
#5152=DIRECTION('',(0.,0.,-1.));
#5153=DIRECTION('',(-1.,0.,-9.42016549539401E-17));
#5154=DIRECTION('',(0.,-1.,0.));
#5155=DIRECTION('',(0.,0.,-1.));
#5156=DIRECTION('',(-2.33491281509766E-16,0.,1.));
#5157=DIRECTION('',(0.,-1.,0.));
#5158=DIRECTION('',(0.,0.,-1.));
#5159=DIRECTION('',(-1.,0.,9.42016549539401E-17));
#5160=DIRECTION('',(0.,-1.,0.));
#5161=DIRECTION('',(0.,0.,-1.));
#5162=DIRECTION('',(0.,0.,-1.));
#5163=DIRECTION('',(-1.,0.,0.));
#5164=DIRECTION('',(0.,0.,1.));
#5165=DIRECTION('',(1.,0.,0.));
#5166=DIRECTION('',(0.,0.,1.));
#5167=DIRECTION('',(0.,0.,1.));
#5168=DIRECTION('',(1.,0.,0.));
#5169=DIRECTION('',(0.,0.,-1.));
#5170=DIRECTION('',(-1.,0.,0.));
#5171=DIRECTION('',(0.,0.,-1.));
#5172=DIRECTION('',(1.,0.,0.));
#5173=DIRECTION('',(0.,0.,-1.));
#5174=DIRECTION('',(-0.892694197267775,0.,0.450662922997269));
#5175=DIRECTION('',(-0.889420553992798,0.,-0.457089792201866));
#5176=DIRECTION('',(0.,0.,1.));
#5177=DIRECTION('',(0.914686604094761,0.,0.404163848320942));
#5178=DIRECTION('',(0.,0.,1.));
#5179=DIRECTION('',(-0.916401724491268,0.,0.400259764839574));
#5180=DIRECTION('',(0.,0.,1.));
#5181=DIRECTION('',(0.,-1.,0.));
#5182=DIRECTION('',(0.,0.,-1.));
#5183=DIRECTION('',(0.886482956581518,0.,-0.462761242640836));
#5184=DIRECTION('',(0.892138571807843,0.,0.451761849532098));
#5185=DIRECTION('',(0.,0.,-1.));
#5186=DIRECTION('',(-0.909168618323103,0.,-0.416428173226141));
#5187=DIRECTION('',(0.,0.,-1.));
#5188=DIRECTION('',(0.907420544667725,0.,-0.420223696517616));
#5189=DIRECTION('',(0.,0.,-1.));
#5190=DIRECTION('',(-1.,0.,0.));
#5191=DIRECTION('',(0.,0.,1.));
#5192=DIRECTION('',(1.,0.,0.));
#5193=DIRECTION('',(0.,0.,1.));
#5194=DIRECTION('',(0.,-1.,0.));
#5195=DIRECTION('',(0.,0.,-1.));
#5196=DIRECTION('',(0.,0.,1.));
#5197=DIRECTION('',(1.,0.,0.));
#5198=DIRECTION('',(0.,0.,-1.));
#5199=DIRECTION('',(0.,-1.,0.));
#5200=DIRECTION('',(0.,0.,-1.));
#5201=DIRECTION('',(0.,0.,-1.));
#5202=DIRECTION('',(1.,0.,0.));
#5203=DIRECTION('',(0.,0.,-1.));
#5204=DIRECTION('',(-1.,0.,0.));
#5205=DIRECTION('',(0.,0.,1.));
#5206=DIRECTION('',(-1.,0.,0.));
#5207=DIRECTION('',(-0.485994571053941,0.,-0.873961828060068));
#5208=DIRECTION('',(0.,0.,1.));
#5209=DIRECTION('',(1.,0.,0.));
#5210=DIRECTION('',(0.,0.,-1.));
#5211=DIRECTION('',(1.,0.,0.));
#5212=DIRECTION('',(0.510969109417728,0.,0.859599074697532));
#5213=DIRECTION('',(-1.6069694080378E-16,0.,-1.));
#5214=DIRECTION('',(-1.,0.,1.6069694080378E-16));
#5215=DIRECTION('',(-1.,0.,1.6069694080378E-16));
#5216=DIRECTION('',(0.,1.,0.));
#5217=DIRECTION('',(-1.,0.,1.6069694080378E-16));
#5218=DIRECTION('',(0.,1.,0.));
#5219=DIRECTION('',(-1.,0.,0.));
#5220=DIRECTION('',(0.,0.,1.));
#5221=DIRECTION('',(0.,0.,1.));
#5222=DIRECTION('',(0.,0.,1.));
#5223=DIRECTION('',(0.,1.,0.));
#5224=DIRECTION('',(-1.6069694080378E-16,0.,-1.));
#5225=DIRECTION('',(-1.,0.,1.6069694080378E-16));
#5226=DIRECTION('',(0.,1.,0.));
#5227=DIRECTION('',(-1.,0.,1.6069694080378E-16));
#5228=DIRECTION('',(-1.,0.,1.6069694080378E-16));
#5229=DIRECTION('',(-1.,0.,3.03538665962696E-16));
#5230=DIRECTION('',(3.03538665962696E-16,0.,1.));
#5231=DIRECTION('',(3.03538665962696E-16,0.,1.));
#5232=DIRECTION('',(3.03538665962696E-16,0.,1.));
#5233=DIRECTION('',(0.,1.,0.));
#5234=DIRECTION('',(3.03538665962696E-16,0.,1.));
#5235=DIRECTION('',(0.,1.,0.));
#5236=DIRECTION('',(3.03538665962696E-16,0.,1.));
#5237=DIRECTION('',(0.,-1.,0.));
#5238=DIRECTION('',(1.,0.,0.));
#5239=DIRECTION('',(-1.,0.,-1.70740499604017E-16));
#5240=DIRECTION('',(0.,0.,1.));
#5241=DIRECTION('',(-1.,0.,-1.13826999736011E-16));
#5242=DIRECTION('',(0.,0.,1.));
#5243=DIRECTION('',(1.,0.,0.));
#5244=DIRECTION('',(1.,0.,0.));
#5245=DIRECTION('',(-2.48349817605842E-16,0.,-1.));
#5246=DIRECTION('',(1.70740499604017E-16,0.,-1.));
#5247=DIRECTION('',(-1.,0.,-1.70740499604017E-16));
#5248=DIRECTION('',(0.,1.,0.));
#5249=DIRECTION('',(0.,1.,0.));
#5250=DIRECTION('',(-1.,0.,0.));
#5251=DIRECTION('',(0.,0.,1.));
#5252=DIRECTION('',(0.,1.,0.));
#5253=DIRECTION('',(1.13826999736011E-16,0.,-1.));
#5254=DIRECTION('',(-1.,0.,-1.13826999736011E-16));
#5255=DIRECTION('',(0.,1.,0.));
#5256=DIRECTION('',(-1.,0.,0.));
#5257=DIRECTION('',(0.,0.,1.));
#5258=DIRECTION('',(0.,0.,1.));
#5259=DIRECTION('',(1.,0.,0.));
#5260=DIRECTION('',(0.,1.,0.));
#5261=DIRECTION('',(1.,0.,0.));
#5262=DIRECTION('',(1.,0.,-2.48349817605842E-16));
#5263=DIRECTION('',(-2.48349817605842E-16,0.,-1.));
#5264=DIRECTION('',(0.,1.,0.));
#5265=DIRECTION('',(-2.48349817605842E-16,0.,-1.));
#5266=DIRECTION('',(0.,0.,1.));
#5267=DIRECTION('',(1.,0.,0.));
#5268=DIRECTION('',(1.,0.,0.));
#5269=DIRECTION('',(0.,1.,0.));
#5270=DIRECTION('',(-1.,0.,0.));
#5271=DIRECTION('',(-1.,0.,0.));
#5272=DIRECTION('',(0.,0.,1.));
#5273=DIRECTION('',(0.,-1.,0.));
#5274=DIRECTION('',(0.,0.,-1.));
#5275=DIRECTION('',(0.,-1.,0.));
#5276=DIRECTION('',(-9.42016549539401E-17,0.,1.));
#5277=DIRECTION('',(1.,0.,9.42016549539401E-17));
#5278=DIRECTION('',(0.,-1.,0.));
#5279=DIRECTION('',(-1.,0.,-9.42016549539401E-17));
#5280=DIRECTION('',(0.,-1.,0.));
#5281=DIRECTION('',(1.,0.,2.33491281509766E-16));
#5282=DIRECTION('',(2.33491281509766E-16,0.,-1.));
#5283=DIRECTION('',(-2.33491281509766E-16,0.,1.));
#5284=DIRECTION('',(0.,-1.,0.));
#5285=DIRECTION('',(0.,-1.,0.));
#5286=DIRECTION('',(9.42016549539401E-17,0.,1.));
#5287=DIRECTION('',(1.,0.,-9.42016549539401E-17));
#5288=DIRECTION('',(0.,-1.,0.));
#5289=DIRECTION('',(-1.,0.,9.42016549539401E-17));
#5290=DIRECTION('',(0.,-1.,0.));
#5291=DIRECTION('',(0.,-1.,0.));
#5292=DIRECTION('',(1.,0.,0.));
#5293=DIRECTION('',(0.,-1.,0.));
#5294=DIRECTION('',(0.,0.,-1.));
#5295=DIRECTION('',(0.,-1.,0.));
#5296=DIRECTION('',(0.,0.,-1.));
#5297=DIRECTION('',(0.,-1.,0.));
#5298=DIRECTION('',(0.,0.,-1.));
#5299=DIRECTION('',(0.,-1.,0.));
#5300=DIRECTION('',(0.,0.,-1.));
#5301=DIRECTION('',(0.,-1.,0.));
#5302=DIRECTION('',(0.,0.,-1.));
#5303=DIRECTION('',(0.,-1.,0.));
#5304=DIRECTION('',(0.,0.,-1.));
#5305=DIRECTION('',(0.,1.,0.));
#5306=DIRECTION('',(0.,0.,1.));
#5307=DIRECTION('',(0.,1.,0.));
#5308=DIRECTION('',(0.,0.,1.));
#5309=DIRECTION('',(-1.,0.,0.));
#5310=DIRECTION('',(0.,0.,1.));
#5311=DIRECTION('',(0.,-1.,0.));
#5312=DIRECTION('',(0.,0.,-1.));
#5313=DIRECTION('',(0.,-1.,0.));
#5314=DIRECTION('',(0.,-1.,0.));
#5315=DIRECTION('',(0.,0.,-1.));
#5316=DIRECTION('',(-1.,0.,0.));
#5317=DIRECTION('',(0.,-1.,0.));
#5318=DIRECTION('',(1.,0.,0.));
#5319=DIRECTION('',(0.,-1.,0.));
#5320=DIRECTION('',(-1.,0.,0.));
#5321=DIRECTION('',(0.,0.,1.));
#5322=DIRECTION('',(0.,-1.,0.));
#5323=DIRECTION('',(0.,0.,-1.));
#5324=DIRECTION('',(0.,-1.,0.));
#5325=DIRECTION('',(0.,-1.,0.));
#5326=DIRECTION('',(0.,0.,1.));
#5327=DIRECTION('',(1.,0.,0.));
#5328=DIRECTION('',(0.,-1.,0.));
#5329=DIRECTION('',(-1.,0.,0.));
#5330=DIRECTION('',(0.,-1.,0.));
#5331=DIRECTION('',(-1.,0.,0.));
#5332=DIRECTION('',(0.,0.,1.));
#5333=DIRECTION('',(0.,-1.,0.));
#5334=DIRECTION('',(0.,0.,-1.));
#5335=DIRECTION('',(0.,-1.,0.));
#5336=DIRECTION('',(0.,0.,-1.));
#5337=DIRECTION('',(-1.,0.,0.));
#5338=DIRECTION('',(0.,-1.,0.));
#5339=DIRECTION('',(1.,0.,0.));
#5340=DIRECTION('',(0.,-1.,0.));
#5341=DIRECTION('',(1.,0.,0.));
#5342=DIRECTION('',(0.,0.,-1.));
#5343=DIRECTION('',(0.,-1.,0.));
#5344=DIRECTION('',(0.,0.,1.));
#5345=DIRECTION('',(0.,-1.,0.));
#5346=DIRECTION('',(1.,0.,0.));
#5347=DIRECTION('',(0.,0.,-1.));
#5348=DIRECTION('',(0.,-1.,0.));
#5349=DIRECTION('',(0.,0.,1.));
#5350=DIRECTION('',(0.,0.,-1.));
#5351=DIRECTION('',(-1.,0.,0.));
#5352=DIRECTION('',(0.,-1.,0.));
#5353=DIRECTION('',(1.,0.,0.));
#5354=DIRECTION('',(0.,-1.,0.));
#5355=DIRECTION('',(1.,0.,0.));
#5356=DIRECTION('',(0.,0.,-1.));
#5357=DIRECTION('',(0.,-1.,0.));
#5358=DIRECTION('',(0.,0.,1.));
#5359=DIRECTION('',(0.,-1.,0.));
#5360=DIRECTION('',(0.,0.,1.));
#5361=DIRECTION('',(1.,0.,0.));
#5362=DIRECTION('',(0.,-1.,0.));
#5363=DIRECTION('',(-1.,0.,0.));
#5364=DIRECTION('',(0.,-1.,0.));
#5365=DIRECTION('',(1.,0.,0.));
#5366=DIRECTION('',(-1.,0.,0.));
#5367=DIRECTION('',(0.,0.,1.));
#5368=DIRECTION('',(0.,-1.,0.));
#5369=DIRECTION('',(0.,0.,-1.));
#5370=DIRECTION('',(0.,-1.,0.));
#5371=DIRECTION('',(0.,-1.,0.));
#5372=DIRECTION('',(-0.420223696517616,0.,-0.907420544667725));
#5373=DIRECTION('',(-0.907420544667725,0.,0.420223696517616));
#5374=DIRECTION('',(0.,-1.,0.));
#5375=DIRECTION('',(0.907420544667725,0.,-0.420223696517616));
#5376=DIRECTION('',(-1.,0.,0.));
#5377=DIRECTION('',(0.,0.,1.));
#5378=DIRECTION('',(0.,-1.,0.));
#5379=DIRECTION('',(0.,0.,-1.));
#5380=DIRECTION('',(-0.416428173226141,0.,0.909168618323103));
#5381=DIRECTION('',(0.909168618323103,0.,0.416428173226141));
#5382=DIRECTION('',(0.,-1.,0.));
#5383=DIRECTION('',(-0.909168618323103,0.,-0.416428173226141));
#5384=DIRECTION('',(0.,-1.,0.));
#5385=DIRECTION('',(-1.,0.,0.));
#5386=DIRECTION('',(0.,0.,1.));
#5387=DIRECTION('',(0.,-1.,0.));
#5388=DIRECTION('',(0.,0.,-1.));
#5389=DIRECTION('',(0.,-1.,0.));
#5390=DIRECTION('',(0.,-1.,0.));
#5391=DIRECTION('',(0.451761849532098,0.,-0.892138571807843));
#5392=DIRECTION('',(-0.892138571807843,0.,-0.451761849532098));
#5393=DIRECTION('',(0.,-1.,0.));
#5394=DIRECTION('',(0.892138571807843,0.,0.451761849532098));
#5395=DIRECTION('',(-0.462761242640836,0.,-0.886482956581518));
#5396=DIRECTION('',(-0.886482956581518,0.,0.462761242640836));
#5397=DIRECTION('',(0.,-1.,0.));
#5398=DIRECTION('',(0.886482956581518,0.,-0.462761242640836));
#5399=DIRECTION('',(0.,-1.,0.));
#5400=DIRECTION('',(-0.0325894298131761,0.,0.999468823457967));
#5401=DIRECTION('',(0.,-1.,0.));
#5402=DIRECTION('',(0.,-1.,0.));
#5403=DIRECTION('',(0.,0.,-1.));
#5404=DIRECTION('',(0.,-1.,0.));
#5405=DIRECTION('',(1.,0.,0.));
#5406=DIRECTION('',(0.,0.,-1.));
#5407=DIRECTION('',(0.,-1.,0.));
#5408=DIRECTION('',(0.,0.,1.));
#5409=DIRECTION('',(0.,-1.,0.));
#5410=DIRECTION('',(0.400259764839574,0.,0.916401724491268));
#5411=DIRECTION('',(0.916401724491268,0.,-0.400259764839574));
#5412=DIRECTION('',(0.,-1.,0.));
#5413=DIRECTION('',(-0.916401724491268,0.,0.400259764839574));
#5414=DIRECTION('',(1.,0.,0.));
#5415=DIRECTION('',(0.,0.,-1.));
#5416=DIRECTION('',(0.,-1.,0.));
#5417=DIRECTION('',(0.,0.,1.));
#5418=DIRECTION('',(0.404163848320942,0.,-0.914686604094761));
#5419=DIRECTION('',(-0.914686604094761,0.,-0.404163848320942));
#5420=DIRECTION('',(0.,-1.,0.));
#5421=DIRECTION('',(0.914686604094761,0.,0.404163848320942));
#5422=DIRECTION('',(0.,-1.,0.));
#5423=DIRECTION('',(1.,0.,0.));
#5424=DIRECTION('',(0.,0.,-1.));
#5425=DIRECTION('',(0.,-1.,0.));
#5426=DIRECTION('',(0.,0.,1.));
#5427=DIRECTION('',(0.,-1.,0.));
#5428=DIRECTION('',(0.,-1.,0.));
#5429=DIRECTION('',(-0.457089792201866,0.,0.889420553992797));
#5430=DIRECTION('',(0.889420553992798,0.,0.457089792201866));
#5431=DIRECTION('',(0.,-1.,0.));
#5432=DIRECTION('',(-0.889420553992798,0.,-0.457089792201866));
#5433=DIRECTION('',(0.450662922997269,0.,0.892694197267775));
#5434=DIRECTION('',(0.892694197267775,0.,-0.450662922997269));
#5435=DIRECTION('',(0.,-1.,0.));
#5436=DIRECTION('',(-0.892694197267775,0.,0.450662922997269));
#5437=DIRECTION('',(0.,-1.,0.));
#5438=DIRECTION('',(0.,-1.,0.));
#5439=DIRECTION('',(1.,0.,0.));
#5440=DIRECTION('',(0.,0.,1.));
#5441=DIRECTION('',(1.,0.,0.));
#5442=DIRECTION('',(-1.,0.,0.));
#5443=DIRECTION('',(0.,-1.,0.));
#5444=DIRECTION('',(-1.,0.,0.));
#5445=DIRECTION('',(0.,-1.,0.));
#5446=DIRECTION('',(0.,-1.,0.));
#5447=DIRECTION('',(1.,0.,0.));
#5448=DIRECTION('',(0.,0.,-1.));
#5449=DIRECTION('',(0.,0.,1.));
#5450=DIRECTION('',(0.,-1.,0.));
#5451=DIRECTION('',(0.,0.,1.));
#5452=DIRECTION('',(0.,-1.,0.));
#5453=DIRECTION('',(0.,-1.,0.));
#5454=DIRECTION('',(0.,0.,-1.));
#5455=DIRECTION('',(-1.,0.,0.));
#5456=DIRECTION('',(1.,0.,0.));
#5457=DIRECTION('',(0.,-1.,0.));
#5458=DIRECTION('',(1.,0.,0.));
#5459=DIRECTION('',(0.,-1.,0.));
#5460=DIRECTION('',(0.,-1.,0.));
#5461=DIRECTION('',(-1.,0.,0.));
#5462=DIRECTION('',(0.,0.,1.));
#5463=DIRECTION('',(0.,0.,-1.));
#5464=DIRECTION('',(0.,-1.,0.));
#5465=DIRECTION('',(0.,0.,-1.));
#5466=DIRECTION('',(-1.,0.,0.));
#5467=DIRECTION('',(0.,0.,1.));
#5468=DIRECTION('',(0.,-1.,0.));
#5469=DIRECTION('',(0.,0.,-1.));
#5470=DIRECTION('',(0.,-1.,0.));
#5471=DIRECTION('',(0.,-1.,0.));
#5472=DIRECTION('',(0.974709301190142,0.,0.223476571866996));
#5473=DIRECTION('',(0.,-1.,0.));
#5474=DIRECTION('',(0.,-1.,0.));
#5475=DIRECTION('',(0.,0.,-1.));
#5476=DIRECTION('',(0.,-1.,0.));
#5477=DIRECTION('',(-1.,0.,0.));
#5478=DIRECTION('',(0.,0.,1.));
#5479=DIRECTION('',(0.,-1.,0.));
#5480=DIRECTION('',(0.,0.,-1.));
#5481=DIRECTION('',(0.,0.,1.));
#5482=DIRECTION('',(1.,0.,0.));
#5483=DIRECTION('',(0.,-1.,0.));
#5484=DIRECTION('',(-1.,0.,0.));
#5485=DIRECTION('',(0.,-1.,0.));
#5486=DIRECTION('',(-1.,0.,0.));
#5487=DIRECTION('',(0.,0.,1.));
#5488=DIRECTION('',(0.,-1.,0.));
#5489=DIRECTION('',(0.,0.,-1.));
#5490=DIRECTION('',(0.,-1.,0.));
#5491=DIRECTION('',(0.,0.,-1.));
#5492=DIRECTION('',(-1.,0.,0.));
#5493=DIRECTION('',(0.,-1.,0.));
#5494=DIRECTION('',(1.,0.,0.));
#5495=DIRECTION('',(0.,-1.,0.));
#5496=DIRECTION('',(1.,0.,0.));
#5497=DIRECTION('',(0.,0.,-1.));
#5498=DIRECTION('',(0.,-1.,0.));
#5499=DIRECTION('',(0.,0.,1.));
#5500=DIRECTION('',(0.,-1.,0.));
#5501=DIRECTION('',(0.,-1.,0.));
#5502=DIRECTION('',(0.,0.,1.));
#5503=DIRECTION('',(1.,0.,0.));
#5504=DIRECTION('',(0.,-1.,0.));
#5505=DIRECTION('',(-1.,0.,0.));
#5506=DIRECTION('',(0.,-1.,0.));
#5507=DIRECTION('',(0.,-1.,0.));
#5508=DIRECTION('',(1.,0.,0.));
#5509=DIRECTION('',(1.,0.,0.));
#5510=DIRECTION('',(0.,0.,-1.));
#5511=DIRECTION('',(0.,0.,1.));
#5512=DIRECTION('',(0.,-1.,0.));
#5513=DIRECTION('',(0.,0.,1.));
#5514=DIRECTION('',(0.,-1.,0.));
#5515=DIRECTION('',(0.,-1.,0.));
#5516=DIRECTION('',(0.,0.,-1.));
#5517=DIRECTION('',(-1.,0.,0.));
#5518=DIRECTION('',(1.,0.,0.));
#5519=DIRECTION('',(0.,-1.,0.));
#5520=DIRECTION('',(1.,0.,0.));
#5521=DIRECTION('',(0.,-1.,0.));
#5522=DIRECTION('',(-1.,0.,0.));
#5523=DIRECTION('',(0.,0.,1.));
#5524=DIRECTION('',(0.,0.,-1.));
#5525=DIRECTION('',(0.,-1.,0.));
#5526=DIRECTION('',(0.,0.,-1.));
#5527=DIRECTION('',(0.,-1.,0.));
#5528=DIRECTION('',(0.,-1.,0.));
#5529=DIRECTION('',(0.,0.,1.));
#5530=DIRECTION('',(1.,0.,0.));
#5531=DIRECTION('',(-1.,0.,0.));
#5532=DIRECTION('',(0.,-1.,0.));
#5533=DIRECTION('',(-1.,0.,0.));
#5534=DIRECTION('',(0.,-1.,0.));
#5535=DIRECTION('',(-1.,0.,0.));
#5536=DIRECTION('',(0.,0.,1.));
#5537=DIRECTION('',(0.,-1.,0.));
#5538=DIRECTION('',(0.,0.,-1.));
#5539=DIRECTION('',(0.,-1.,0.));
#5540=DIRECTION('',(0.,-1.,0.));
#5541=DIRECTION('',(0.,0.,-1.));
#5542=DIRECTION('',(-1.,0.,0.));
#5543=DIRECTION('',(0.,-1.,0.));
#5544=DIRECTION('',(1.,0.,0.));
#5545=DIRECTION('',(-1.,0.,0.));
#5546=DIRECTION('',(0.,0.,1.));
#5547=DIRECTION('',(0.,-1.,0.));
#5548=DIRECTION('',(0.,0.,-1.));
#5549=DIRECTION('',(0.,-1.,0.));
#5550=DIRECTION('',(0.,-1.,0.));
#5551=DIRECTION('',(0.974793836132756,0.,-0.223107545900145));
#5552=DIRECTION('',(0.,-1.,0.));
#5553=DIRECTION('',(0.,-1.,0.));
#5554=DIRECTION('',(0.,0.,-1.));
#5555=DIRECTION('',(-1.,0.,0.));
#5556=DIRECTION('',(0.,0.,1.));
#5557=DIRECTION('',(0.,-1.,0.));
#5558=DIRECTION('',(0.,0.,-1.));
#5559=DIRECTION('',(0.,-1.,0.));
#5560=DIRECTION('',(0.,-1.,0.));
#5561=DIRECTION('',(0.,0.,-1.));
#5562=DIRECTION('',(-1.,0.,0.));
#5563=DIRECTION('',(0.,-1.,0.));
#5564=DIRECTION('',(1.,0.,0.));
#5565=DIRECTION('',(0.,-1.,0.));
#5566=DIRECTION('',(0.,-1.,0.));
#5567=DIRECTION('',(1.,0.,0.));
#5568=DIRECTION('',(0.,0.,-1.));
#5569=DIRECTION('',(0.,-1.,0.));
#5570=DIRECTION('',(0.,0.,1.));
#5571=DIRECTION('',(0.,-1.,0.));
#5572=DIRECTION('',(-0.974793836132757,0.,-0.223107545900142));
#5573=DIRECTION('',(0.,-1.,0.));
#5574=DIRECTION('',(0.,-1.,0.));
#5575=DIRECTION('',(0.,0.,-1.));
#5576=DIRECTION('',(0.,-1.,0.));
#5577=DIRECTION('',(1.,0.,0.));
#5578=DIRECTION('',(0.,0.,-1.));
#5579=DIRECTION('',(0.,-1.,0.));
#5580=DIRECTION('',(0.,0.,1.));
#5581=DIRECTION('',(0.,0.,-1.));
#5582=DIRECTION('',(-1.,0.,0.));
#5583=DIRECTION('',(0.,-1.,0.));
#5584=DIRECTION('',(1.,0.,0.));
#5585=DIRECTION('',(0.,-1.,0.));
#5586=DIRECTION('',(1.,0.,0.));
#5587=DIRECTION('',(0.,0.,-1.));
#5588=DIRECTION('',(0.,-1.,0.));
#5589=DIRECTION('',(0.,0.,1.));
#5590=DIRECTION('',(0.,-1.,0.));
#5591=DIRECTION('',(0.,0.,1.));
#5592=DIRECTION('',(1.,0.,0.));
#5593=DIRECTION('',(0.,-1.,0.));
#5594=DIRECTION('',(-1.,0.,0.));
#5595=DIRECTION('',(0.,-1.,0.));
#5596=DIRECTION('',(1.,0.,0.));
#5597=DIRECTION('',(-1.,0.,0.));
#5598=DIRECTION('',(0.,0.,1.));
#5599=DIRECTION('',(0.,-1.,0.));
#5600=DIRECTION('',(0.,0.,-1.));
#5601=DIRECTION('',(0.,-1.,0.));
#5602=DIRECTION('',(0.,-1.,0.));
#5603=DIRECTION('',(0.,-1.,0.));
#5604=DIRECTION('',(0.,-1.,0.));
#5605=DIRECTION('',(0.859599074697532,0.,-0.510969109417728));
#5606=DIRECTION('',(-0.510969109417728,0.,-0.859599074697532));
#5607=DIRECTION('',(0.,-1.,0.));
#5608=DIRECTION('',(0.510969109417728,0.,0.859599074697532));
#5609=DIRECTION('',(0.,-1.,0.));
#5610=DIRECTION('',(0.,0.,-1.));
#5611=DIRECTION('',(-1.,0.,0.));
#5612=DIRECTION('',(0.,-1.,0.));
#5613=DIRECTION('',(1.,0.,0.));
#5614=DIRECTION('',(0.,-1.,0.));
#5615=DIRECTION('',(-1.,0.,0.));
#5616=DIRECTION('',(0.,0.,1.));
#5617=DIRECTION('',(0.,-1.,0.));
#5618=DIRECTION('',(0.,0.,-1.));
#5619=DIRECTION('',(0.,-1.,0.));
#5620=DIRECTION('',(0.,-1.,0.));
#5621=DIRECTION('',(0.,0.,-1.));
#5622=DIRECTION('',(-1.,0.,0.));
#5623=DIRECTION('',(0.,-1.,0.));
#5624=DIRECTION('',(1.,0.,0.));
#5625=DIRECTION('',(0.,-1.,0.));
#5626=DIRECTION('',(1.,0.,0.));
#5627=DIRECTION('',(0.,0.,-1.));
#5628=DIRECTION('',(0.,-1.,0.));
#5629=DIRECTION('',(0.,0.,1.));
#5630=DIRECTION('',(0.,-1.,0.));
#5631=DIRECTION('',(0.,-1.,0.));
#5632=DIRECTION('',(0.,-1.,0.));
#5633=DIRECTION('',(0.,-1.,0.));
#5634=DIRECTION('',(-0.873961828060068,0.,0.485994571053941));
#5635=DIRECTION('',(0.485994571053941,0.,0.873961828060068));
#5636=DIRECTION('',(0.,-1.,0.));
#5637=DIRECTION('',(-0.485994571053941,0.,-0.873961828060068));
#5638=DIRECTION('',(0.,-1.,0.));
#5639=DIRECTION('',(0.,0.,1.));
#5640=DIRECTION('',(1.,0.,0.));
#5641=DIRECTION('',(0.,-1.,0.));
#5642=DIRECTION('',(-1.,0.,0.));
#5643=DIRECTION('',(0.,-1.,0.));
#5644=DIRECTION('',(1.,0.,0.));
#5645=DIRECTION('',(0.,0.,-1.));
#5646=DIRECTION('',(0.,-1.,0.));
#5647=DIRECTION('',(0.,0.,1.));
#5648=DIRECTION('',(0.,-1.,0.));
#5649=DIRECTION('',(0.,-1.,0.));
#5650=DIRECTION('',(0.,0.,1.));
#5651=DIRECTION('',(1.,0.,0.));
#5652=DIRECTION('',(0.,-1.,0.));
#5653=DIRECTION('',(-1.,0.,0.));
#5654=DIRECTION('',(0.,-1.,0.));
#5655=DIRECTION('',(1.,0.,0.));
#5656=DIRECTION('',(0.,-1.,0.));
#5657=DIRECTION('',(1.,0.,0.));
#5658=DIRECTION('',(0.,-1.,0.));
#5659=DIRECTION('',(1.,0.,0.));
#5660=DIRECTION('',(0.,0.,1.));
#5661=DIRECTION('',(1.,0.,0.));
#5662=CARTESIAN_POINT('',(0.,0.,0.));
#5663=CARTESIAN_POINT('',(0.,-0.01778,3.46944695195361E-18));
#5664=CARTESIAN_POINT('',(0.,-0.01778,0.014224));
#5665=CARTESIAN_POINT('',(-0.0147828,-0.01778,0.014224));
#5666=CARTESIAN_POINT('',(-0.0201803,-0.01778,0.014224));
#5667=CARTESIAN_POINT('',(-0.0147828,-0.01778,0.015494));
#5668=CARTESIAN_POINT('',(-0.0147828,-0.01778,0.016764));
#5669=CARTESIAN_POINT('',(0.,-0.01778,0.016764));
#5670=CARTESIAN_POINT('',(-0.0201803,-0.01778,0.016764));
#5671=CARTESIAN_POINT('',(-0.0201803,-0.01778,-3.46944695195361E-18));
#5672=CARTESIAN_POINT('',(0.,-0.01778,3.46944695195361E-18));
#5673=CARTESIAN_POINT('',(1.7347234759768E-18,-0.01778,-0.014224));
#5674=CARTESIAN_POINT('',(0.0201803,-0.01778,-0.014224));
#5675=CARTESIAN_POINT('',(-0.0103378,-0.01778,-0.014224));
#5676=CARTESIAN_POINT('',(-0.0103378,-0.01778,-0.015494));
#5677=CARTESIAN_POINT('',(-0.0103378,-0.01778,-0.016764));
#5678=CARTESIAN_POINT('',(0.,-0.01778,-0.016764));
#5679=CARTESIAN_POINT('',(0.0227203,-0.01778,-0.016764));
#5680=CARTESIAN_POINT('',(0.0227203,-0.01778,6.93889390390723E-18));
#5681=CARTESIAN_POINT('',(0.0227203,-0.01778,-0.00254));
#5682=CARTESIAN_POINT('',(0.0214525666087866,-0.01778,-0.00254));
#5683=CARTESIAN_POINT('',(0.0215838644653558,-0.01778,-0.00254));
#5684=CARTESIAN_POINT('',(0.0215838644653558,-0.01778,0.000750903025627137));
#5685=CARTESIAN_POINT('',(0.0215838644653558,-0.01778,-0.00688019394874573));
#5686=CARTESIAN_POINT('',(0.0198916969820857,-0.01778,-0.00688019394874573));
#5687=CARTESIAN_POINT('',(0.0201803,-0.01778,-0.00688019394874573));
#5688=CARTESIAN_POINT('',(0.0201803,-0.01778,5.20417042793042E-18));
#5689=CARTESIAN_POINT('',(0.,-0.01778,-0.016764));
#5690=CARTESIAN_POINT('',(-0.0103378,-0.01778,-0.016764));
#5691=CARTESIAN_POINT('',(-0.0103378,-0.008636,-0.016764));
#5692=CARTESIAN_POINT('',(0.,-0.008636,-0.016764));
#5693=CARTESIAN_POINT('',(-0.0147828,-0.008636,-0.016764));
#5694=CARTESIAN_POINT('',(-0.0147828,-0.01778,-0.016764));
#5695=CARTESIAN_POINT('',(-0.0147828,-0.01778,-0.016764));
#5696=CARTESIAN_POINT('',(0.,-0.01778,-0.016764));
#5697=CARTESIAN_POINT('',(-0.0201803,-0.01778,-0.016764));
#5698=CARTESIAN_POINT('',(-0.0201803,-0.03048,-0.016764));
#5699=CARTESIAN_POINT('',(-0.0201803,-0.00254,-0.016764));
#5700=CARTESIAN_POINT('',(0.,-0.00254,-0.016764));
#5701=CARTESIAN_POINT('',(0.0227203,-0.00254,-0.016764));
#5702=CARTESIAN_POINT('',(0.0227203,-0.01778,-0.016764));
#5703=CARTESIAN_POINT('',(1.7347234759768E-18,-0.01778,-0.014224));
#5704=CARTESIAN_POINT('',(-0.0103378,-0.01778,-0.014224));
#5705=CARTESIAN_POINT('',(-0.0103378,-0.008636,-0.014224));
#5706=CARTESIAN_POINT('',(0.0201803,-0.01778,-0.014224));
#5707=CARTESIAN_POINT('',(0.0201803,-0.00254,-0.014224));
#5708=CARTESIAN_POINT('',(1.7347234759768E-18,-0.00254,-0.014224));
#5709=CARTESIAN_POINT('',(-0.0201803,-0.00254,-0.014224));
#5710=CARTESIAN_POINT('',(-0.0201803,-0.01778,-0.014224));
#5711=CARTESIAN_POINT('',(-0.0201803,-0.01778,-0.014224));
#5712=CARTESIAN_POINT('',(1.7347234759768E-18,-0.01778,-0.014224));
#5713=CARTESIAN_POINT('',(-0.0147828,-0.01778,-0.014224));
#5714=CARTESIAN_POINT('',(-0.0147828,-0.01778,-0.014224));
#5715=CARTESIAN_POINT('',(-0.0147828,-0.008636,-0.014224));
#5716=CARTESIAN_POINT('',(1.7347234759768E-18,-0.008636,-0.014224));
#5717=CARTESIAN_POINT('',(0.,0.,3.46944695195361E-18));
#5718=CARTESIAN_POINT('',(0.0130683,0.,0.005842));
#5719=CARTESIAN_POINT('',(0.0090223594,0.,0.005842));
#5720=CARTESIAN_POINT('',(0.0130502406,0.,0.005842));
#5721=CARTESIAN_POINT('',(0.0090223594,0.,0.0027759406));
#5722=CARTESIAN_POINT('',(0.0059563,0.,0.0027759406));
#5723=CARTESIAN_POINT('',(0.0059563,0.,-8.67361737988404E-19));
#5724=CARTESIAN_POINT('',(0.0059563,0.,-0.0020139406));
#5725=CARTESIAN_POINT('',(0.0090223594,0.,-0.0020139406));
#5726=CARTESIAN_POINT('',(0.0090223594,0.,-0.00508));
#5727=CARTESIAN_POINT('',(0.0130683,0.,-0.00508));
#5728=CARTESIAN_POINT('',(0.0130502406,0.,-0.00508));
#5729=CARTESIAN_POINT('',(0.0130502406,0.,-0.0020139406));
#5730=CARTESIAN_POINT('',(0.0161163,0.,-0.0020139406));
#5731=CARTESIAN_POINT('',(0.0161163,0.,-2.60208521396521E-18));
#5732=CARTESIAN_POINT('',(0.0161163,0.,0.0027759406));
#5733=CARTESIAN_POINT('',(0.0130502406,0.,0.0027759406));
#5734=CARTESIAN_POINT('',(0.0102997,0.,-0.02667));
#5735=CARTESIAN_POINT('',(0.0369697,0.,-0.02667));
#5736=CARTESIAN_POINT('',(-0.0163703,0.,-0.02667));
#5737=CARTESIAN_POINT('',(-0.0163703,0.,-0.02032));
#5738=CARTESIAN_POINT('',(-0.0227203,0.,-0.02032));
#5739=CARTESIAN_POINT('',(-0.0227203,0.,0.));
#5740=CARTESIAN_POINT('',(-0.0227203,0.,0.02032));
#5741=CARTESIAN_POINT('',(-0.0163703,0.,0.02032));
#5742=CARTESIAN_POINT('',(-0.0163703,0.,0.02667));
#5743=CARTESIAN_POINT('',(0.0102997,0.,0.02667));
#5744=CARTESIAN_POINT('',(0.0369697,0.,0.02667));
#5745=CARTESIAN_POINT('',(0.0369697,0.,0.02032));
#5746=CARTESIAN_POINT('',(0.0433197,0.,0.02032));
#5747=CARTESIAN_POINT('',(0.0433197,0.,0.));
#5748=CARTESIAN_POINT('',(0.0433197,0.,-0.02032));
#5749=CARTESIAN_POINT('',(0.0369697,0.,-0.02032));
#5750=CARTESIAN_POINT('',(-0.0118201278110105,0.,0.01016));
#5751=CARTESIAN_POINT('',(-0.0118201278110105,0.,0.0100115199548868));
#5752=CARTESIAN_POINT('',(-0.0118201278110105,0.,0.0103084800451132));
#5753=CARTESIAN_POINT('',(-0.0094286078561237,0.,0.0100115199548868));
#5754=CARTESIAN_POINT('',(-0.0094286078561237,0.,0.00762));
#5755=CARTESIAN_POINT('',(-0.00928012781101049,0.,0.00762));
#5756=CARTESIAN_POINT('',(-0.00913164776589728,0.,0.00762));
#5757=CARTESIAN_POINT('',(-0.00913164776589728,0.,0.0100115199548868));
#5758=CARTESIAN_POINT('',(-0.00674012781101049,0.,0.0100115199548868));
#5759=CARTESIAN_POINT('',(-0.00674012781101049,0.,0.01016));
#5760=CARTESIAN_POINT('',(-0.00674012781101049,0.,0.0103084800451132));
#5761=CARTESIAN_POINT('',(-0.00913164776589728,0.,0.0103084800451132));
#5762=CARTESIAN_POINT('',(-0.00913164776589728,0.,0.0127));
#5763=CARTESIAN_POINT('',(-0.00928012781101049,0.,0.0127));
#5764=CARTESIAN_POINT('',(-0.0094286078561237,0.,0.0127));
#5765=CARTESIAN_POINT('',(-0.0094286078561237,0.,0.0103084800451132));
#5766=CARTESIAN_POINT('',(0.0102997,-0.00254,0.));
#5767=CARTESIAN_POINT('',(-0.0201803,-0.00254,-1.7347234759768E-18));
#5768=CARTESIAN_POINT('',(-0.0201803,-0.00254,0.014224));
#5769=CARTESIAN_POINT('',(0.0201803,-0.00254,5.20417042793042E-18));
#5770=CARTESIAN_POINT('',(0.0201803,-0.00254,0.014224));
#5771=CARTESIAN_POINT('',(0.,-0.00254,0.014224));
#5772=CARTESIAN_POINT('',(0.0130683,-0.00254,0.005842));
#5773=CARTESIAN_POINT('',(0.0090223594,-0.00254,0.005842));
#5774=CARTESIAN_POINT('',(0.0130502406,-0.00254,0.005842));
#5775=CARTESIAN_POINT('',(0.0130502406,-0.00254,0.0027759406));
#5776=CARTESIAN_POINT('',(0.0161163,-0.00254,0.0027759406));
#5777=CARTESIAN_POINT('',(0.0161163,-0.00254,-2.60208521396521E-18));
#5778=CARTESIAN_POINT('',(0.0161163,-0.00254,-0.0020139406));
#5779=CARTESIAN_POINT('',(0.0130502406,-0.00254,-0.0020139406));
#5780=CARTESIAN_POINT('',(0.0130502406,-0.00254,-0.00508));
#5781=CARTESIAN_POINT('',(0.0130683,-0.00254,-0.00508));
#5782=CARTESIAN_POINT('',(0.0090223594,-0.00254,-0.00508));
#5783=CARTESIAN_POINT('',(0.0090223594,-0.00254,-0.0020139406));
#5784=CARTESIAN_POINT('',(0.0059563,-0.00254,-0.0020139406));
#5785=CARTESIAN_POINT('',(0.0059563,-0.00254,-8.67361737988404E-19));
#5786=CARTESIAN_POINT('',(0.0059563,-0.00254,0.0027759406));
#5787=CARTESIAN_POINT('',(0.0090223594,-0.00254,0.0027759406));
#5788=CARTESIAN_POINT('',(0.0102997,-0.00254,0.00762));
#5789=CARTESIAN_POINT('',(-0.0094286078561237,-0.00254,0.00762));
#5790=CARTESIAN_POINT('',(-0.00913164776589728,-0.00254,0.00762));
#5791=CARTESIAN_POINT('',(-0.0094286078561237,-0.00254,0.0100115199548868));
#5792=CARTESIAN_POINT('',(-0.0118201278110105,-0.00254,0.0100115199548868));
#5793=CARTESIAN_POINT('',(-0.0118201278110105,-0.00254,0.));
#5794=CARTESIAN_POINT('',(-0.0118201278110105,-0.00254,0.0103084800451132));
#5795=CARTESIAN_POINT('',(-0.0094286078561237,-0.00254,0.0103084800451132));
#5796=CARTESIAN_POINT('',(-0.0094286078561237,-0.00254,0.0127));
#5797=CARTESIAN_POINT('',(0.0102997,-0.00254,0.0127));
#5798=CARTESIAN_POINT('',(-0.00913164776589728,-0.00254,0.0127));
#5799=CARTESIAN_POINT('',(-0.00913164776589728,-0.00254,0.0103084800451132));
#5800=CARTESIAN_POINT('',(-0.00674012781101049,-0.00254,0.0103084800451132));
#5801=CARTESIAN_POINT('',(-0.00674012781101049,-0.00254,0.));
#5802=CARTESIAN_POINT('',(-0.00674012781101049,-0.00254,0.0100115199548868));
#5803=CARTESIAN_POINT('',(-0.00913164776589728,-0.00254,0.0100115199548868));
#5804=CARTESIAN_POINT('',(0.,-0.01778,3.46944695195361E-18));
#5805=CARTESIAN_POINT('',(-0.0103378,-0.01778,0.015494));
#5806=CARTESIAN_POINT('',(-0.0103378,-0.01778,0.014224));
#5807=CARTESIAN_POINT('',(-0.0103378,-0.01778,0.016764));
#5808=CARTESIAN_POINT('',(0.,-0.01778,0.014224));
#5809=CARTESIAN_POINT('',(0.0201803,-0.01778,0.014224));
#5810=CARTESIAN_POINT('',(0.0201803,-0.01778,5.20417042793042E-18));
#5811=CARTESIAN_POINT('',(0.0201803,-0.01778,0.008382));
#5812=CARTESIAN_POINT('',(0.0198916969820857,-0.01778,0.008382));
#5813=CARTESIAN_POINT('',(0.0215838644653558,-0.01778,0.008382));
#5814=CARTESIAN_POINT('',(0.0215838644653558,-0.01778,0.000750903025627137));
#5815=CARTESIAN_POINT('',(0.0215838644653558,-0.01778,0.00254));
#5816=CARTESIAN_POINT('',(0.0214525666087866,-0.01778,0.00254));
#5817=CARTESIAN_POINT('',(0.0227203,-0.01778,0.00254));
#5818=CARTESIAN_POINT('',(0.0227203,-0.01778,6.93889390390723E-18));
#5819=CARTESIAN_POINT('',(0.0227203,-0.01778,0.016764));
#5820=CARTESIAN_POINT('',(0.,-0.01778,0.016764));
#5821=CARTESIAN_POINT('',(0.0201803,-0.01778,5.20417042793042E-18));
#5822=CARTESIAN_POINT('',(0.0201803,-0.012192,5.20417042793042E-18));
#5823=CARTESIAN_POINT('',(0.0201803,-0.012192,-0.00688019394874573));
#5824=CARTESIAN_POINT('',(0.0201803,-0.012192,0.008382));
#5825=CARTESIAN_POINT('',(0.0201803,-0.01778,0.008382));
#5826=CARTESIAN_POINT('',(0.0201803,-0.01778,0.014224));
#5827=CARTESIAN_POINT('',(0.0201803,-0.01778,-0.00688019394874573));
#5828=CARTESIAN_POINT('',(0.0214525666087866,-0.012192,-0.00254));
#5829=CARTESIAN_POINT('',(0.0214525666087866,-0.012192,-0.00254));
#5830=CARTESIAN_POINT('',(0.0227203,-0.012192,-0.00254));
#5831=CARTESIAN_POINT('',(0.0215838644653558,-0.012192,-0.00254));
#5832=CARTESIAN_POINT('',(0.0215838644653558,-0.012192,-0.00254));
#5833=CARTESIAN_POINT('',(0.0227203,-0.01778,-0.00254));
#5834=CARTESIAN_POINT('',(0.0214525666087866,-0.012192,0.00254));
#5835=CARTESIAN_POINT('',(0.0215838644653558,-0.012192,0.00254));
#5836=CARTESIAN_POINT('',(0.0215838644653558,-0.012192,0.00254));
#5837=CARTESIAN_POINT('',(0.0214525666087866,-0.012192,0.00254));
#5838=CARTESIAN_POINT('',(0.0227203,-0.012192,0.00254));
#5839=CARTESIAN_POINT('',(0.0227203,-0.01778,0.00254));
#5840=CARTESIAN_POINT('',(0.0102997,-0.03048,0.));
#5841=CARTESIAN_POINT('',(-0.0201803,-0.03048,0.020447));
#5842=CARTESIAN_POINT('',(-0.0201803,-0.03048,0.02413));
#5843=CARTESIAN_POINT('',(-0.0201803,-0.03048,-0.02413));
#5844=CARTESIAN_POINT('',(0.0102997,-0.03048,0.02413));
#5845=CARTESIAN_POINT('',(0.0407797,-0.03048,0.02413));
#5846=CARTESIAN_POINT('',(0.0407797,-0.03048,-3.46944695195361E-18));
#5847=CARTESIAN_POINT('',(0.0407797,-0.03048,-0.02413));
#5848=CARTESIAN_POINT('',(0.0102997,-0.03048,-0.02413));
#5849=CARTESIAN_POINT('',(-0.0227203,-0.03048,0.));
#5850=CARTESIAN_POINT('',(-0.0227203,-0.03048,-0.02032));
#5851=CARTESIAN_POINT('',(-0.0227203,-0.03048,0.02032));
#5852=CARTESIAN_POINT('',(-0.0163703,-0.03048,-0.02032));
#5853=CARTESIAN_POINT('',(-0.0163703,-0.03048,-0.02667));
#5854=CARTESIAN_POINT('',(0.0102997,-0.03048,-0.02667));
#5855=CARTESIAN_POINT('',(0.0369697,-0.03048,-0.02667));
#5856=CARTESIAN_POINT('',(0.0369697,-0.03048,-0.02032));
#5857=CARTESIAN_POINT('',(0.0433197,-0.03048,-0.02032));
#5858=CARTESIAN_POINT('',(0.0433197,-0.03048,0.));
#5859=CARTESIAN_POINT('',(0.0433197,-0.03048,0.02032));
#5860=CARTESIAN_POINT('',(0.0369697,-0.03048,0.02032));
#5861=CARTESIAN_POINT('',(0.0369697,-0.03048,0.02667));
#5862=CARTESIAN_POINT('',(0.0102997,-0.03048,0.02667));
#5863=CARTESIAN_POINT('',(-0.0163703,-0.03048,0.02667));
#5864=CARTESIAN_POINT('',(-0.0163703,-0.03048,0.02032));
#5865=CARTESIAN_POINT('',(-0.0201803,-0.01778,-1.7347234759768E-18));
#5866=CARTESIAN_POINT('',(-0.0201803,-0.01778,-0.005715));
#5867=CARTESIAN_POINT('',(-0.0201803,-0.017018,-0.005715));
#5868=CARTESIAN_POINT('',(-0.0201803,-0.009906,-0.005715));
#5869=CARTESIAN_POINT('',(-0.0201803,-0.017018,-1.7347234759768E-18));
#5870=CARTESIAN_POINT('',(-0.0201803,-0.017018,0.005715));
#5871=CARTESIAN_POINT('',(-0.0201803,-0.01778,0.005715));
#5872=CARTESIAN_POINT('',(-0.0201803,-0.009906,0.005715));
#5873=CARTESIAN_POINT('',(-0.0201803,-0.009906,-1.7347234759768E-18));
#5874=CARTESIAN_POINT('',(-0.0201803,-0.00254,0.020447));
#5875=CARTESIAN_POINT('',(-0.0201803,-0.00254,0.02032));
#5876=CARTESIAN_POINT('',(-0.0201803,-0.00254,0.016764));
#5877=CARTESIAN_POINT('',(-0.0201803,-0.002538,0.02032));
#5878=CARTESIAN_POINT('',(-0.0201803,-0.02667,0.02032));
#5879=CARTESIAN_POINT('',(-0.0201803,-0.02667,0.020447));
#5880=CARTESIAN_POINT('',(-0.0201803,-0.02667,0.02413));
#5881=CARTESIAN_POINT('',(-0.0201803,-0.02667,0.02413));
#5882=CARTESIAN_POINT('',(-0.0201803,-0.02667,-0.02413));
#5883=CARTESIAN_POINT('',(-0.0201803,-0.02667,-0.02413));
#5884=CARTESIAN_POINT('',(-0.0201803,-0.02667,0.020447));
#5885=CARTESIAN_POINT('',(-0.0201803,-0.02667,-0.02032));
#5886=CARTESIAN_POINT('',(-0.0201803,-0.002538,-0.02032));
#5887=CARTESIAN_POINT('',(-0.0201803,-0.00254,-0.02032));
#5888=CARTESIAN_POINT('',(-0.0201803,-0.00254,-0.020447));
#5889=CARTESIAN_POINT('',(-0.0201803,-0.01778,-3.46944695195361E-18));
#5890=CARTESIAN_POINT('',(-0.0201803,-0.01778,0.014224));
#5891=CARTESIAN_POINT('',(-0.0201803,-0.03048,0.016764));
#5892=CARTESIAN_POINT('',(0.0102997,-0.00254,0.));
#5893=CARTESIAN_POINT('',(0.0102997,-0.00254,0.02413));
#5894=CARTESIAN_POINT('',(-0.0163703,-0.00254,0.02413));
#5895=CARTESIAN_POINT('',(0.0407797,-0.00254,0.02413));
#5896=CARTESIAN_POINT('',(-0.0163703,-0.00254,0.022225));
#5897=CARTESIAN_POINT('',(-0.0163703,-0.00254,0.02032));
#5898=CARTESIAN_POINT('',(-0.0182753,-0.00254,0.02032));
#5899=CARTESIAN_POINT('',(0.,-0.00254,0.016764));
#5900=CARTESIAN_POINT('',(0.0227203,-0.00254,0.016764));
#5901=CARTESIAN_POINT('',(0.0227203,-0.00254,6.93889390390723E-18));
#5902=CARTESIAN_POINT('',(-0.0182753,-0.00254,-0.02032));
#5903=CARTESIAN_POINT('',(-0.0163703,-0.00254,-0.02032));
#5904=CARTESIAN_POINT('',(-0.0163703,-0.00254,-0.022225));
#5905=CARTESIAN_POINT('',(-0.0163703,-0.00254,-0.02413));
#5906=CARTESIAN_POINT('',(0.0102997,-0.00254,-0.02413));
#5907=CARTESIAN_POINT('',(0.0369697,-0.00254,-0.02413));
#5908=CARTESIAN_POINT('',(0.0369697,-0.00254,-0.022225));
#5909=CARTESIAN_POINT('',(0.0369697,-0.00254,-0.02032));
#5910=CARTESIAN_POINT('',(0.0388747,-0.00254,-0.02032));
#5911=CARTESIAN_POINT('',(0.0407797,-0.00254,-0.02032));
#5912=CARTESIAN_POINT('',(0.0407797,-0.00254,-3.46944695195361E-18));
#5913=CARTESIAN_POINT('',(0.0102997,-0.03048,0.02413));
#5914=CARTESIAN_POINT('',(0.0331597,-0.01524,0.02413));
#5915=CARTESIAN_POINT('',(0.0393827,-0.01524,0.02413));
#5916=CARTESIAN_POINT('',(-0.0163703,-0.002538,0.02413));
#5917=CARTESIAN_POINT('',(-0.0163703,-0.02667,0.02413));
#5918=CARTESIAN_POINT('',(0.0407797,-0.03048,0.02413));
#5919=CARTESIAN_POINT('',(0.0102997,-0.02667,0.02413));
#5920=CARTESIAN_POINT('',(0.0102997,-0.03048,-0.02413));
#5921=CARTESIAN_POINT('',(0.0369697,-0.002538,-0.02413));
#5922=CARTESIAN_POINT('',(0.0369697,-0.02667,-0.02413));
#5923=CARTESIAN_POINT('',(-0.0163703,-0.002538,-0.02413));
#5924=CARTESIAN_POINT('',(-0.0163703,-0.02667,-0.02413));
#5925=CARTESIAN_POINT('',(0.0102997,-0.02667,-0.02413));
#5926=CARTESIAN_POINT('',(0.0407797,-0.02667,-0.02413));
#5927=CARTESIAN_POINT('',(0.0407797,-0.02667,-0.02413));
#5928=CARTESIAN_POINT('',(0.0102997,-0.02667,-0.02413));
#5929=CARTESIAN_POINT('',(0.,-0.01778,3.46944695195361E-18));
#5930=CARTESIAN_POINT('',(-0.0147828,-0.01778,-0.015494));
#5931=CARTESIAN_POINT('',(0.,-0.01778,0.016764));
#5932=CARTESIAN_POINT('',(0.,-0.008636,0.016764));
#5933=CARTESIAN_POINT('',(-0.0103378,-0.008636,0.016764));
#5934=CARTESIAN_POINT('',(-0.0147828,-0.008636,0.016764));
#5935=CARTESIAN_POINT('',(-0.0103378,-0.01778,0.016764));
#5936=CARTESIAN_POINT('',(0.0227203,-0.01778,0.016764));
#5937=CARTESIAN_POINT('',(-0.0147828,-0.01778,0.016764));
#5938=CARTESIAN_POINT('',(0.0227203,-0.01778,6.93889390390723E-18));
#5939=CARTESIAN_POINT('',(0.0227203,-0.012192,6.93889390390723E-18));
#5940=CARTESIAN_POINT('',(0.,-0.01778,0.014224));
#5941=CARTESIAN_POINT('',(-0.0103378,-0.01778,0.014224));
#5942=CARTESIAN_POINT('',(-0.0103378,-0.008636,0.014224));
#5943=CARTESIAN_POINT('',(0.,-0.008636,0.014224));
#5944=CARTESIAN_POINT('',(-0.0147828,-0.008636,0.014224));
#5945=CARTESIAN_POINT('',(-0.0147828,-0.01778,0.014224));
#5946=CARTESIAN_POINT('',(-0.0227203,-0.01778,0.));
#5947=CARTESIAN_POINT('',(-0.0227203,-0.01778,-0.02032));
#5948=CARTESIAN_POINT('',(-0.0227203,-0.01778,0.02032));
#5949=CARTESIAN_POINT('',(-0.0227203,-0.017018,0.));
#5950=CARTESIAN_POINT('',(-0.0227203,-0.017018,-0.005715));
#5951=CARTESIAN_POINT('',(-0.0227203,-0.017018,0.005715));
#5952=CARTESIAN_POINT('',(-0.0227203,-0.013462,-0.005715));
#5953=CARTESIAN_POINT('',(-0.0227203,-0.009906,-0.005715));
#5954=CARTESIAN_POINT('',(-0.0227203,-0.009906,-8.67361737988404E-19));
#5955=CARTESIAN_POINT('',(-0.0227203,-0.009906,0.005715));
#5956=CARTESIAN_POINT('',(-0.0227203,-0.013462,0.005715));
#5957=CARTESIAN_POINT('',(0.0161163,-0.00889,1.7347234759768E-18));
#5958=CARTESIAN_POINT('',(0.0161163,-0.00889,-0.0020139406));
#5959=CARTESIAN_POINT('',(0.0161163,-0.00889,0.0027759406));
#5960=CARTESIAN_POINT('',(0.0059563,-0.0254,-8.67361737988404E-19));
#5961=CARTESIAN_POINT('',(0.0059563,-0.0254,0.0027759406));
#5962=CARTESIAN_POINT('',(0.0059563,-0.0254,-0.0020139406));
#5963=CARTESIAN_POINT('',(0.0130683,-0.0254,-0.00508));
#5964=CARTESIAN_POINT('',(0.0090223594,-0.0254,-0.00508));
#5965=CARTESIAN_POINT('',(0.0130502406,-0.0254,-0.00508));
#5966=CARTESIAN_POINT('',(0.0130683,-0.0254,0.005842));
#5967=CARTESIAN_POINT('',(0.0130502406,-0.0254,0.005842));
#5968=CARTESIAN_POINT('',(0.0090223594,-0.0254,0.005842));
#5969=CARTESIAN_POINT('',(0.0090223594,-0.0254,-0.0020139406));
#5970=CARTESIAN_POINT('',(0.0130502406,-0.0254,-0.0020139406));
#5971=CARTESIAN_POINT('',(0.0090223594,-0.0254,0.0027759406));
#5972=CARTESIAN_POINT('',(0.0130502406,-0.00889,0.0027759406));
#5973=CARTESIAN_POINT('',(-0.0104013,-0.013462,-0.005715));
#5974=CARTESIAN_POINT('',(-0.0104013,-0.009906,-0.005715));
#5975=CARTESIAN_POINT('',(-0.0104013,-0.017018,-0.005715));
#5976=CARTESIAN_POINT('',(-0.0104013,-0.017018,0.));
#5977=CARTESIAN_POINT('',(-0.0104013,-0.017018,0.005715));
#5978=CARTESIAN_POINT('',(-0.0104013,-0.013462,0.005715));
#5979=CARTESIAN_POINT('',(-0.0104013,-0.009906,0.005715));
#5980=CARTESIAN_POINT('',(-0.0104013,-0.009906,-8.67361737988404E-19));
#5981=CARTESIAN_POINT('',(0.0102997,-0.00254,-0.02667));
#5982=CARTESIAN_POINT('',(-0.0163703,-0.00254,-0.02667));
#5983=CARTESIAN_POINT('',(0.0369697,-0.00254,-0.02667));
#5984=CARTESIAN_POINT('',(0.0102997,-0.00254,0.02667));
#5985=CARTESIAN_POINT('',(0.0369697,-0.00254,0.02667));
#5986=CARTESIAN_POINT('',(0.0369697,-0.0201603281394639,0.02667));
#5987=CARTESIAN_POINT('',(0.0331597,-0.01524,0.02667));
#5988=CARTESIAN_POINT('',(0.0369697,-0.0103196718605361,0.02667));
#5989=CARTESIAN_POINT('',(0.0369697,-0.00254,0.02667));
#5990=CARTESIAN_POINT('',(-0.0163703,-0.00254,0.02667));
#5991=CARTESIAN_POINT('',(0.0433197,-0.00254,0.));
#5992=CARTESIAN_POINT('',(0.0433197,-0.00254,-0.02032));
#5993=CARTESIAN_POINT('',(0.0433197,-0.00254,0.02032));
#5994=CARTESIAN_POINT('',(0.000636133304393289,-0.012192,3.46944695195361E-18));
#5995=CARTESIAN_POINT('',(0.0215838644653558,-0.012192,0.000750903025627137));
#5996=CARTESIAN_POINT('',(0.0215838644653558,-0.012192,0.008382));
#5997=CARTESIAN_POINT('',(0.0198916969820857,-0.012192,0.008382));
#5998=CARTESIAN_POINT('',(0.0198916969820857,-0.012192,-0.00688019394874573));
#5999=CARTESIAN_POINT('',(0.0215838644653558,-0.012192,-0.00688019394874573));
#6000=CARTESIAN_POINT('',(0.0215838644653558,-0.012192,0.000750903025627137));
#6001=CARTESIAN_POINT('',(0.0407797,-0.03048,-3.46944695195361E-18));
#6002=CARTESIAN_POINT('',(0.0407797,-0.002538,-0.02032));
#6003=CARTESIAN_POINT('',(0.0407797,-0.02667,-0.02032));
#6004=CARTESIAN_POINT('',(0.0407797,-0.02667,-3.46944695195361E-18));
#6005=CARTESIAN_POINT('',(0.0331597,-0.01524,0.00127));
#6006=CARTESIAN_POINT('',(0.0369697,-0.0201603281394639,0.02667));
#6007=CARTESIAN_POINT('',(0.0377284471513764,-0.0195728009329839,0.02667));
#6008=CARTESIAN_POINT('',(0.0389365830154574,-0.0180811019211638,0.0264011191473187));
#6009=CARTESIAN_POINT('',(0.0396045409717588,-0.0152509217073226,0.026090274299645));
#6010=CARTESIAN_POINT('',(0.0389414235155237,-0.0124022119234889,0.0263997809382372));
#6011=CARTESIAN_POINT('',(0.0377278614997821,-0.0109067455743808,0.02667));
#6012=CARTESIAN_POINT('',(0.0369697,-0.0103196718605361,0.02667));
#6013=CARTESIAN_POINT('',(-0.0182753,-0.002538,-0.02032));
#6014=CARTESIAN_POINT('',(-0.0182753,-0.02667,-0.02032));
#6015=CARTESIAN_POINT('',(-0.0163703,-0.02667,-0.02032));
#6016=CARTESIAN_POINT('',(-0.0163703,-0.002538,-0.02032));
#6017=CARTESIAN_POINT('',(-0.0163703,-0.002538,-0.022225));
#6018=CARTESIAN_POINT('',(-0.0163703,-0.02667,-0.022225));
#6019=CARTESIAN_POINT('',(0.0388747,-0.002538,-0.02032));
#6020=CARTESIAN_POINT('',(0.0388747,-0.02667,-0.02032));
#6021=CARTESIAN_POINT('',(0.0369697,-0.02667,-0.02032));
#6022=CARTESIAN_POINT('',(0.0369697,-0.002538,-0.02032));
#6023=CARTESIAN_POINT('',(0.0369697,-0.002538,-0.022225));
#6024=CARTESIAN_POINT('',(0.0369697,-0.02667,-0.022225));
#6025=CARTESIAN_POINT('',(-0.0182753,-0.002538,0.02032));
#6026=CARTESIAN_POINT('',(-0.0182753,-0.02667,0.02032));
#6027=CARTESIAN_POINT('',(-0.0163703,-0.02667,0.02032));
#6028=CARTESIAN_POINT('',(-0.0163703,-0.002538,0.02032));
#6029=CARTESIAN_POINT('',(-0.0163703,-0.002538,0.022225));
#6030=CARTESIAN_POINT('',(-0.0163703,-0.02667,0.022225));
#6031=CARTESIAN_POINT('',(0.0102997,-0.02667,0.));
#6032=CARTESIAN_POINT('',(0.0102997,-0.02667,0.));
#6033=CARTESIAN_POINT('',(0.0102997,-0.02667,0.));
#6034=CARTESIAN_POINT('',(0.0215838644653558,-0.01219,0.000750903025627137));
#6035=CARTESIAN_POINT('',(0.0215838644653558,-0.01219,0.008382));
#6036=CARTESIAN_POINT('',(0.0198916969820857,-0.01219,0.008382));
#6037=CARTESIAN_POINT('',(0.0215838644653558,-0.01219,0.000750903025627137));
#6038=CARTESIAN_POINT('',(0.0215838644653558,-0.01219,-0.00688019394874573));
#6039=CARTESIAN_POINT('',(0.0198916969820857,-0.01219,-0.00688019394874573));
#6040=CARTESIAN_POINT('',(-0.00928012781101049,-0.0254,0.00762));
#6041=CARTESIAN_POINT('',(-0.00913164776589728,0.,0.00762));
#6042=CARTESIAN_POINT('',(-0.0094286078561237,-0.0254,0.00762));
#6043=CARTESIAN_POINT('',(-0.0118201278110105,-0.0254,0.01016));
#6044=CARTESIAN_POINT('',(-0.0118201278110105,-0.00254,0.0103084800451132));
#6045=CARTESIAN_POINT('',(-0.0118201278110105,-0.0254,0.0100115199548868));
#6046=CARTESIAN_POINT('',(-0.00928012781101049,-0.0254,0.0127));
#6047=CARTESIAN_POINT('',(-0.0094286078561237,0.,0.0127));
#6048=CARTESIAN_POINT('',(-0.00913164776589728,-0.0254,0.0127));
#6049=CARTESIAN_POINT('',(-0.00674012781101049,-0.0254,0.01016));
#6050=CARTESIAN_POINT('',(-0.00674012781101049,-0.0254,0.0103084800451132));
#6051=CARTESIAN_POINT('',(-0.00674012781101049,-0.00254,0.0100115199548868));
#6052=CARTESIAN_POINT('',(-0.0094286078561237,-0.0254,0.0103084800451132));
#6053=CARTESIAN_POINT('',(-0.00913164776589728,-0.0254,0.0103084800451132));
#6054=CARTESIAN_POINT('',(-0.00913164776589728,-0.0254,0.0100115199548868));
#6055=CARTESIAN_POINT('',(-0.0094286078561237,-0.0254,0.0100115199548868));
#6056=CARTESIAN_POINT('',(-0.0163703,-0.00254,-0.02032));
#6057=CARTESIAN_POINT('',(0.0369697,-0.00254,-0.02032));
#6058=CARTESIAN_POINT('',(0.0369697,-0.00254,0.02032));
#6059=CARTESIAN_POINT('',(-0.0163703,-0.01778,0.02032));
#6060=CARTESIAN_POINT('',(-0.0103378,-0.008636,0.015494));
#6061=CARTESIAN_POINT('',(-0.0103378,-0.008636,0.015494));
#6062=CARTESIAN_POINT('',(-0.0147828,-0.008636,0.015494));
#6063=CARTESIAN_POINT('',(-0.0147828,-0.008636,0.015494));
#6064=CARTESIAN_POINT('',(0.00127,-0.008636,0.));
#6065=CARTESIAN_POINT('',(-0.0103378,-0.008636,-0.015494));
#6066=CARTESIAN_POINT('',(-0.0103378,-0.008636,-0.015494));
#6067=CARTESIAN_POINT('',(-0.0147828,-0.008636,-0.015494));
#6068=CARTESIAN_POINT('',(-0.0147828,-0.008636,-0.015494));
#6069=CARTESIAN_POINT('',(0.00127,-0.008636,0.));
#6070=CARTESIAN_POINT('',(0.00166488462663631,-0.00495048618151245,0.000151030767475872));
#6071=CARTESIAN_POINT('',(0.,-0.00381,3.46944695195361E-18));
#6072=CARTESIAN_POINT('',(0.0248046775663738,-0.00381,-0.00176124400382822));
#6073=CARTESIAN_POINT('',(0.0270520772493184,-0.00381,-0.000665201454104807));
#6074=CARTESIAN_POINT('',(0.027304955042055,-0.00381,-0.00176753517921287));
#6075=CARTESIAN_POINT('',(0.027305,-0.00381,-0.00199268039987881));
#6076=CARTESIAN_POINT('',(0.027305,-0.00381,-0.00221782550742198));
#6077=CARTESIAN_POINT('',(0.027305,-0.00381,-0.00221782550742198));
#6078=CARTESIAN_POINT('',(0.027305,-0.00381,-0.00369735049984852));
#6079=CARTESIAN_POINT('',(0.0265184541048167,-0.00381,-0.00450144016964555));
#6080=CARTESIAN_POINT('',(0.0265184541048167,-0.00381,-0.00450144016964555));
#6081=CARTESIAN_POINT('',(0.0265184541048167,-0.00381,-0.00450144016964555));
#6082=CARTESIAN_POINT('',(0.0257319082096335,-0.00381,-0.00530552983944259));
#6083=CARTESIAN_POINT('',(0.0242553071796426,-0.00381,-0.00530552983944259));
#6084=CARTESIAN_POINT('',(0.0242553071796426,-0.00381,-0.00530552983944259));
#6085=CARTESIAN_POINT('',(0.0225330933050591,-0.00381,-0.00530552983944259));
#6086=CARTESIAN_POINT('',(0.0208108794304756,-0.00381,-0.00530552983944259));
#6087=CARTESIAN_POINT('',(0.0208108794304756,-0.00381,-0.00530552983944259));
#6088=CARTESIAN_POINT('',(0.0193342784004847,-0.00381,-0.00530552983944259));
#6089=CARTESIAN_POINT('',(0.0185477325053014,-0.00381,-0.00450144016964555));
#6090=CARTESIAN_POINT('',(0.0185477325053014,-0.00381,-0.00450144016964555));
#6091=CARTESIAN_POINT('',(0.0185477325053014,-0.00381,-0.00450144016964555));
#6092=CARTESIAN_POINT('',(0.0177611866101181,-0.00381,-0.00369735049984852));
#6093=CARTESIAN_POINT('',(0.0177611866101181,-0.00381,-0.00221782550742198));
#6094=CARTESIAN_POINT('',(0.0177611866101181,-0.00381,-0.00221782550742198));
#6095=CARTESIAN_POINT('',(0.0177611866101181,-0.00381,-5.70172674946873E-5));
#6096=CARTESIAN_POINT('',(0.0177611866101181,-0.00381,0.00210379097243261));
#6097=CARTESIAN_POINT('',(0.0177611866101181,-0.00381,0.00210379097243261));
#6098=CARTESIAN_POINT('',(0.0177611866101181,-0.00381,0.00251606967585581));
#6099=CARTESIAN_POINT('',(0.0181529975764919,-0.00381,0.00251606967585581));
#6100=CARTESIAN_POINT('',(0.0181529975764919,-0.00381,0.00251606967585581));
#6101=CARTESIAN_POINT('',(0.0225330933050591,-0.00381,0.00251606967585581));
#6102=CARTESIAN_POINT('',(0.0269131890336262,-0.00381,0.00251606967585581));
#6103=CARTESIAN_POINT('',(0.0269131890336262,-0.00381,0.00251606967585581));
#6104=CARTESIAN_POINT('',(0.027305,-0.00381,0.00251606967585581));
#6105=CARTESIAN_POINT('',(0.027305,-0.00381,0.00210379097243261));
#6106=CARTESIAN_POINT('',(0.027305,-0.00381,0.00210379097243261));
#6107=CARTESIAN_POINT('',(0.027305,-0.00381,0.00131870705846714));
#6108=CARTESIAN_POINT('',(0.027305,-0.00381,0.000533623144501675));
#6109=CARTESIAN_POINT('',(0.027305,-0.00381,0.000533623144501675));
#6110=CARTESIAN_POINT('',(0.027305,-0.00381,0.000138888215692225));
#6111=CARTESIAN_POINT('',(0.0269131890336262,-0.00381,0.000138888215692225));
#6112=CARTESIAN_POINT('',(0.0269131890336262,-0.00381,0.000138888215692225));
#6113=CARTESIAN_POINT('',(0.0266032490154498,-0.00381,0.000138888215692225));
#6114=CARTESIAN_POINT('',(0.0262933089972735,-0.00381,0.000138888215692225));
#6115=CARTESIAN_POINT('',(0.0262933089972735,-0.00381,0.000102338685246905));
#6116=CARTESIAN_POINT('',(0.0262933089972735,-0.00381,6.57891548015849E-5));
#6117=CARTESIAN_POINT('',(0.0262933089972735,-0.00381,6.57891548015849E-5));
#6118=CARTESIAN_POINT('',(0.0267991544986368,-0.00381,-0.00014181217812783));
#6119=CARTESIAN_POINT('',(0.0270520772493184,-0.00381,-0.000665201454104807));
#6120=CARTESIAN_POINT('',(0.03048,-0.00381,1.04083408558608E-17));
#6121=CARTESIAN_POINT('',(0.03048,-0.00381,-0.02413));
#6122=CARTESIAN_POINT('',(0.03048,-0.00381,0.02413));
#6123=CARTESIAN_POINT('',(0.,-0.00381,0.02413));
#6124=CARTESIAN_POINT('',(-0.03048,-0.00381,0.02413));
#6125=CARTESIAN_POINT('',(-0.03048,-0.00381,0.));
#6126=CARTESIAN_POINT('',(-0.03048,-0.00381,-0.02413));
#6127=CARTESIAN_POINT('',(-3.46944695195361E-18,-0.00381,-0.02413));
#6128=CARTESIAN_POINT('',(-0.02286,-0.00381,0.));
#6129=CARTESIAN_POINT('',(-0.02286,-0.00381,0.009906));
#6130=CARTESIAN_POINT('',(-0.02286,-0.00381,-0.009906));
#6131=CARTESIAN_POINT('',(-0.017907,-0.00381,0.009906));
#6132=CARTESIAN_POINT('',(-0.017907,-0.00381,0.014859));
#6133=CARTESIAN_POINT('',(-0.004445,-0.00381,0.014859));
#6134=CARTESIAN_POINT('',(0.009017,-0.00381,0.014859));
#6135=CARTESIAN_POINT('',(0.009017,-0.00381,0.009906));
#6136=CARTESIAN_POINT('',(0.01397,-0.00381,0.009906));
#6137=CARTESIAN_POINT('',(0.01397,-0.00381,0.));
#6138=CARTESIAN_POINT('',(0.01397,-0.00381,-0.009906));
#6139=CARTESIAN_POINT('',(0.009017,-0.00381,-0.009906));
#6140=CARTESIAN_POINT('',(0.009017,-0.00381,-0.014859));
#6141=CARTESIAN_POINT('',(-0.004445,-0.00381,-0.014859));
#6142=CARTESIAN_POINT('',(-0.017907,-0.00381,-0.014859));
#6143=CARTESIAN_POINT('',(-0.017907,-0.00381,-0.009906));
#6144=CARTESIAN_POINT('',(0.0269131890336262,-0.00381,-0.0125277170554377));
#6145=CARTESIAN_POINT('',(0.027305,-0.00381,-0.0125277170554377));
#6146=CARTESIAN_POINT('',(0.027305,-0.00381,-0.0129224519842472));
#6147=CARTESIAN_POINT('',(0.0269131890336262,-0.00381,-0.0125277170554377));
#6148=CARTESIAN_POINT('',(0.027305,-0.00381,-0.0129224519842472));
#6149=CARTESIAN_POINT('',(0.027305,-0.00381,-0.0137177697667373));
#6150=CARTESIAN_POINT('',(0.027305,-0.00381,-0.0145130875492275));
#6151=CARTESIAN_POINT('',(0.027305,-0.00381,-0.0145130875492275));
#6152=CARTESIAN_POINT('',(0.027305,-0.00381,-0.0149048985156013));
#6153=CARTESIAN_POINT('',(0.0269131890336262,-0.00381,-0.0149048985156013));
#6154=CARTESIAN_POINT('',(0.0269131890336262,-0.00381,-0.0149048985156013));
#6155=CARTESIAN_POINT('',(0.0225330933050591,-0.00381,-0.0149048985156013));
#6156=CARTESIAN_POINT('',(0.0181529975764919,-0.00381,-0.0149048985156013));
#6157=CARTESIAN_POINT('',(0.0181529975764919,-0.00381,-0.0149048985156013));
#6158=CARTESIAN_POINT('',(0.0177611866101181,-0.00381,-0.0149048985156013));
#6159=CARTESIAN_POINT('',(0.0177611866101181,-0.00381,-0.0145130875492275));
#6160=CARTESIAN_POINT('',(0.0177611866101181,-0.00381,-0.0145130875492275));
#6161=CARTESIAN_POINT('',(0.0177611866101181,-0.00381,-0.0137177697667373));
#6162=CARTESIAN_POINT('',(0.0177611866101181,-0.00381,-0.0129224519842472));
#6163=CARTESIAN_POINT('',(0.0177611866101181,-0.00381,-0.0129224519842472));
#6164=CARTESIAN_POINT('',(0.0177611866101181,-0.00381,-0.0125277170554377));
#6165=CARTESIAN_POINT('',(0.0181529975764919,-0.00381,-0.0125277170554377));
#6166=CARTESIAN_POINT('',(0.0181529975764919,-0.00381,-0.0125277170554377));
#6167=CARTESIAN_POINT('',(0.0184629375946683,-0.00381,-0.0125277170554377));
#6168=CARTESIAN_POINT('',(0.0187728776128446,-0.00381,-0.0125277170554377));
#6169=CARTESIAN_POINT('',(0.0187728776128446,-0.00381,-0.0124911675249924));
#6170=CARTESIAN_POINT('',(0.0187728776128446,-0.00381,-0.0124546179945471));
#6171=CARTESIAN_POINT('',(0.0187728776128446,-0.00381,-0.0124546179945471));
#6172=CARTESIAN_POINT('',(0.0177611866101181,-0.00381,-0.0120423392911239));
#6173=CARTESIAN_POINT('',(0.0177611866101181,-0.00381,-0.0106183695849742));
#6174=CARTESIAN_POINT('',(0.0177611866101181,-0.00381,-0.0106183695849742));
#6175=CARTESIAN_POINT('',(0.0177611866101181,-0.00381,-0.0103201254165404));
#6176=CARTESIAN_POINT('',(0.0177611866101181,-0.00381,-0.0100218812481066));
#6177=CARTESIAN_POINT('',(0.0177611866101181,-0.00381,-0.0100218812481066));
#6178=CARTESIAN_POINT('',(0.0177611866101181,-0.00381,-0.00708329900030293));
#6179=CARTESIAN_POINT('',(0.0208108794304756,-0.00381,-0.00708329900030293));
#6180=CARTESIAN_POINT('',(0.0208108794304756,-0.00381,-0.00708329900030293));
#6181=CARTESIAN_POINT('',(0.0238620342320509,-0.00381,-0.00708329900030293));
#6182=CARTESIAN_POINT('',(0.0269131890336262,-0.00381,-0.00708329900030293));
#6183=CARTESIAN_POINT('',(0.0269131890336262,-0.00381,-0.00708329900030293));
#6184=CARTESIAN_POINT('',(0.027305,-0.00381,-0.00708329900030293));
#6185=CARTESIAN_POINT('',(0.027305,-0.00381,-0.00749557770372614));
#6186=CARTESIAN_POINT('',(0.027305,-0.00381,-0.00749557770372614));
#6187=CARTESIAN_POINT('',(0.027305,-0.00381,-0.0082806616176916));
#6188=CARTESIAN_POINT('',(0.027305,-0.00381,-0.00906574553165707));
#6189=CARTESIAN_POINT('',(0.027305,-0.00381,-0.00906574553165707));
#6190=CARTESIAN_POINT('',(0.027305,-0.00381,-0.00946048046046652));
#6191=CARTESIAN_POINT('',(0.0269131890336262,-0.00381,-0.00946048046046652));
#6192=CARTESIAN_POINT('',(0.0269131890336262,-0.00381,-0.00946048046046652));
#6193=CARTESIAN_POINT('',(0.0239190514995456,-0.00381,-0.00946048046046652));
#6194=CARTESIAN_POINT('',(0.020924913965465,-0.00381,-0.00946048046046652));
#6195=CARTESIAN_POINT('',(0.020924913965465,-0.00381,-0.00946048046046652));
#6196=CARTESIAN_POINT('',(0.0203255016661618,-0.00381,-0.00946048046046652));
#6197=CARTESIAN_POINT('',(0.0200725789154802,-0.00381,-0.00971194122993032));
#6198=CARTESIAN_POINT('',(0.0200725789154802,-0.00381,-0.00971194122993032));
#6199=CARTESIAN_POINT('',(0.0200725789154802,-0.00381,-0.00971194122993032));
#6200=CARTESIAN_POINT('',(0.0198196561647986,-0.00381,-0.00996340199939411));
#6201=CARTESIAN_POINT('',(0.0198196561647986,-0.00381,-0.0105628142986974));
#6202=CARTESIAN_POINT('',(0.0198196561647986,-0.00381,-0.0105628142986974));
#6203=CARTESIAN_POINT('',(0.0198196561647986,-0.00381,-0.0109005319600121));
#6204=CARTESIAN_POINT('',(0.0198196561647986,-0.00381,-0.0112382496213269));
#6205=CARTESIAN_POINT('',(0.0198196561647986,-0.00381,-0.0112382496213269));
#6206=CARTESIAN_POINT('',(0.0198196561647986,-0.00381,-0.0125277170554377));
#6207=CARTESIAN_POINT('',(0.0212407019085125,-0.00381,-0.0125277170554377));
#6208=CARTESIAN_POINT('',(0.0212407019085125,-0.00381,-0.0125277170554377));
#6209=CARTESIAN_POINT('',(0.0240769454710694,-0.00381,-0.0125277170554377));
#6210=CARTESIAN_POINT('',(0.0269307328082399,-0.00381,0.0165306216298092));
#6211=CARTESIAN_POINT('',(0.027305,-0.00381,0.0163639557709785));
#6212=CARTESIAN_POINT('',(0.027305,-0.00381,0.015969220842169));
#6213=CARTESIAN_POINT('',(0.0269307328082399,-0.00381,0.0165306216298092));
#6214=CARTESIAN_POINT('',(0.027305,-0.00381,0.015969220842169));
#6215=CARTESIAN_POINT('',(0.027305,-0.00381,0.0150437867312935));
#6216=CARTESIAN_POINT('',(0.027305,-0.00381,0.0141183526204181));
#6217=CARTESIAN_POINT('',(0.027305,-0.00381,0.0141183526204181));
#6218=CARTESIAN_POINT('',(0.027305,-0.00381,0.013931219024538));
#6219=CARTESIAN_POINT('',(0.0271836555589216,-0.00381,0.0138551960012118));
#6220=CARTESIAN_POINT('',(0.0271836555589216,-0.00381,0.0138551960012118));
#6221=CARTESIAN_POINT('',(0.0271836555589216,-0.00381,0.0138551960012118));
#6222=CARTESIAN_POINT('',(0.0270623111178431,-0.00381,0.0137791729778855));
#6223=CARTESIAN_POINT('',(0.0268927212965768,-0.00381,0.0138551960012118));
#6224=CARTESIAN_POINT('',(0.0268927212965768,-0.00381,0.0138551960012118));
#6225=CARTESIAN_POINT('',(0.0240199282035747,-0.00381,0.0153054813692821));
#6226=CARTESIAN_POINT('',(0.0211471351105725,-0.00381,0.0167557667373524));
#6227=CARTESIAN_POINT('',(0.0184161541956982,-0.00381,0.015352264768252));
#6228=CARTESIAN_POINT('',(0.015685173280824,-0.00381,0.0139487627991518));
#6229=CARTESIAN_POINT('',(0.015685173280824,-0.00381,0.0139487627991518));
#6230=CARTESIAN_POINT('',(0.0155331272341715,-0.00381,0.0138727397758255));
#6231=CARTESIAN_POINT('',(0.0154030109057861,-0.00381,0.0139487627991518));
#6232=CARTESIAN_POINT('',(0.0154030109057861,-0.00381,0.0139487627991518));
#6233=CARTESIAN_POINT('',(0.0154030109057861,-0.00381,0.0139487627991518));
#6234=CARTESIAN_POINT('',(0.0152728945774008,-0.00381,0.014024785822478));
#6235=CARTESIAN_POINT('',(0.0152728945774008,-0.00381,0.0142119194183581));
#6236=CARTESIAN_POINT('',(0.0152728945774008,-0.00381,0.0142119194183581));
#6237=CARTESIAN_POINT('',(0.0152728945774008,-0.00381,0.0151095758860952));
#6238=CARTESIAN_POINT('',(0.0152728945774008,-0.00381,0.0160072323538322));
#6239=CARTESIAN_POINT('',(0.0152728945774008,-0.00381,0.0160072323538322));
#6240=CARTESIAN_POINT('',(0.0152728945774008,-0.00381,0.0164750663435323));
#6241=CARTESIAN_POINT('',(0.0156647055437746,-0.00381,0.0166241884277492));
#6242=CARTESIAN_POINT('',(0.0156647055437746,-0.00381,0.0166241884277492));
#6243=CARTESIAN_POINT('',(0.017676391699485,-0.00381,0.0175130730081794));
#6244=CARTESIAN_POINT('',(0.0196880778551954,-0.00381,0.0184019575886096));
#6245=CARTESIAN_POINT('',(0.0196880778551954,-0.00381,0.0184399691002726));
#6246=CARTESIAN_POINT('',(0.0196880778551954,-0.00381,0.0184779806119358));
#6247=CARTESIAN_POINT('',(0.017676391699485,-0.00381,0.0193566313238413));
#6248=CARTESIAN_POINT('',(0.0156647055437746,-0.00381,0.0202352820357467));
#6249=CARTESIAN_POINT('',(0.0156647055437746,-0.00381,0.0202352820357467));
#6250=CARTESIAN_POINT('',(0.0152728945774008,-0.00381,0.0204224156316268));
#6251=CARTESIAN_POINT('',(0.0152728945774008,-0.00381,0.02083469433505));
#6252=CARTESIAN_POINT('',(0.0152728945774008,-0.00381,0.02083469433505));
#6253=CARTESIAN_POINT('',(0.0152728945774008,-0.00381,0.0217513565586186));
#6254=CARTESIAN_POINT('',(0.0152728945774008,-0.00381,0.0226680187821873));
#6255=CARTESIAN_POINT('',(0.0152728945774008,-0.00381,0.0226680187821873));
#6256=CARTESIAN_POINT('',(0.0152728945774008,-0.00381,0.0228551523780673));
#6257=CARTESIAN_POINT('',(0.0154132447743108,-0.00381,0.0229399472887004));
#6258=CARTESIAN_POINT('',(0.0154132447743108,-0.00381,0.0229399472887004));
#6259=CARTESIAN_POINT('',(0.0155648956620635,-0.00381,0.0227052176644834));
#6260=CARTESIAN_POINT('',(0.0157025607246765,-0.00381,0.0229484429723228));
#6261=CARTESIAN_POINT('',(0.0184249260830052,-0.00381,0.0215276734322933));
#6262=CARTESIAN_POINT('',(0.0211471351105725,-0.00381,0.0201066276885792));
#6263=CARTESIAN_POINT('',(0.0240111563162678,-0.00381,0.0215569130566495));
#6264=CARTESIAN_POINT('',(0.026875177521963,-0.00381,0.0230071984247198));
#6265=CARTESIAN_POINT('',(0.026875177521963,-0.00381,0.0230071984247198));
#6266=CARTESIAN_POINT('',(0.0270623111178431,-0.00381,0.0231007652226598));
#6267=CARTESIAN_POINT('',(0.0271836555589216,-0.00381,0.0230247421993335));
#6268=CARTESIAN_POINT('',(0.0271836555589216,-0.00381,0.0230247421993335));
#6269=CARTESIAN_POINT('',(0.0271836555589216,-0.00381,0.0230247421993335));
#6270=CARTESIAN_POINT('',(0.027305,-0.00381,0.0229487191760073));
#6271=CARTESIAN_POINT('',(0.027305,-0.00381,0.0227440418055135));
#6272=CARTESIAN_POINT('',(0.027305,-0.00381,0.0227440418055135));
#6273=CARTESIAN_POINT('',(0.027305,-0.00381,0.0218083738261133));
#6274=CARTESIAN_POINT('',(0.027305,-0.00381,0.0208727058467131));
#6275=CARTESIAN_POINT('',(0.027305,-0.00381,0.0208727058467131));
#6276=CARTESIAN_POINT('',(0.027305,-0.00381,0.0204808948803393));
#6277=CARTESIAN_POINT('',(0.0269307328082399,-0.00381,0.0203288488336868));
#6278=CARTESIAN_POINT('',(0.0269307328082399,-0.00381,0.0203288488336868));
#6279=CARTESIAN_POINT('',(0.0249102747652226,-0.00381,0.0194034147228113));
#6280=CARTESIAN_POINT('',(0.0228898167222054,-0.00381,0.0184779806119358));
#6281=CARTESIAN_POINT('',(0.0228898167222054,-0.00381,0.0184399691002726));
#6282=CARTESIAN_POINT('',(0.0228898167222054,-0.00381,0.0184019575886096));
#6283=CARTESIAN_POINT('',(0.0249102747652226,-0.00381,0.0174662896092093));
#6284=CARTESIAN_POINT('',(0.0294745801272342,-0.00381,0.0069517206906998));
#6285=CARTESIAN_POINT('',(0.0298488473189942,-0.00381,0.0069517206906998));
#6286=CARTESIAN_POINT('',(0.0298488473189942,-0.00381,0.00655698576189035));
#6287=CARTESIAN_POINT('',(0.0294745801272342,-0.00381,0.0069517206906998));
#6288=CARTESIAN_POINT('',(0.0298488473189942,-0.00381,0.00655698576189035));
#6289=CARTESIAN_POINT('',(0.0298488473189942,-0.00381,0.00576166797940019));
#6290=CARTESIAN_POINT('',(0.0298488473189942,-0.00381,0.00496635019691004));
#6291=CARTESIAN_POINT('',(0.0298488473189942,-0.00381,0.00496635019691004));
#6292=CARTESIAN_POINT('',(0.0298488473189942,-0.00381,0.00457453923053621));
#6293=CARTESIAN_POINT('',(0.0294745801272342,-0.00381,0.00457453923053621));
#6294=CARTESIAN_POINT('',(0.0294745801272342,-0.00381,0.00457453923053621));
#6295=CARTESIAN_POINT('',(0.023813788851863,-0.00381,0.00457453923053621));
#6296=CARTESIAN_POINT('',(0.0181529975764919,-0.00381,0.00457453923053621));
#6297=CARTESIAN_POINT('',(0.0181529975764919,-0.00381,0.00457453923053621));
#6298=CARTESIAN_POINT('',(0.0177611866101181,-0.00381,0.00457453923053621));
#6299=CARTESIAN_POINT('',(0.0177611866101181,-0.00381,0.00496635019691004));
#6300=CARTESIAN_POINT('',(0.0177611866101181,-0.00381,0.00496635019691004));
#6301=CARTESIAN_POINT('',(0.0177611866101181,-0.00381,0.00576166797940019));
#6302=CARTESIAN_POINT('',(0.0177611866101181,-0.00381,0.00655698576189035));
#6303=CARTESIAN_POINT('',(0.0177611866101181,-0.00381,0.00655698576189035));
#6304=CARTESIAN_POINT('',(0.0177611866101181,-0.00381,0.0069517206906998));
#6305=CARTESIAN_POINT('',(0.0181529975764919,-0.00381,0.0069517206906998));
#6306=CARTESIAN_POINT('',(0.0181529975764919,-0.00381,0.0069517206906998));
#6307=CARTESIAN_POINT('',(0.0184629375946683,-0.00381,0.0069517206906998));
#6308=CARTESIAN_POINT('',(0.0187728776128446,-0.00381,0.0069517206906998));
#6309=CARTESIAN_POINT('',(0.0187728776128446,-0.00381,0.00698827022114512));
#6310=CARTESIAN_POINT('',(0.0187728776128446,-0.00381,0.00702481975159044));
#6311=CARTESIAN_POINT('',(0.0187728776128446,-0.00381,0.00702481975159044));
#6312=CARTESIAN_POINT('',(0.0182670321114814,-0.00381,0.00723242108451986));
#6313=CARTESIAN_POINT('',(0.0180141093607997,-0.00381,0.00775581036049683));
#6314=CARTESIAN_POINT('',(0.0180141093607997,-0.00381,0.00775581036049683));
#6315=CARTESIAN_POINT('',(0.0202678509343275,-0.00381,0.00885306434948225));
#6316=CARTESIAN_POINT('',(0.0177612605124939,-0.00381,0.00886106792519205));
#6317=CARTESIAN_POINT('',(0.0177611866101181,-0.00381,0.00924410724023024));
#6318=CARTESIAN_POINT('',(0.0177611866101181,-0.00381,0.00962714631929719));
#6319=CARTESIAN_POINT('',(0.0177611866101181,-0.00381,0.00962714631929719));
#6320=CARTESIAN_POINT('',(0.0177611866101181,-0.00381,0.0110686598000606));
#6321=CARTESIAN_POINT('',(0.0185477325053014,-0.00381,0.0118069603150561));
#6322=CARTESIAN_POINT('',(0.0185477325053014,-0.00381,0.0118069603150561));
#6323=CARTESIAN_POINT('',(0.0185477325053014,-0.00381,0.0118069603150561));
#6324=CARTESIAN_POINT('',(0.0193342784004847,-0.00381,0.0125452608300515));
#6325=CARTESIAN_POINT('',(0.0208108794304756,-0.00381,0.0125452608300515));
#6326=CARTESIAN_POINT('',(0.0208108794304756,-0.00381,0.0125452608300515));
#6327=CARTESIAN_POINT('',(0.0225330933050591,-0.00381,0.0125452608300515));
#6328=CARTESIAN_POINT('',(0.0242553071796426,-0.00381,0.0125452608300515));
#6329=CARTESIAN_POINT('',(0.0242553071796426,-0.00381,0.0125452608300515));
#6330=CARTESIAN_POINT('',(0.0257319082096335,-0.00381,0.0125452608300515));
#6331=CARTESIAN_POINT('',(0.0265184541048167,-0.00381,0.0118069603150561));
#6332=CARTESIAN_POINT('',(0.0265184541048167,-0.00381,0.0118069603150561));
#6333=CARTESIAN_POINT('',(0.0265184541048167,-0.00381,0.0118069603150561));
#6334=CARTESIAN_POINT('',(0.027305,-0.00381,0.0110686598000606));
#6335=CARTESIAN_POINT('',(0.027305,-0.00381,0.00962714631929719));
#6336=CARTESIAN_POINT('',(0.027305,-0.00381,0.00962714631929719));
#6337=CARTESIAN_POINT('',(0.027305,-0.00381,0.00924410724023024));
#6338=CARTESIAN_POINT('',(0.0273049260976242,-0.00381,0.00886106792519205));
#6339=CARTESIAN_POINT('',(0.0247983356757906,-0.00381,0.00885306434948227));
#6340=CARTESIAN_POINT('',(0.0270520772493184,-0.00381,0.00775581036049683));
#6341=CARTESIAN_POINT('',(0.0270520772493184,-0.00381,0.00775581036049683));
#6342=CARTESIAN_POINT('',(0.0267991544986368,-0.00381,0.00723242108451986));
#6343=CARTESIAN_POINT('',(0.0262933089972735,-0.00381,0.00702481975159044));
#6344=CARTESIAN_POINT('',(0.0262933089972735,-0.00381,0.00702481975159044));
#6345=CARTESIAN_POINT('',(0.0262933089972735,-0.00381,0.00698827022114512));
#6346=CARTESIAN_POINT('',(0.0262933089972735,-0.00381,0.0069517206906998));
#6347=CARTESIAN_POINT('',(0.0278839445622539,-0.00381,0.0069517206906998));
#6348=CARTESIAN_POINT('',(0.0247962402302332,-0.00381,-0.0165510893668585));
#6349=CARTESIAN_POINT('',(0.027305,-0.00381,-0.0165510893668585));
#6350=CARTESIAN_POINT('',(0.027305,-0.00381,-0.0194896716146622));
#6351=CARTESIAN_POINT('',(0.0247962402302332,-0.00381,-0.0165510893668585));
#6352=CARTESIAN_POINT('',(0.027305,-0.00381,-0.0194896716146622));
#6353=CARTESIAN_POINT('',(0.027305,-0.00381,-0.0212674407755226));
#6354=CARTESIAN_POINT('',(0.027305,-0.00381,-0.0230452099363829));
#6355=CARTESIAN_POINT('',(0.027305,-0.00381,-0.0230452099363829));
#6356=CARTESIAN_POINT('',(0.027305,-0.00381,-0.023419477128143));
#6357=CARTESIAN_POINT('',(0.0269131890336262,-0.00381,-0.023419477128143));
#6358=CARTESIAN_POINT('',(0.0269131890336262,-0.00381,-0.023419477128143));
#6359=CARTESIAN_POINT('',(0.026313776734323,-0.00381,-0.023419477128143));
#6360=CARTESIAN_POINT('',(0.0257143644350197,-0.00381,-0.023419477128143));
#6361=CARTESIAN_POINT('',(0.0257143644350197,-0.00381,-0.023419477128143));
#6362=CARTESIAN_POINT('',(0.0255096870645259,-0.00381,-0.023419477128143));
#6363=CARTESIAN_POINT('',(0.0254248921538928,-0.00381,-0.0233449160860346));
#6364=CARTESIAN_POINT('',(0.0254248921538928,-0.00381,-0.0233449160860346));
#6365=CARTESIAN_POINT('',(0.0254248921538928,-0.00381,-0.0233449160860346));
#6366=CARTESIAN_POINT('',(0.0253400972432596,-0.00381,-0.0232703550439261));
#6367=CARTESIAN_POINT('',(0.0253400972432596,-0.00381,-0.0230452099363829));
#6368=CARTESIAN_POINT('',(0.0253400972432596,-0.00381,-0.0230452099363829));
#6369=CARTESIAN_POINT('',(0.0253400972432596,-0.00381,-0.021482352014541));
#6370=CARTESIAN_POINT('',(0.0253400972432596,-0.00381,-0.0199194940926992));
#6371=CARTESIAN_POINT('',(0.0253400972432596,-0.00381,-0.0199194940926992));
#6372=CARTESIAN_POINT('',(0.0253400972432596,-0.00381,-0.0190013698879128));
#6373=CARTESIAN_POINT('',(0.0247786964556195,-0.00381,-0.0190013698879128));
#6374=CARTESIAN_POINT('',(0.0247786964556195,-0.00381,-0.0190013698879128));
#6375=CARTESIAN_POINT('',(0.0247319130566495,-0.00381,-0.0190013698879128));
#6376=CARTESIAN_POINT('',(0.0246851296576795,-0.00381,-0.0190013698879128));
#6377=CARTESIAN_POINT('',(0.0246851296576795,-0.00381,-0.0190013698879128));
#6378=CARTESIAN_POINT('',(0.0242348394425932,-0.00381,-0.0190013698879128));
#6379=CARTESIAN_POINT('',(0.0238254847016056,-0.00381,-0.0197703720084823));
#6380=CARTESIAN_POINT('',(0.0238254847016056,-0.00381,-0.0197703720084823));
#6381=CARTESIAN_POINT('',(0.0233108673129355,-0.00381,-0.0206958061193577));
#6382=CARTESIAN_POINT('',(0.0227962499242654,-0.00381,-0.0216212402302332));
#6383=CARTESIAN_POINT('',(0.0227962499242654,-0.00381,-0.0216212402302332));
#6384=CARTESIAN_POINT('',(0.0223079481975159,-0.00381,-0.0225773759466828));
#6385=CARTESIAN_POINT('',(0.0217465474098758,-0.00381,-0.0230262041805513));
#6386=CARTESIAN_POINT('',(0.0217465474098758,-0.00381,-0.0230262041805513));
#6387=CARTESIAN_POINT('',(0.0217465474098758,-0.00381,-0.0230262041805513));
#6388=CARTESIAN_POINT('',(0.0211851466222357,-0.00381,-0.0234750324144199));
#6389=CARTESIAN_POINT('',(0.0203050339291124,-0.00381,-0.0234750324144199));
#6390=CARTESIAN_POINT('',(0.0203050339291124,-0.00381,-0.0234750324144199));
#6391=CARTESIAN_POINT('',(0.0203050339291124,-0.00381,-0.0234750324144199));
#6392=CARTESIAN_POINT('',(0.0189950987579522,-0.00381,-0.0234750324144199));
#6393=CARTESIAN_POINT('',(0.0183781426840352,-0.00381,-0.0227820533171766));
#6394=CARTESIAN_POINT('',(0.0183781426840352,-0.00381,-0.0227820533171766));
#6395=CARTESIAN_POINT('',(0.0183781426840352,-0.00381,-0.0227820533171766));
#6396=CARTESIAN_POINT('',(0.0177611866101181,-0.00381,-0.0220890742199333));
#6397=CARTESIAN_POINT('',(0.0177611866101181,-0.00381,-0.0206124731899424));
#6398=CARTESIAN_POINT('',(0.0177611866101181,-0.00381,-0.0206124731899424));
#6399=CARTESIAN_POINT('',(0.0177611866101181,-0.00381,-0.0190496152681006));
#6400=CARTESIAN_POINT('',(0.0177611866101181,-0.00381,-0.0174867573462587));
#6401=CARTESIAN_POINT('',(0.0177611866101181,-0.00381,-0.0174867573462587));
#6402=CARTESIAN_POINT('',(0.0177611866101181,-0.00381,-0.0171124901544987));
#6403=CARTESIAN_POINT('',(0.0181529975764919,-0.00381,-0.0171124901544987));
#6404=CARTESIAN_POINT('',(0.0181529975764919,-0.00381,-0.0171124901544987));
#6405=CARTESIAN_POINT('',(0.0187611817631021,-0.00381,-0.0171124901544987));
#6406=CARTESIAN_POINT('',(0.0193693659497122,-0.00381,-0.0171124901544987));
#6407=CARTESIAN_POINT('',(0.0193693659497122,-0.00381,-0.0171124901544987));
#6408=CARTESIAN_POINT('',(0.0195769672826416,-0.00381,-0.0171124901544987));
#6409=CARTESIAN_POINT('',(0.0196603002120569,-0.00381,-0.0171870511966071));
#6410=CARTESIAN_POINT('',(0.0196603002120569,-0.00381,-0.0171870511966071));
#6411=CARTESIAN_POINT('',(0.0196603002120569,-0.00381,-0.0171870511966071));
#6412=CARTESIAN_POINT('',(0.0197436331414723,-0.00381,-0.0172616122387155));
#6413=CARTESIAN_POINT('',(0.0197436331414723,-0.00381,-0.0174867573462587));
#6414=CARTESIAN_POINT('',(0.0197436331414723,-0.00381,-0.0174867573462587));
#6415=CARTESIAN_POINT('',(0.0197436331414723,-0.00381,-0.0187879206301121));
#6416=CARTESIAN_POINT('',(0.0197436331414723,-0.00381,-0.0200890839139654));
#6417=CARTESIAN_POINT('',(0.0197436331414723,-0.00381,-0.0200890839139654));
#6418=CARTESIAN_POINT('',(0.0197436331414723,-0.00381,-0.0210042841563162));
#6419=CARTESIAN_POINT('',(0.0202114671311724,-0.00381,-0.0210042841563162));
#6420=CARTESIAN_POINT('',(0.0202114671311724,-0.00381,-0.0210042841563162));
#6421=CARTESIAN_POINT('',(0.0202582505301424,-0.00381,-0.0210042841563162));
#6422=CARTESIAN_POINT('',(0.0203050339291124,-0.00381,-0.0210042841563162));
#6423=CARTESIAN_POINT('',(0.0203050339291124,-0.00381,-0.0210042841563162));
#6424=CARTESIAN_POINT('',(0.0207173126325356,-0.00381,-0.0210042841563162));
#6425=CARTESIAN_POINT('',(0.0211471351105725,-0.00381,-0.0202001944865192));
#6426=CARTESIAN_POINT('',(0.0211471351105725,-0.00381,-0.0202001944865192));
#6427=CARTESIAN_POINT('',(0.0217085358982127,-0.00381,-0.0192557546198121));
#6428=CARTESIAN_POINT('',(0.0222699366858528,-0.00381,-0.0183113147531051));
#6429=CARTESIAN_POINT('',(0.0222699366858528,-0.00381,-0.0183113147531051));
#6430=CARTESIAN_POINT('',(0.0227962499242654,-0.00381,-0.0173376352620418));
#6431=CARTESIAN_POINT('',(0.0233474168433808,-0.00381,-0.0169443623144501));
#6432=CARTESIAN_POINT('',(0.0233474168433808,-0.00381,-0.0169443623144501));
#6433=CARTESIAN_POINT('',(0.0233474168433808,-0.00381,-0.0169443623144501));
#6434=CARTESIAN_POINT('',(0.0238985837624962,-0.00381,-0.0165510893668585));
#6435=CARTESIAN_POINT('',(0.0247962402302332,-0.00381,-0.0165510893668585));
#6436=CARTESIAN_POINT('',(-0.002286,-0.00381,-0.017145));
#6437=CARTESIAN_POINT('',(-0.002286,-0.003302,-0.017145));
#6438=CARTESIAN_POINT('',(0.019304,-0.003302,-0.017145));
#6439=CARTESIAN_POINT('',(-0.023876,-0.003302,-0.017145));
#6440=CARTESIAN_POINT('',(0.019304,-0.00381,-0.017145));
#6441=CARTESIAN_POINT('',(0.019304,0.,-0.017145));
#6442=CARTESIAN_POINT('',(-0.002286,0.,-0.017145));
#6443=CARTESIAN_POINT('',(-0.023876,0.,-0.017145));
#6444=CARTESIAN_POINT('',(-0.023876,-0.00381,-0.017145));
#6445=CARTESIAN_POINT('',(-0.023876,-0.00381,3.46944695195361E-18));
#6446=CARTESIAN_POINT('',(-0.023876,-0.003302,3.46944695195361E-18));
#6447=CARTESIAN_POINT('',(-0.023876,-0.003302,0.017145));
#6448=CARTESIAN_POINT('',(-0.023876,0.,3.46944695195361E-18));
#6449=CARTESIAN_POINT('',(-0.023876,0.,0.017145));
#6450=CARTESIAN_POINT('',(-0.023876,-0.00381,0.017145));
#6451=CARTESIAN_POINT('',(-0.002286,-0.00381,0.017145));
#6452=CARTESIAN_POINT('',(0.019304,-0.00381,0.017145));
#6453=CARTESIAN_POINT('',(0.019304,-0.003302,0.017145));
#6454=CARTESIAN_POINT('',(0.019304,0.,0.017145));
#6455=CARTESIAN_POINT('',(-0.002286,-0.003302,0.017145));
#6456=CARTESIAN_POINT('',(-0.002286,0.,0.017145));
#6457=CARTESIAN_POINT('',(0.019304,-0.00381,-3.46944695195361E-18));
#6458=CARTESIAN_POINT('',(0.019304,-0.003302,-3.46944695195361E-18));
#6459=CARTESIAN_POINT('',(0.019304,0.,-3.46944695195361E-18));
#6460=CARTESIAN_POINT('',(0.019304,0.,0.01397));
#6461=CARTESIAN_POINT('',(0.019304,-0.00127,0.01397));
#6462=CARTESIAN_POINT('',(0.019304,-0.00127,0.01397));
#6463=CARTESIAN_POINT('',(0.019304,-0.00127,-3.46944695195361E-18));
#6464=CARTESIAN_POINT('',(0.019304,-0.00127,-0.01397));
#6465=CARTESIAN_POINT('',(0.019304,-0.00127,-0.01397));
#6466=CARTESIAN_POINT('',(0.019304,0.,-0.01397));
#6467=CARTESIAN_POINT('',(0.019304,0.,-3.46944695195361E-18));
#6468=CARTESIAN_POINT('',(0.,0.,3.46944695195361E-18));
#6469=CARTESIAN_POINT('',(-3.46944695195361E-18,0.,-0.02413));
#6470=CARTESIAN_POINT('',(0.03048,0.,-0.02413));
#6471=CARTESIAN_POINT('',(-0.03048,0.,-0.02413));
#6472=CARTESIAN_POINT('',(-0.03048,0.,0.));
#6473=CARTESIAN_POINT('',(-0.03048,0.,0.02413));
#6474=CARTESIAN_POINT('',(0.,0.,0.02413));
#6475=CARTESIAN_POINT('',(0.03048,0.,0.02413));
#6476=CARTESIAN_POINT('',(0.03048,0.,1.04083408558608E-17));
#6477=CARTESIAN_POINT('',(0.022987,0.,0.01397));
#6478=CARTESIAN_POINT('',(0.02667,0.,0.01397));
#6479=CARTESIAN_POINT('',(0.022987,0.,-0.01397));
#6480=CARTESIAN_POINT('',(0.02667,0.,-0.01397));
#6481=CARTESIAN_POINT('',(0.02667,0.,6.93889390390723E-18));
#6482=CARTESIAN_POINT('',(-3.46944695195361E-18,-0.00381,-0.02413));
#6483=CARTESIAN_POINT('',(0.03048,-0.00381,-0.02413));
#6484=CARTESIAN_POINT('',(-0.03048,-0.00381,-0.02413));
#6485=CARTESIAN_POINT('',(0.03048,-0.00381,1.04083408558608E-17));
#6486=CARTESIAN_POINT('',(0.03048,-0.00381,0.02413));
#6487=CARTESIAN_POINT('',(0.,-0.00381,0.02413));
#6488=CARTESIAN_POINT('',(-0.03048,-0.00381,0.02413));
#6489=CARTESIAN_POINT('',(-0.03048,-0.00381,0.));
#6490=CARTESIAN_POINT('',(0.022987,-0.00127,0.01397));
#6491=CARTESIAN_POINT('',(0.02667,-0.00127,0.01397));
#6492=CARTESIAN_POINT('',(0.02667,-0.00127,0.01397));
#6493=CARTESIAN_POINT('',(0.022987,-0.00127,0.01397));
#6494=CARTESIAN_POINT('',(0.02667,-0.00127,6.93889390390723E-18));
#6495=CARTESIAN_POINT('',(0.02667,-0.00127,-0.01397));
#6496=CARTESIAN_POINT('',(0.02667,-0.00127,-0.01397));
#6497=CARTESIAN_POINT('',(0.02667,-0.00127,6.93889390390723E-18));
#6498=CARTESIAN_POINT('',(0.022987,-0.00127,-0.01397));
#6499=CARTESIAN_POINT('',(0.022987,-0.00127,-0.01397));
#6500=CARTESIAN_POINT('',(0.,-0.00127,3.46944695195361E-18));
#6501=CARTESIAN_POINT('',(-0.02286,-0.003302,0.));
#6502=CARTESIAN_POINT('',(-0.02286,-0.003302,-0.009906));
#6503=CARTESIAN_POINT('',(-0.02286,-0.003302,-0.009906));
#6504=CARTESIAN_POINT('',(-0.02286,-0.003302,0.));
#6505=CARTESIAN_POINT('',(-0.02286,-0.003302,0.009906));
#6506=CARTESIAN_POINT('',(-0.02286,-0.00381,0.009906));
#6507=CARTESIAN_POINT('',(-0.004445,-0.003302,0.014859));
#6508=CARTESIAN_POINT('',(-0.017907,-0.003302,0.014859));
#6509=CARTESIAN_POINT('',(-0.017907,-0.003302,0.014859));
#6510=CARTESIAN_POINT('',(-0.004445,-0.003302,0.014859));
#6511=CARTESIAN_POINT('',(0.009017,-0.003302,0.014859));
#6512=CARTESIAN_POINT('',(0.009017,-0.00381,0.014859));
#6513=CARTESIAN_POINT('',(0.01397,-0.003302,0.));
#6514=CARTESIAN_POINT('',(0.01397,-0.003302,0.));
#6515=CARTESIAN_POINT('',(0.01397,-0.003302,-0.009906));
#6516=CARTESIAN_POINT('',(0.01397,-0.003302,0.009906));
#6517=CARTESIAN_POINT('',(0.01397,-0.003302,-0.009906));
#6518=CARTESIAN_POINT('',(0.01397,-0.003302,0.009906));
#6519=CARTESIAN_POINT('',(-0.004445,-0.003302,-0.014859));
#6520=CARTESIAN_POINT('',(0.009017,-0.003302,-0.014859));
#6521=CARTESIAN_POINT('',(0.009017,-0.003302,-0.014859));
#6522=CARTESIAN_POINT('',(-0.004445,-0.003302,-0.014859));
#6523=CARTESIAN_POINT('',(-0.017907,-0.003302,-0.014859));
#6524=CARTESIAN_POINT('',(-0.017907,-0.003302,-0.014859));
#6525=CARTESIAN_POINT('',(0.,-0.003302,3.46944695195361E-18));
#6526=CARTESIAN_POINT('',(-0.017907,-0.003302,0.009906));
#6527=CARTESIAN_POINT('',(-0.017907,-0.003302,-0.009906));
#6528=CARTESIAN_POINT('',(0.009017,-0.003302,-0.009906));
#6529=CARTESIAN_POINT('',(0.009017,-0.003302,0.009906));
#6530=CARTESIAN_POINT('',(0.009017,-0.003302,-0.009906));
#6531=CARTESIAN_POINT('',(-0.017907,-0.003302,-0.009906));
#6532=CARTESIAN_POINT('',(-0.017907,-0.003302,0.009906));
#6533=CARTESIAN_POINT('',(0.009017,-0.003302,0.009906));
#6534=CARTESIAN_POINT('',(0.027305,-0.003556,-0.0137177697667373));
#6535=CARTESIAN_POINT('',(0.027305,-0.003556,-0.0129224519842472));
#6536=CARTESIAN_POINT('',(0.027305,-0.003556,-0.0129224519842472));
#6537=CARTESIAN_POINT('',(0.027305,-0.003556,-0.0137177697667373));
#6538=CARTESIAN_POINT('',(0.027305,-0.003556,-0.0145130875492275));
#6539=CARTESIAN_POINT('',(0.027305,-0.003556,-0.0145130875492275));
#6540=CARTESIAN_POINT('',(0.0269131890336262,-0.003556,-0.0125277170554377));
#6541=CARTESIAN_POINT('',(0.0269131890336262,-0.00381,-0.0125277170554377));
#6542=CARTESIAN_POINT('',(0.0271743963445421,-0.003556,-0.0125277170554377));
#6543=CARTESIAN_POINT('',(0.0271743963445421,-0.00381,-0.0125277170554377));
#6544=CARTESIAN_POINT('',(0.027305,-0.003556,-0.0126592953650409));
#6545=CARTESIAN_POINT('',(0.027305,-0.00381,-0.0126592953650409));
#6546=CARTESIAN_POINT('',(0.027305,-0.003556,-0.0129224519842472));
#6547=CARTESIAN_POINT('',(0.027305,-0.00381,-0.0129224519842472));
#6548=CARTESIAN_POINT('',(0.0269131890336262,-0.003556,-0.0125277170554377));
#6549=CARTESIAN_POINT('',(0.0269131890336262,-0.003556,-0.0125277170554377));
#6550=CARTESIAN_POINT('',(0.0269131890336262,-0.003556,-0.0125277170554377));
#6551=CARTESIAN_POINT('',(0.027305,-0.003556,-0.0125277170554377));
#6552=CARTESIAN_POINT('',(0.027305,-0.003556,-0.0129224519842472));
#6553=CARTESIAN_POINT('',(0.0240769454710694,-0.003556,-0.0125277170554377));
#6554=CARTESIAN_POINT('',(0.0212407019085125,-0.003556,-0.0125277170554377));
#6555=CARTESIAN_POINT('',(0.0212407019085125,-0.003556,-0.0125277170554377));
#6556=CARTESIAN_POINT('',(0.0240769454710694,-0.003556,-0.0125277170554377));
#6557=CARTESIAN_POINT('',(0.0198196561647986,-0.003556,-0.0112382496213269));
#6558=CARTESIAN_POINT('',(0.0198196561647986,-0.00381,-0.0112382496213269));
#6559=CARTESIAN_POINT('',(0.0198196561647986,-0.003556,-0.0120978945774008));
#6560=CARTESIAN_POINT('',(0.0198196561647986,-0.00381,-0.0120978945774008));
#6561=CARTESIAN_POINT('',(0.0202933380793699,-0.003556,-0.0125277170554377));
#6562=CARTESIAN_POINT('',(0.0202933380793699,-0.00381,-0.0125277170554377));
#6563=CARTESIAN_POINT('',(0.0212407019085125,-0.003556,-0.0125277170554377));
#6564=CARTESIAN_POINT('',(0.0212407019085125,-0.00381,-0.0125277170554377));
#6565=CARTESIAN_POINT('',(0.0198196561647986,-0.003556,-0.0112382496213269));
#6566=CARTESIAN_POINT('',(0.0198196561647986,-0.003556,-0.0112382496213269));
#6567=CARTESIAN_POINT('',(0.0198196561647986,-0.003556,-0.0112382496213269));
#6568=CARTESIAN_POINT('',(0.0198196561647986,-0.003556,-0.0125277170554377));
#6569=CARTESIAN_POINT('',(0.0212407019085125,-0.003556,-0.0125277170554377));
#6570=CARTESIAN_POINT('',(0.0198196561647986,-0.003556,-0.0109005319600121));
#6571=CARTESIAN_POINT('',(0.0198196561647986,-0.003556,-0.0105628142986974));
#6572=CARTESIAN_POINT('',(0.0198196561647986,-0.003556,-0.0105628142986974));
#6573=CARTESIAN_POINT('',(0.0198196561647986,-0.003556,-0.0109005319600121));
#6574=CARTESIAN_POINT('',(0.0200725789154802,-0.003556,-0.00971194122993032));
#6575=CARTESIAN_POINT('',(0.0200725789154802,-0.00381,-0.00971194122993032));
#6576=CARTESIAN_POINT('',(0.0199039637483591,-0.003556,-0.00987958174290618));
#6577=CARTESIAN_POINT('',(0.0199039637483591,-0.00381,-0.00987958174290618));
#6578=CARTESIAN_POINT('',(0.0198196561647986,-0.003556,-0.0101632060991619));
#6579=CARTESIAN_POINT('',(0.0198196561647986,-0.00381,-0.0101632060991619));
#6580=CARTESIAN_POINT('',(0.0198196561647986,-0.003556,-0.0105628142986974));
#6581=CARTESIAN_POINT('',(0.0198196561647986,-0.00381,-0.0105628142986974));
#6582=CARTESIAN_POINT('',(0.0200725789154802,-0.003556,-0.00971194122993032));
#6583=CARTESIAN_POINT('',(0.0200725789154802,-0.003556,-0.00971194122993032));
#6584=CARTESIAN_POINT('',(0.0200725789154802,-0.003556,-0.00971194122993032));
#6585=CARTESIAN_POINT('',(0.0198196561647986,-0.003556,-0.00996340199939411));
#6586=CARTESIAN_POINT('',(0.0198196561647986,-0.003556,-0.0105628142986974));
#6587=CARTESIAN_POINT('',(0.020924913965465,-0.003556,-0.00946048046046652));
#6588=CARTESIAN_POINT('',(0.020924913965465,-0.00381,-0.00946048046046652));
#6589=CARTESIAN_POINT('',(0.0205253057659295,-0.003556,-0.00946048046046652));
#6590=CARTESIAN_POINT('',(0.0205253057659295,-0.00381,-0.00946048046046652));
#6591=CARTESIAN_POINT('',(0.0202411940826012,-0.003556,-0.00954430071695445));
#6592=CARTESIAN_POINT('',(0.0202411940826012,-0.00381,-0.00954430071695445));
#6593=CARTESIAN_POINT('',(0.0200725789154802,-0.003556,-0.00971194122993032));
#6594=CARTESIAN_POINT('',(0.0200725789154802,-0.00381,-0.00971194122993032));
#6595=CARTESIAN_POINT('',(0.020924913965465,-0.003556,-0.00946048046046652));
#6596=CARTESIAN_POINT('',(0.020924913965465,-0.003556,-0.00946048046046652));
#6597=CARTESIAN_POINT('',(0.020924913965465,-0.003556,-0.00946048046046652));
#6598=CARTESIAN_POINT('',(0.0203255016661618,-0.003556,-0.00946048046046652));
#6599=CARTESIAN_POINT('',(0.0200725789154802,-0.003556,-0.00971194122993032));
#6600=CARTESIAN_POINT('',(0.0239190514995456,-0.003556,-0.00946048046046652));
#6601=CARTESIAN_POINT('',(0.0269131890336262,-0.003556,-0.00946048046046652));
#6602=CARTESIAN_POINT('',(0.0269131890336262,-0.003556,-0.00946048046046652));
#6603=CARTESIAN_POINT('',(0.0239190514995456,-0.003556,-0.00946048046046652));
#6604=CARTESIAN_POINT('',(0.027305,-0.003556,-0.00906574553165707));
#6605=CARTESIAN_POINT('',(0.027305,-0.00381,-0.00906574553165707));
#6606=CARTESIAN_POINT('',(0.027305,-0.003556,-0.00932890215086337));
#6607=CARTESIAN_POINT('',(0.027305,-0.00381,-0.00932890215086337));
#6608=CARTESIAN_POINT('',(0.0271743963445421,-0.003556,-0.00946048046046652));
#6609=CARTESIAN_POINT('',(0.0271743963445421,-0.00381,-0.00946048046046652));
#6610=CARTESIAN_POINT('',(0.0269131890336262,-0.003556,-0.00946048046046652));
#6611=CARTESIAN_POINT('',(0.0269131890336262,-0.00381,-0.00946048046046652));
#6612=CARTESIAN_POINT('',(0.027305,-0.003556,-0.00906574553165707));
#6613=CARTESIAN_POINT('',(0.027305,-0.003556,-0.00906574553165707));
#6614=CARTESIAN_POINT('',(0.027305,-0.003556,-0.00906574553165707));
#6615=CARTESIAN_POINT('',(0.027305,-0.003556,-0.00946048046046652));
#6616=CARTESIAN_POINT('',(0.0269131890336262,-0.003556,-0.00946048046046652));
#6617=CARTESIAN_POINT('',(0.027305,-0.003556,-0.0082806616176916));
#6618=CARTESIAN_POINT('',(0.027305,-0.003556,-0.00749557770372614));
#6619=CARTESIAN_POINT('',(0.027305,-0.003556,-0.00749557770372614));
#6620=CARTESIAN_POINT('',(0.027305,-0.003556,-0.0082806616176916));
#6621=CARTESIAN_POINT('',(0.0269131890336262,-0.003556,-0.00708329900030293));
#6622=CARTESIAN_POINT('',(0.0269131890336262,-0.00381,-0.00708329900030293));
#6623=CARTESIAN_POINT('',(0.0271743963445421,-0.003556,-0.00708329900030293));
#6624=CARTESIAN_POINT('',(0.0271743963445421,-0.00381,-0.00708329900030293));
#6625=CARTESIAN_POINT('',(0.027305,-0.003556,-0.00722072523477733));
#6626=CARTESIAN_POINT('',(0.027305,-0.00381,-0.00722072523477733));
#6627=CARTESIAN_POINT('',(0.027305,-0.003556,-0.00749557770372614));
#6628=CARTESIAN_POINT('',(0.027305,-0.00381,-0.00749557770372614));
#6629=CARTESIAN_POINT('',(0.0269131890336262,-0.003556,-0.00708329900030293));
#6630=CARTESIAN_POINT('',(0.0269131890336262,-0.003556,-0.00708329900030293));
#6631=CARTESIAN_POINT('',(0.0269131890336262,-0.003556,-0.00708329900030293));
#6632=CARTESIAN_POINT('',(0.027305,-0.003556,-0.00708329900030293));
#6633=CARTESIAN_POINT('',(0.027305,-0.003556,-0.00749557770372614));
#6634=CARTESIAN_POINT('',(0.0238620342320509,-0.003556,-0.00708329900030293));
#6635=CARTESIAN_POINT('',(0.0208108794304756,-0.003556,-0.00708329900030293));
#6636=CARTESIAN_POINT('',(0.0208108794304756,-0.003556,-0.00708329900030293));
#6637=CARTESIAN_POINT('',(0.0238620342320509,-0.003556,-0.00708329900030293));
#6638=CARTESIAN_POINT('',(0.0177611866101181,-0.003556,-0.0100218812481066));
#6639=CARTESIAN_POINT('',(0.0177611866101181,-0.00381,-0.0100218812481066));
#6640=CARTESIAN_POINT('',(0.0177611866101181,-0.003556,-0.00806282641623749));
#6641=CARTESIAN_POINT('',(0.0177611866101181,-0.00381,-0.00806282641623749));
#6642=CARTESIAN_POINT('',(0.0187777508835706,-0.003556,-0.00708329900030293));
#6643=CARTESIAN_POINT('',(0.0187777508835706,-0.00381,-0.00708329900030293));
#6644=CARTESIAN_POINT('',(0.0208108794304756,-0.003556,-0.00708329900030293));
#6645=CARTESIAN_POINT('',(0.0208108794304756,-0.00381,-0.00708329900030293));
#6646=CARTESIAN_POINT('',(0.0177611866101181,-0.003556,-0.0100218812481066));
#6647=CARTESIAN_POINT('',(0.0177611866101181,-0.003556,-0.0100218812481066));
#6648=CARTESIAN_POINT('',(0.0177611866101181,-0.003556,-0.0100218812481066));
#6649=CARTESIAN_POINT('',(0.0177611866101181,-0.003556,-0.00708329900030293));
#6650=CARTESIAN_POINT('',(0.0208108794304756,-0.003556,-0.00708329900030293));
#6651=CARTESIAN_POINT('',(0.0177611866101181,-0.003556,-0.0103201254165404));
#6652=CARTESIAN_POINT('',(0.0177611866101181,-0.003556,-0.0106183695849742));
#6653=CARTESIAN_POINT('',(0.0177611866101181,-0.003556,-0.0106183695849742));
#6654=CARTESIAN_POINT('',(0.0177611866101181,-0.003556,-0.0103201254165404));
#6655=CARTESIAN_POINT('',(0.0187728776128446,-0.003556,-0.0124546179945471));
#6656=CARTESIAN_POINT('',(0.0187728776128446,-0.00381,-0.0124546179945471));
#6657=CARTESIAN_POINT('',(0.0180984169443603,-0.003556,-0.0121797655255983));
#6658=CARTESIAN_POINT('',(0.0180984169443603,-0.00381,-0.0121797655255983));
#6659=CARTESIAN_POINT('',(0.0177611866101181,-0.003556,-0.0115676827224073));
#6660=CARTESIAN_POINT('',(0.0177611866101181,-0.00381,-0.0115676827224073));
#6661=CARTESIAN_POINT('',(0.0177611866101181,-0.003556,-0.0106183695849742));
#6662=CARTESIAN_POINT('',(0.0177611866101181,-0.00381,-0.0106183695849742));
#6663=CARTESIAN_POINT('',(0.0187728776128446,-0.003556,-0.0124546179945471));
#6664=CARTESIAN_POINT('',(0.0187728776128446,-0.003556,-0.0124546179945471));
#6665=CARTESIAN_POINT('',(0.0187728776128446,-0.003556,-0.0124546179945471));
#6666=CARTESIAN_POINT('',(0.0177611866101181,-0.003556,-0.0120423392911239));
#6667=CARTESIAN_POINT('',(0.0177611866101181,-0.003556,-0.0106183695849742));
#6668=CARTESIAN_POINT('',(0.0187728776128446,-0.003556,-0.0124911675249924));
#6669=CARTESIAN_POINT('',(0.0187728776128446,-0.003556,-0.0125277170554377));
#6670=CARTESIAN_POINT('',(0.0187728776128446,-0.003556,-0.0125277170554377));
#6671=CARTESIAN_POINT('',(0.0187728776128446,-0.003556,-0.0124911675249924));
#6672=CARTESIAN_POINT('',(0.0184629375946683,-0.003556,-0.0125277170554377));
#6673=CARTESIAN_POINT('',(0.0181529975764919,-0.003556,-0.0125277170554377));
#6674=CARTESIAN_POINT('',(0.0181529975764919,-0.003556,-0.0125277170554377));
#6675=CARTESIAN_POINT('',(0.0184629375946683,-0.003556,-0.0125277170554377));
#6676=CARTESIAN_POINT('',(0.0177611866101181,-0.003556,-0.0129224519842472));
#6677=CARTESIAN_POINT('',(0.0177611866101181,-0.00381,-0.0129224519842472));
#6678=CARTESIAN_POINT('',(0.0177611866101181,-0.003556,-0.0126592953650409));
#6679=CARTESIAN_POINT('',(0.0177611866101181,-0.00381,-0.0126592953650409));
#6680=CARTESIAN_POINT('',(0.0178917902655761,-0.003556,-0.0125277170554377));
#6681=CARTESIAN_POINT('',(0.0178917902655761,-0.00381,-0.0125277170554377));
#6682=CARTESIAN_POINT('',(0.0181529975764919,-0.003556,-0.0125277170554377));
#6683=CARTESIAN_POINT('',(0.0181529975764919,-0.00381,-0.0125277170554377));
#6684=CARTESIAN_POINT('',(0.0177611866101181,-0.003556,-0.0129224519842472));
#6685=CARTESIAN_POINT('',(0.0177611866101181,-0.003556,-0.0129224519842472));
#6686=CARTESIAN_POINT('',(0.0177611866101181,-0.003556,-0.0129224519842472));
#6687=CARTESIAN_POINT('',(0.0177611866101181,-0.003556,-0.0125277170554377));
#6688=CARTESIAN_POINT('',(0.0181529975764919,-0.003556,-0.0125277170554377));
#6689=CARTESIAN_POINT('',(0.0177611866101181,-0.003556,-0.0137177697667373));
#6690=CARTESIAN_POINT('',(0.0177611866101181,-0.003556,-0.0145130875492275));
#6691=CARTESIAN_POINT('',(0.0177611866101181,-0.003556,-0.0145130875492275));
#6692=CARTESIAN_POINT('',(0.0177611866101181,-0.003556,-0.0137177697667373));
#6693=CARTESIAN_POINT('',(0.0181529975764919,-0.003556,-0.0149048985156013));
#6694=CARTESIAN_POINT('',(0.0181529975764919,-0.00381,-0.0149048985156013));
#6695=CARTESIAN_POINT('',(0.0178917902655761,-0.003556,-0.0149048985156013));
#6696=CARTESIAN_POINT('',(0.0178917902655761,-0.00381,-0.0149048985156013));
#6697=CARTESIAN_POINT('',(0.0177611866101181,-0.003556,-0.0147742948601434));
#6698=CARTESIAN_POINT('',(0.0177611866101181,-0.00381,-0.0147742948601434));
#6699=CARTESIAN_POINT('',(0.0177611866101181,-0.003556,-0.0145130875492275));
#6700=CARTESIAN_POINT('',(0.0177611866101181,-0.00381,-0.0145130875492275));
#6701=CARTESIAN_POINT('',(0.0181529975764919,-0.003556,-0.0149048985156013));
#6702=CARTESIAN_POINT('',(0.0181529975764919,-0.003556,-0.0149048985156013));
#6703=CARTESIAN_POINT('',(0.0181529975764919,-0.003556,-0.0149048985156013));
#6704=CARTESIAN_POINT('',(0.0177611866101181,-0.003556,-0.0149048985156013));
#6705=CARTESIAN_POINT('',(0.0177611866101181,-0.003556,-0.0145130875492275));
#6706=CARTESIAN_POINT('',(0.0225330933050591,-0.003556,-0.0149048985156013));
#6707=CARTESIAN_POINT('',(0.0269131890336262,-0.003556,-0.0149048985156013));
#6708=CARTESIAN_POINT('',(0.0269131890336262,-0.003556,-0.0149048985156013));
#6709=CARTESIAN_POINT('',(0.0225330933050591,-0.003556,-0.0149048985156013));
#6710=CARTESIAN_POINT('',(0.027305,-0.003556,-0.0145130875492275));
#6711=CARTESIAN_POINT('',(0.027305,-0.00381,-0.0145130875492275));
#6712=CARTESIAN_POINT('',(0.027305,-0.003556,-0.0147742948601434));
#6713=CARTESIAN_POINT('',(0.027305,-0.00381,-0.0147742948601434));
#6714=CARTESIAN_POINT('',(0.0271743963445421,-0.003556,-0.0149048985156013));
#6715=CARTESIAN_POINT('',(0.0271743963445421,-0.00381,-0.0149048985156013));
#6716=CARTESIAN_POINT('',(0.0269131890336262,-0.003556,-0.0149048985156013));
#6717=CARTESIAN_POINT('',(0.0269131890336262,-0.00381,-0.0149048985156013));
#6718=CARTESIAN_POINT('',(0.027305,-0.003556,-0.0145130875492275));
#6719=CARTESIAN_POINT('',(0.027305,-0.003556,-0.0149048985156013));
#6720=CARTESIAN_POINT('',(0.0269131890336262,-0.003556,-0.0149048985156013));
#6721=CARTESIAN_POINT('',(0.,-0.003556,3.46944695195361E-18));
#6722=CARTESIAN_POINT('',(0.027305,-0.003556,0.0150437867312935));
#6723=CARTESIAN_POINT('',(0.027305,-0.003556,0.015969220842169));
#6724=CARTESIAN_POINT('',(0.027305,-0.003556,0.015969220842169));
#6725=CARTESIAN_POINT('',(0.027305,-0.003556,0.0150437867312935));
#6726=CARTESIAN_POINT('',(0.027305,-0.003556,0.0141183526204181));
#6727=CARTESIAN_POINT('',(0.027305,-0.003556,0.0141183526204181));
#6728=CARTESIAN_POINT('',(0.0269307328082399,-0.003556,0.0165306216298092));
#6729=CARTESIAN_POINT('',(0.0269307328082399,-0.00381,0.0165306216298092));
#6730=CARTESIAN_POINT('',(0.0271802442694133,-0.003556,0.0164195110572554));
#6731=CARTESIAN_POINT('',(0.0271802442694133,-0.00381,0.0164195110572554));
#6732=CARTESIAN_POINT('',(0.027305,-0.003556,0.0162323774613754));
#6733=CARTESIAN_POINT('',(0.027305,-0.00381,0.0162323774613754));
#6734=CARTESIAN_POINT('',(0.027305,-0.003556,0.015969220842169));
#6735=CARTESIAN_POINT('',(0.027305,-0.00381,0.015969220842169));
#6736=CARTESIAN_POINT('',(0.0269307328082399,-0.003556,0.0165306216298092));
#6737=CARTESIAN_POINT('',(0.0269307328082399,-0.003556,0.0165306216298092));
#6738=CARTESIAN_POINT('',(0.0269307328082399,-0.003556,0.0165306216298092));
#6739=CARTESIAN_POINT('',(0.027305,-0.003556,0.0163639557709785));
#6740=CARTESIAN_POINT('',(0.027305,-0.003556,0.015969220842169));
#6741=CARTESIAN_POINT('',(0.0249102747652226,-0.003556,0.0174662896092093));
#6742=CARTESIAN_POINT('',(0.0228898167222054,-0.003556,0.0184019575886096));
#6743=CARTESIAN_POINT('',(0.0228898167222054,-0.003556,0.0184019575886096));
#6744=CARTESIAN_POINT('',(0.0249102747652226,-0.003556,0.0174662896092093));
#6745=CARTESIAN_POINT('',(0.0228898167222054,-0.003556,0.0184399691002726));
#6746=CARTESIAN_POINT('',(0.0228898167222054,-0.003556,0.0184779806119358));
#6747=CARTESIAN_POINT('',(0.0228898167222054,-0.003556,0.0184779806119358));
#6748=CARTESIAN_POINT('',(0.0228898167222054,-0.003556,0.0184399691002726));
#6749=CARTESIAN_POINT('',(0.0249102747652226,-0.003556,0.0194034147228113));
#6750=CARTESIAN_POINT('',(0.0269307328082399,-0.003556,0.0203288488336868));
#6751=CARTESIAN_POINT('',(0.0269307328082399,-0.003556,0.0203288488336868));
#6752=CARTESIAN_POINT('',(0.0249102747652226,-0.003556,0.0194034147228113));
#6753=CARTESIAN_POINT('',(0.027305,-0.003556,0.0208727058467131));
#6754=CARTESIAN_POINT('',(0.027305,-0.00381,0.0208727058467131));
#6755=CARTESIAN_POINT('',(0.027305,-0.003556,0.0206114985357972));
#6756=CARTESIAN_POINT('',(0.027305,-0.00381,0.0206114985357972));
#6757=CARTESIAN_POINT('',(0.0271802442694133,-0.003556,0.0204302128647885));
#6758=CARTESIAN_POINT('',(0.0271802442694133,-0.00381,0.0204302128647885));
#6759=CARTESIAN_POINT('',(0.0269307328082399,-0.003556,0.0203288488336868));
#6760=CARTESIAN_POINT('',(0.0269307328082399,-0.00381,0.0203288488336868));
#6761=CARTESIAN_POINT('',(0.027305,-0.003556,0.0208727058467131));
#6762=CARTESIAN_POINT('',(0.027305,-0.003556,0.0208727058467131));
#6763=CARTESIAN_POINT('',(0.027305,-0.003556,0.0208727058467131));
#6764=CARTESIAN_POINT('',(0.027305,-0.003556,0.0204808948803393));
#6765=CARTESIAN_POINT('',(0.0269307328082399,-0.003556,0.0203288488336868));
#6766=CARTESIAN_POINT('',(0.027305,-0.003556,0.0218083738261133));
#6767=CARTESIAN_POINT('',(0.027305,-0.003556,0.0227440418055135));
#6768=CARTESIAN_POINT('',(0.027305,-0.003556,0.0227440418055135));
#6769=CARTESIAN_POINT('',(0.027305,-0.003556,0.0218083738261133));
#6770=CARTESIAN_POINT('',(0.0271836555589216,-0.003556,0.0230247421993335));
#6771=CARTESIAN_POINT('',(0.0271836555589216,-0.00381,0.0230247421993335));
#6772=CARTESIAN_POINT('',(0.0272645518529739,-0.003556,0.0229740601837827));
#6773=CARTESIAN_POINT('',(0.0272645518529739,-0.00381,0.0229740601837827));
#6774=CARTESIAN_POINT('',(0.027305,-0.003556,0.0228804933858427));
#6775=CARTESIAN_POINT('',(0.027305,-0.00381,0.0228804933858427));
#6776=CARTESIAN_POINT('',(0.027305,-0.003556,0.0227440418055135));
#6777=CARTESIAN_POINT('',(0.027305,-0.00381,0.0227440418055135));
#6778=CARTESIAN_POINT('',(0.0271836555589216,-0.003556,0.0230247421993335));
#6779=CARTESIAN_POINT('',(0.0271836555589216,-0.003556,0.0230247421993335));
#6780=CARTESIAN_POINT('',(0.0271836555589216,-0.003556,0.0230247421993335));
#6781=CARTESIAN_POINT('',(0.027305,-0.003556,0.0229487191760073));
#6782=CARTESIAN_POINT('',(0.027305,-0.003556,0.0227440418055135));
#6783=CARTESIAN_POINT('',(0.026875177521963,-0.003556,0.0230071984247198));
#6784=CARTESIAN_POINT('',(0.026875177521963,-0.00381,0.0230071984247198));
#6785=CARTESIAN_POINT('',(0.0269999332525497,-0.003556,0.0230695762900131));
#6786=CARTESIAN_POINT('',(0.0269999332525497,-0.00381,0.0230695762900131));
#6787=CARTESIAN_POINT('',(0.0271027592648693,-0.003556,0.0230754242148844));
#6788=CARTESIAN_POINT('',(0.0271027592648693,-0.00381,0.0230754242148844));
#6789=CARTESIAN_POINT('',(0.0271836555589216,-0.003556,0.0230247421993335));
#6790=CARTESIAN_POINT('',(0.0271836555589216,-0.00381,0.0230247421993335));
#6791=CARTESIAN_POINT('',(0.026875177521963,-0.003556,0.0230071984247198));
#6792=CARTESIAN_POINT('',(0.026875177521963,-0.003556,0.0230071984247198));
#6793=CARTESIAN_POINT('',(0.026875177521963,-0.003556,0.0230071984247198));
#6794=CARTESIAN_POINT('',(0.0270623111178431,-0.003556,0.0231007652226598));
#6795=CARTESIAN_POINT('',(0.0271836555589216,-0.003556,0.0230247421993335));
#6796=CARTESIAN_POINT('',(0.0240111563162678,-0.003556,0.0215569130566495));
#6797=CARTESIAN_POINT('',(0.0211471351105725,-0.003556,0.0201066276885792));
#6798=CARTESIAN_POINT('',(0.0211471351105725,-0.003556,0.0201066276885792));
#6799=CARTESIAN_POINT('',(0.0240111563162678,-0.003556,0.0215569130566495));
#6800=CARTESIAN_POINT('',(0.0184249260830052,-0.003556,0.0215276734322933));
#6801=CARTESIAN_POINT('',(0.0157027170554377,-0.003556,0.0229487191760073));
#6802=CARTESIAN_POINT('',(0.0157025607246765,-0.003556,0.0229484429723228));
#6803=CARTESIAN_POINT('',(0.0184249260830052,-0.003556,0.0215276734322933));
#6804=CARTESIAN_POINT('',(0.0155648956620635,-0.003556,0.0227052176644834));
#6805=CARTESIAN_POINT('',(0.0154132447743108,-0.003556,0.0229399472887004));
#6806=CARTESIAN_POINT('',(0.0154132447743108,-0.003556,0.0229399472887004));
#6807=CARTESIAN_POINT('',(0.0155648956620635,-0.003556,0.0227052176644834));
#6808=CARTESIAN_POINT('',(0.0152728945774008,-0.003556,0.0226680187821873));
#6809=CARTESIAN_POINT('',(0.0152728945774008,-0.00381,0.0226680187821873));
#6810=CARTESIAN_POINT('',(0.0152728945774008,-0.003556,0.0227927745127739));
#6811=CARTESIAN_POINT('',(0.0152728945774008,-0.00381,0.0227927745127739));
#6812=CARTESIAN_POINT('',(0.0153196779763708,-0.003556,0.0228834173482783));
#6813=CARTESIAN_POINT('',(0.0153196779763708,-0.00381,0.0228834173482783));
#6814=CARTESIAN_POINT('',(0.0154132447743108,-0.003556,0.0229399472887004));
#6815=CARTESIAN_POINT('',(0.0154132447743108,-0.00381,0.0229399472887004));
#6816=CARTESIAN_POINT('',(0.0152728945774008,-0.003556,0.0226680187821873));
#6817=CARTESIAN_POINT('',(0.0152728945774008,-0.003556,0.0226680187821873));
#6818=CARTESIAN_POINT('',(0.0152728945774008,-0.003556,0.0226680187821873));
#6819=CARTESIAN_POINT('',(0.0152728945774008,-0.003556,0.0228551523780673));
#6820=CARTESIAN_POINT('',(0.0154132447743108,-0.003556,0.0229399472887004));
#6821=CARTESIAN_POINT('',(0.0152728945774008,-0.003556,0.0217513565586186));
#6822=CARTESIAN_POINT('',(0.0152728945774008,-0.003556,0.02083469433505));
#6823=CARTESIAN_POINT('',(0.0152728945774008,-0.003556,0.02083469433505));
#6824=CARTESIAN_POINT('',(0.0152728945774008,-0.003556,0.0217513565586186));
#6825=CARTESIAN_POINT('',(0.0156647055437746,-0.003556,0.0202352820357467));
#6826=CARTESIAN_POINT('',(0.0156647055437746,-0.00381,0.0202352820357467));
#6827=CARTESIAN_POINT('',(0.0154034982328587,-0.003556,0.0203600377663334));
#6828=CARTESIAN_POINT('',(0.0154034982328587,-0.00381,0.0203600377663334));
#6829=CARTESIAN_POINT('',(0.0152728945774008,-0.003556,0.0205598418661012));
#6830=CARTESIAN_POINT('',(0.0152728945774008,-0.00381,0.0205598418661012));
#6831=CARTESIAN_POINT('',(0.0152728945774008,-0.003556,0.02083469433505));
#6832=CARTESIAN_POINT('',(0.0152728945774008,-0.00381,0.02083469433505));
#6833=CARTESIAN_POINT('',(0.0156647055437746,-0.003556,0.0202352820357467));
#6834=CARTESIAN_POINT('',(0.0156647055437746,-0.003556,0.0202352820357467));
#6835=CARTESIAN_POINT('',(0.0156647055437746,-0.003556,0.0202352820357467));
#6836=CARTESIAN_POINT('',(0.0152728945774008,-0.003556,0.0204224156316268));
#6837=CARTESIAN_POINT('',(0.0152728945774008,-0.003556,0.02083469433505));
#6838=CARTESIAN_POINT('',(0.017676391699485,-0.003556,0.0193566313238413));
#6839=CARTESIAN_POINT('',(0.0196880778551954,-0.003556,0.0184779806119358));
#6840=CARTESIAN_POINT('',(0.0196880778551954,-0.003556,0.0184779806119358));
#6841=CARTESIAN_POINT('',(0.017676391699485,-0.003556,0.0193566313238413));
#6842=CARTESIAN_POINT('',(0.0196880778551954,-0.003556,0.0184399691002726));
#6843=CARTESIAN_POINT('',(0.0196880778551954,-0.003556,0.0184019575886096));
#6844=CARTESIAN_POINT('',(0.0196880778551954,-0.003556,0.0184019575886096));
#6845=CARTESIAN_POINT('',(0.0196880778551954,-0.003556,0.0184399691002726));
#6846=CARTESIAN_POINT('',(0.017676391699485,-0.003556,0.0175130730081794));
#6847=CARTESIAN_POINT('',(0.0156647055437746,-0.003556,0.0166241884277492));
#6848=CARTESIAN_POINT('',(0.0156647055437746,-0.003556,0.0166241884277492));
#6849=CARTESIAN_POINT('',(0.017676391699485,-0.003556,0.0175130730081794));
#6850=CARTESIAN_POINT('',(0.0152728945774008,-0.003556,0.0160072323538322));
#6851=CARTESIAN_POINT('',(0.0152728945774008,-0.00381,0.0160072323538322));
#6852=CARTESIAN_POINT('',(0.0152728945774008,-0.003556,0.0163191216802989));
#6853=CARTESIAN_POINT('',(0.0152728945774008,-0.00381,0.0163191216802989));
#6854=CARTESIAN_POINT('',(0.0154034982328587,-0.003556,0.0165247737049379));
#6855=CARTESIAN_POINT('',(0.0154034982328587,-0.00381,0.0165247737049379));
#6856=CARTESIAN_POINT('',(0.0156647055437746,-0.003556,0.0166241884277492));
#6857=CARTESIAN_POINT('',(0.0156647055437746,-0.00381,0.0166241884277492));
#6858=CARTESIAN_POINT('',(0.0152728945774008,-0.003556,0.0160072323538322));
#6859=CARTESIAN_POINT('',(0.0152728945774008,-0.003556,0.0160072323538322));
#6860=CARTESIAN_POINT('',(0.0152728945774008,-0.003556,0.0160072323538322));
#6861=CARTESIAN_POINT('',(0.0152728945774008,-0.003556,0.0164750663435323));
#6862=CARTESIAN_POINT('',(0.0156647055437746,-0.003556,0.0166241884277492));
#6863=CARTESIAN_POINT('',(0.0152728945774008,-0.003556,0.0151095758860952));
#6864=CARTESIAN_POINT('',(0.0152728945774008,-0.003556,0.0142119194183581));
#6865=CARTESIAN_POINT('',(0.0152728945774008,-0.003556,0.0142119194183581));
#6866=CARTESIAN_POINT('',(0.0152728945774008,-0.003556,0.0151095758860952));
#6867=CARTESIAN_POINT('',(0.0154030109057861,-0.003556,0.0139487627991518));
#6868=CARTESIAN_POINT('',(0.0154030109057861,-0.00381,0.0139487627991518));
#6869=CARTESIAN_POINT('',(0.0153162666868626,-0.003556,0.0139994448147026));
#6870=CARTESIAN_POINT('',(0.0153162666868626,-0.00381,0.0139994448147026));
#6871=CARTESIAN_POINT('',(0.0152728945774008,-0.003556,0.0140871636877714));
#6872=CARTESIAN_POINT('',(0.0152728945774008,-0.00381,0.0140871636877714));
#6873=CARTESIAN_POINT('',(0.0152728945774008,-0.003556,0.0142119194183581));
#6874=CARTESIAN_POINT('',(0.0152728945774008,-0.00381,0.0142119194183581));
#6875=CARTESIAN_POINT('',(0.0154030109057861,-0.003556,0.0139487627991518));
#6876=CARTESIAN_POINT('',(0.0154030109057861,-0.003556,0.0139487627991518));
#6877=CARTESIAN_POINT('',(0.0154030109057861,-0.003556,0.0139487627991518));
#6878=CARTESIAN_POINT('',(0.0152728945774008,-0.003556,0.014024785822478));
#6879=CARTESIAN_POINT('',(0.0152728945774008,-0.003556,0.0142119194183581));
#6880=CARTESIAN_POINT('',(0.015685173280824,-0.003556,0.0139487627991518));
#6881=CARTESIAN_POINT('',(0.015685173280824,-0.00381,0.0139487627991518));
#6882=CARTESIAN_POINT('',(0.0155838092497223,-0.003556,0.0138980807836009));
#6883=CARTESIAN_POINT('',(0.0155838092497223,-0.00381,0.0138980807836009));
#6884=CARTESIAN_POINT('',(0.0154897551247097,-0.003556,0.0138980807836009));
#6885=CARTESIAN_POINT('',(0.0154897551247097,-0.00381,0.0138980807836009));
#6886=CARTESIAN_POINT('',(0.0154030109057861,-0.003556,0.0139487627991518));
#6887=CARTESIAN_POINT('',(0.0154030109057861,-0.00381,0.0139487627991518));
#6888=CARTESIAN_POINT('',(0.015685173280824,-0.003556,0.0139487627991518));
#6889=CARTESIAN_POINT('',(0.015685173280824,-0.003556,0.0139487627991518));
#6890=CARTESIAN_POINT('',(0.015685173280824,-0.003556,0.0139487627991518));
#6891=CARTESIAN_POINT('',(0.0155331272341715,-0.003556,0.0138727397758255));
#6892=CARTESIAN_POINT('',(0.0154030109057861,-0.003556,0.0139487627991518));
#6893=CARTESIAN_POINT('',(0.0184161541956982,-0.003556,0.015352264768252));
#6894=CARTESIAN_POINT('',(0.0211471351105725,-0.003556,0.0167557667373524));
#6895=CARTESIAN_POINT('',(0.0211471351105725,-0.003556,0.0167557667373524));
#6896=CARTESIAN_POINT('',(0.0184161541956982,-0.003556,0.015352264768252));
#6897=CARTESIAN_POINT('',(0.0240199282035747,-0.003556,0.0153054813692821));
#6898=CARTESIAN_POINT('',(0.0268927212965768,-0.003556,0.0138551960012118));
#6899=CARTESIAN_POINT('',(0.0268927212965768,-0.003556,0.0138551960012118));
#6900=CARTESIAN_POINT('',(0.0240199282035747,-0.003556,0.0153054813692821));
#6901=CARTESIAN_POINT('',(0.0271836555589216,-0.003556,0.0138551960012118));
#6902=CARTESIAN_POINT('',(0.0271836555589216,-0.00381,0.0138551960012118));
#6903=CARTESIAN_POINT('',(0.0271027592648693,-0.003556,0.0138045139856609));
#6904=CARTESIAN_POINT('',(0.0271027592648693,-0.00381,0.0138045139856609));
#6905=CARTESIAN_POINT('',(0.027005781177421,-0.003556,0.0138045139856609));
#6906=CARTESIAN_POINT('',(0.027005781177421,-0.00381,0.0138045139856609));
#6907=CARTESIAN_POINT('',(0.0268927212965768,-0.003556,0.0138551960012118));
#6908=CARTESIAN_POINT('',(0.0268927212965768,-0.00381,0.0138551960012118));
#6909=CARTESIAN_POINT('',(0.0271836555589216,-0.003556,0.0138551960012118));
#6910=CARTESIAN_POINT('',(0.0271836555589216,-0.003556,0.0138551960012118));
#6911=CARTESIAN_POINT('',(0.0271836555589216,-0.003556,0.0138551960012118));
#6912=CARTESIAN_POINT('',(0.0270623111178431,-0.003556,0.0137791729778855));
#6913=CARTESIAN_POINT('',(0.0268927212965768,-0.003556,0.0138551960012118));
#6914=CARTESIAN_POINT('',(0.027305,-0.003556,0.0141183526204181));
#6915=CARTESIAN_POINT('',(0.027305,-0.00381,0.0141183526204181));
#6916=CARTESIAN_POINT('',(0.027305,-0.003556,0.0139935968898314));
#6917=CARTESIAN_POINT('',(0.027305,-0.00381,0.0139935968898314));
#6918=CARTESIAN_POINT('',(0.0272645518529739,-0.003556,0.0139058780167626));
#6919=CARTESIAN_POINT('',(0.0272645518529739,-0.00381,0.0139058780167626));
#6920=CARTESIAN_POINT('',(0.0271836555589216,-0.003556,0.0138551960012118));
#6921=CARTESIAN_POINT('',(0.0271836555589216,-0.00381,0.0138551960012118));
#6922=CARTESIAN_POINT('',(0.027305,-0.003556,0.0141183526204181));
#6923=CARTESIAN_POINT('',(0.027305,-0.003556,0.013931219024538));
#6924=CARTESIAN_POINT('',(0.0271836555589216,-0.003556,0.0138551960012118));
#6925=CARTESIAN_POINT('',(0.,-0.003556,3.46944695195361E-18));
#6926=CARTESIAN_POINT('',(0.021924909118449,-0.003556,0.000138888215692225));
#6927=CARTESIAN_POINT('',(0.021924909118449,-0.00381,0.000138888215692225));
#6928=CARTESIAN_POINT('',(0.0238254847016056,-0.00381,0.000138888215692225));
#6929=CARTESIAN_POINT('',(0.0200243335352924,-0.00381,0.000138888215692225));
#6930=CARTESIAN_POINT('',(0.0238254847016056,-0.003556,0.000138888215692225));
#6931=CARTESIAN_POINT('',(0.0238254847016056,-0.003556,0.000138888215692225));
#6932=CARTESIAN_POINT('',(0.021924909118449,-0.003556,0.000138888215692225));
#6933=CARTESIAN_POINT('',(0.0200243335352924,-0.003556,0.000138888215692225));
#6934=CARTESIAN_POINT('',(0.0200243335352924,-0.003556,0.000138888215692225));
#6935=CARTESIAN_POINT('',(0.0252465304453196,-0.003556,-0.00115057921841865));
#6936=CARTESIAN_POINT('',(0.0252465304453196,-0.00381,-0.00115057921841865));
#6937=CARTESIAN_POINT('',(0.0252465304453196,-0.003556,-0.000290934262344734));
#6938=CARTESIAN_POINT('',(0.0252465304453196,-0.00381,-0.000290934262344734));
#6939=CARTESIAN_POINT('',(0.0247728485307483,-0.003556,0.000138888215692225));
#6940=CARTESIAN_POINT('',(0.0247728485307483,-0.00381,0.000138888215692225));
#6941=CARTESIAN_POINT('',(0.0238254847016056,-0.003556,0.000138888215692225));
#6942=CARTESIAN_POINT('',(0.0238254847016056,-0.00381,0.000138888215692225));
#6943=CARTESIAN_POINT('',(0.0252465304453196,-0.00381,-0.00115057921841865));
#6944=CARTESIAN_POINT('',(0.0252465304453196,-0.00381,0.000138888215692225));
#6945=CARTESIAN_POINT('',(0.0238254847016056,-0.00381,0.000138888215692225));
#6946=CARTESIAN_POINT('',(0.0252465304453196,-0.00381,-0.00115057921841865));
#6947=CARTESIAN_POINT('',(0.0252465304453196,-0.003556,-0.00115057921841865));
#6948=CARTESIAN_POINT('',(0.0252465304453196,-0.003556,-0.00115057921841865));
#6949=CARTESIAN_POINT('',(0.0252465304453196,-0.003556,-0.00115057921841865));
#6950=CARTESIAN_POINT('',(0.0252465304453196,-0.003556,0.000138888215692225));
#6951=CARTESIAN_POINT('',(0.0238254847016056,-0.003556,0.000138888215692225));
#6952=CARTESIAN_POINT('',(0.0252465304453196,-0.003556,-0.00149706876704028));
#6953=CARTESIAN_POINT('',(0.0252465304453196,-0.00381,-0.00149706876704028));
#6954=CARTESIAN_POINT('',(0.0252465304453196,-0.00381,-0.00184355831566191));
#6955=CARTESIAN_POINT('',(0.0252465304453196,-0.003556,-0.00184355831566191));
#6956=CARTESIAN_POINT('',(0.0252465304453196,-0.003556,-0.00184355831566191));
#6957=CARTESIAN_POINT('',(0.0252465304453196,-0.003556,-0.00149706876704028));
#6958=CARTESIAN_POINT('',(0.024993607694638,-0.003556,-0.00268565949712208));
#6959=CARTESIAN_POINT('',(0.024993607694638,-0.00381,-0.00268565949712208));
#6960=CARTESIAN_POINT('',(0.0251622228617591,-0.003556,-0.00252386690901746));
#6961=CARTESIAN_POINT('',(0.0251622228617591,-0.00381,-0.00252386690901746));
#6962=CARTESIAN_POINT('',(0.0252465304453196,-0.003556,-0.0022431665151974));
#6963=CARTESIAN_POINT('',(0.0252465304453196,-0.00381,-0.0022431665151974));
#6964=CARTESIAN_POINT('',(0.0252465304453196,-0.003556,-0.00184355831566191));
#6965=CARTESIAN_POINT('',(0.0252465304453196,-0.00381,-0.00184355831566191));
#6966=CARTESIAN_POINT('',(0.024993607694638,-0.00381,-0.00268565949712208));
#6967=CARTESIAN_POINT('',(0.0252465304453196,-0.00381,-0.00244297061496515));
#6968=CARTESIAN_POINT('',(0.0252465304453196,-0.00381,-0.00184355831566191));
#6969=CARTESIAN_POINT('',(0.024993607694638,-0.00381,-0.00268565949712208));
#6970=CARTESIAN_POINT('',(0.024993607694638,-0.003556,-0.00268565949712208));
#6971=CARTESIAN_POINT('',(0.024993607694638,-0.003556,-0.00268565949712208));
#6972=CARTESIAN_POINT('',(0.024993607694638,-0.003556,-0.00268565949712208));
#6973=CARTESIAN_POINT('',(0.0252465304453196,-0.003556,-0.00244297061496515));
#6974=CARTESIAN_POINT('',(0.0252465304453196,-0.003556,-0.00184355831566191));
#6975=CARTESIAN_POINT('',(0.0241412726446531,-0.003556,-0.002928348379279));
#6976=CARTESIAN_POINT('',(0.0241412726446531,-0.00381,-0.002928348379279));
#6977=CARTESIAN_POINT('',(0.0245408808441887,-0.003556,-0.002928348379279));
#6978=CARTESIAN_POINT('',(0.0245408808441887,-0.00381,-0.002928348379279));
#6979=CARTESIAN_POINT('',(0.0248249925275169,-0.003556,-0.00284745208522669));
#6980=CARTESIAN_POINT('',(0.0248249925275169,-0.00381,-0.00284745208522669));
#6981=CARTESIAN_POINT('',(0.024993607694638,-0.003556,-0.00268565949712208));
#6982=CARTESIAN_POINT('',(0.024993607694638,-0.00381,-0.00268565949712208));
#6983=CARTESIAN_POINT('',(0.0241412726446531,-0.00381,-0.002928348379279));
#6984=CARTESIAN_POINT('',(0.0247406849439564,-0.00381,-0.002928348379279));
#6985=CARTESIAN_POINT('',(0.024993607694638,-0.00381,-0.00268565949712208));
#6986=CARTESIAN_POINT('',(0.0241412726446531,-0.00381,-0.002928348379279));
#6987=CARTESIAN_POINT('',(0.0241412726446531,-0.003556,-0.002928348379279));
#6988=CARTESIAN_POINT('',(0.0241412726446531,-0.003556,-0.002928348379279));
#6989=CARTESIAN_POINT('',(0.0241412726446531,-0.003556,-0.002928348379279));
#6990=CARTESIAN_POINT('',(0.0247406849439564,-0.003556,-0.002928348379279));
#6991=CARTESIAN_POINT('',(0.024993607694638,-0.003556,-0.00268565949712208));
#6992=CARTESIAN_POINT('',(0.0225330933050591,-0.003556,-0.002928348379279));
#6993=CARTESIAN_POINT('',(0.0225330933050591,-0.00381,-0.002928348379279));
#6994=CARTESIAN_POINT('',(0.020924913965465,-0.00381,-0.002928348379279));
#6995=CARTESIAN_POINT('',(0.020924913965465,-0.003556,-0.002928348379279));
#6996=CARTESIAN_POINT('',(0.020924913965465,-0.003556,-0.002928348379279));
#6997=CARTESIAN_POINT('',(0.0225330933050591,-0.003556,-0.002928348379279));
#6998=CARTESIAN_POINT('',(0.0200725789154802,-0.003556,-0.00268565949712208));
#6999=CARTESIAN_POINT('',(0.0200725789154802,-0.00381,-0.00268565949712208));
#7000=CARTESIAN_POINT('',(0.0202411940826012,-0.003556,-0.00284745208522669));
#7001=CARTESIAN_POINT('',(0.0202411940826012,-0.00381,-0.00284745208522669));
#7002=CARTESIAN_POINT('',(0.0205253057659295,-0.003556,-0.002928348379279));
#7003=CARTESIAN_POINT('',(0.0205253057659295,-0.00381,-0.002928348379279));
#7004=CARTESIAN_POINT('',(0.020924913965465,-0.003556,-0.002928348379279));
#7005=CARTESIAN_POINT('',(0.020924913965465,-0.00381,-0.002928348379279));
#7006=CARTESIAN_POINT('',(0.0200725789154802,-0.00381,-0.00268565949712208));
#7007=CARTESIAN_POINT('',(0.0203255016661618,-0.00381,-0.002928348379279));
#7008=CARTESIAN_POINT('',(0.020924913965465,-0.00381,-0.002928348379279));
#7009=CARTESIAN_POINT('',(0.0200725789154802,-0.00381,-0.00268565949712208));
#7010=CARTESIAN_POINT('',(0.0200725789154802,-0.003556,-0.00268565949712208));
#7011=CARTESIAN_POINT('',(0.0200725789154802,-0.003556,-0.00268565949712208));
#7012=CARTESIAN_POINT('',(0.0200725789154802,-0.003556,-0.00268565949712208));
#7013=CARTESIAN_POINT('',(0.0203255016661618,-0.003556,-0.002928348379279));
#7014=CARTESIAN_POINT('',(0.020924913965465,-0.003556,-0.002928348379279));
#7015=CARTESIAN_POINT('',(0.0198196561647986,-0.003556,-0.00184355831566191));
#7016=CARTESIAN_POINT('',(0.0198196561647986,-0.00381,-0.00184355831566191));
#7017=CARTESIAN_POINT('',(0.0198196561647986,-0.003556,-0.0022431665151974));
#7018=CARTESIAN_POINT('',(0.0198196561647986,-0.00381,-0.0022431665151974));
#7019=CARTESIAN_POINT('',(0.0199039637483591,-0.003556,-0.00252386690901746));
#7020=CARTESIAN_POINT('',(0.0199039637483591,-0.00381,-0.00252386690901746));
#7021=CARTESIAN_POINT('',(0.0200725789154802,-0.003556,-0.00268565949712208));
#7022=CARTESIAN_POINT('',(0.0200725789154802,-0.00381,-0.00268565949712208));
#7023=CARTESIAN_POINT('',(0.0198196561647986,-0.00381,-0.00184355831566191));
#7024=CARTESIAN_POINT('',(0.0198196561647986,-0.00381,-0.00244297061496515));
#7025=CARTESIAN_POINT('',(0.0200725789154802,-0.00381,-0.00268565949712208));
#7026=CARTESIAN_POINT('',(0.0198196561647986,-0.00381,-0.00184355831566191));
#7027=CARTESIAN_POINT('',(0.0198196561647986,-0.003556,-0.00184355831566191));
#7028=CARTESIAN_POINT('',(0.0198196561647986,-0.003556,-0.00184355831566191));
#7029=CARTESIAN_POINT('',(0.0198196561647986,-0.003556,-0.00184355831566191));
#7030=CARTESIAN_POINT('',(0.0198196561647986,-0.003556,-0.00244297061496515));
#7031=CARTESIAN_POINT('',(0.0200725789154802,-0.003556,-0.00268565949712208));
#7032=CARTESIAN_POINT('',(0.0198196561647986,-0.003556,-0.000963445622538615));
#7033=CARTESIAN_POINT('',(0.0198196561647986,-0.00381,-0.000963445622538615));
#7034=CARTESIAN_POINT('',(0.0198196561647986,-0.00381,-8.33329294153175E-5));
#7035=CARTESIAN_POINT('',(0.0198196561647986,-0.003556,-8.33329294153175E-5));
#7036=CARTESIAN_POINT('',(0.0198196561647986,-0.003556,-8.33329294153175E-5));
#7037=CARTESIAN_POINT('',(0.0198196561647986,-0.003556,-0.000963445622538615));
#7038=CARTESIAN_POINT('',(0.027305,-0.003556,-0.00199268039987881));
#7039=CARTESIAN_POINT('',(0.027305,-0.003556,-0.00176753529233564));
#7040=CARTESIAN_POINT('',(0.027304955042055,-0.003556,-0.00176753517921287));
#7041=CARTESIAN_POINT('',(0.027305,-0.003556,-0.00199268039987881));
#7042=CARTESIAN_POINT('',(0.027305,-0.003556,-0.00221782550742198));
#7043=CARTESIAN_POINT('',(0.027305,-0.003556,-0.00221782550742198));
#7044=CARTESIAN_POINT('',(0.0248046775663738,-0.003556,-0.00176124400382822));
#7045=CARTESIAN_POINT('',(0.0270520772493184,-0.003556,-0.000665201454104807));
#7046=CARTESIAN_POINT('',(0.0270520772493184,-0.003556,-0.000665201454104807));
#7047=CARTESIAN_POINT('',(0.0248046775663738,-0.003556,-0.00176124400382822));
#7048=CARTESIAN_POINT('',(0.0262933089972735,-0.003556,6.57891548015849E-5));
#7049=CARTESIAN_POINT('',(0.0262933089972735,-0.00381,6.57891548015849E-5));
#7050=CARTESIAN_POINT('',(0.0266305393315157,-0.003556,-7.2611733818025E-5));
#7051=CARTESIAN_POINT('',(0.0266305393315157,-0.00381,-7.2611733818025E-5));
#7052=CARTESIAN_POINT('',(0.0268834620821973,-0.003556,-0.000316275270120156));
#7053=CARTESIAN_POINT('',(0.0268834620821973,-0.00381,-0.000316275270120156));
#7054=CARTESIAN_POINT('',(0.0270520772493184,-0.003556,-0.000665201454104807));
#7055=CARTESIAN_POINT('',(0.0270520772493184,-0.00381,-0.000665201454104807));
#7056=CARTESIAN_POINT('',(0.0262933089972735,-0.003556,6.57891548015849E-5));
#7057=CARTESIAN_POINT('',(0.0262933089972735,-0.003556,6.57891548015849E-5));
#7058=CARTESIAN_POINT('',(0.0262933089972735,-0.003556,6.57891548015849E-5));
#7059=CARTESIAN_POINT('',(0.0267991544986368,-0.003556,-0.00014181217812783));
#7060=CARTESIAN_POINT('',(0.0270520772493184,-0.003556,-0.000665201454104807));
#7061=CARTESIAN_POINT('',(0.0262933089972735,-0.003556,0.000102338685246905));
#7062=CARTESIAN_POINT('',(0.0262933089972735,-0.003556,0.000138888215692225));
#7063=CARTESIAN_POINT('',(0.0262933089972735,-0.003556,0.000138888215692225));
#7064=CARTESIAN_POINT('',(0.0262933089972735,-0.003556,0.000102338685246905));
#7065=CARTESIAN_POINT('',(0.0266032490154498,-0.003556,0.000138888215692225));
#7066=CARTESIAN_POINT('',(0.0269131890336262,-0.003556,0.000138888215692225));
#7067=CARTESIAN_POINT('',(0.0269131890336262,-0.003556,0.000138888215692225));
#7068=CARTESIAN_POINT('',(0.0266032490154498,-0.003556,0.000138888215692225));
#7069=CARTESIAN_POINT('',(0.027305,-0.003556,0.000533623144501675));
#7070=CARTESIAN_POINT('',(0.027305,-0.00381,0.000533623144501675));
#7071=CARTESIAN_POINT('',(0.027305,-0.003556,0.000270466525295375));
#7072=CARTESIAN_POINT('',(0.027305,-0.00381,0.000270466525295375));
#7073=CARTESIAN_POINT('',(0.0271743963445421,-0.003556,0.000138888215692225));
#7074=CARTESIAN_POINT('',(0.0271743963445421,-0.00381,0.000138888215692225));
#7075=CARTESIAN_POINT('',(0.0269131890336262,-0.003556,0.000138888215692225));
#7076=CARTESIAN_POINT('',(0.0269131890336262,-0.00381,0.000138888215692225));
#7077=CARTESIAN_POINT('',(0.027305,-0.003556,0.000533623144501675));
#7078=CARTESIAN_POINT('',(0.027305,-0.003556,0.000533623144501675));
#7079=CARTESIAN_POINT('',(0.027305,-0.003556,0.000533623144501675));
#7080=CARTESIAN_POINT('',(0.027305,-0.003556,0.000138888215692225));
#7081=CARTESIAN_POINT('',(0.0269131890336262,-0.003556,0.000138888215692225));
#7082=CARTESIAN_POINT('',(0.027305,-0.003556,0.00131870705846714));
#7083=CARTESIAN_POINT('',(0.027305,-0.003556,0.00210379097243261));
#7084=CARTESIAN_POINT('',(0.027305,-0.003556,0.00210379097243261));
#7085=CARTESIAN_POINT('',(0.027305,-0.003556,0.00131870705846714));
#7086=CARTESIAN_POINT('',(0.0269131890336262,-0.003556,0.00251606967585581));
#7087=CARTESIAN_POINT('',(0.0269131890336262,-0.00381,0.00251606967585581));
#7088=CARTESIAN_POINT('',(0.0271743963445421,-0.003556,0.00251606967585581));
#7089=CARTESIAN_POINT('',(0.0271743963445421,-0.00381,0.00251606967585581));
#7090=CARTESIAN_POINT('',(0.027305,-0.003556,0.00237864344138141));
#7091=CARTESIAN_POINT('',(0.027305,-0.00381,0.00237864344138141));
#7092=CARTESIAN_POINT('',(0.027305,-0.003556,0.00210379097243261));
#7093=CARTESIAN_POINT('',(0.027305,-0.00381,0.00210379097243261));
#7094=CARTESIAN_POINT('',(0.0269131890336262,-0.003556,0.00251606967585581));
#7095=CARTESIAN_POINT('',(0.0269131890336262,-0.003556,0.00251606967585581));
#7096=CARTESIAN_POINT('',(0.0269131890336262,-0.003556,0.00251606967585581));
#7097=CARTESIAN_POINT('',(0.027305,-0.003556,0.00251606967585581));
#7098=CARTESIAN_POINT('',(0.027305,-0.003556,0.00210379097243261));
#7099=CARTESIAN_POINT('',(0.0225330933050591,-0.003556,0.00251606967585581));
#7100=CARTESIAN_POINT('',(0.0181529975764919,-0.003556,0.00251606967585581));
#7101=CARTESIAN_POINT('',(0.0181529975764919,-0.003556,0.00251606967585581));
#7102=CARTESIAN_POINT('',(0.0225330933050591,-0.003556,0.00251606967585581));
#7103=CARTESIAN_POINT('',(0.0177611866101181,-0.003556,0.00210379097243261));
#7104=CARTESIAN_POINT('',(0.0177611866101181,-0.00381,0.00210379097243261));
#7105=CARTESIAN_POINT('',(0.0177611866101181,-0.003556,0.00237864344138141));
#7106=CARTESIAN_POINT('',(0.0177611866101181,-0.00381,0.00237864344138141));
#7107=CARTESIAN_POINT('',(0.0178917902655761,-0.003556,0.00251606967585581));
#7108=CARTESIAN_POINT('',(0.0178917902655761,-0.00381,0.00251606967585581));
#7109=CARTESIAN_POINT('',(0.0181529975764919,-0.003556,0.00251606967585581));
#7110=CARTESIAN_POINT('',(0.0181529975764919,-0.00381,0.00251606967585581));
#7111=CARTESIAN_POINT('',(0.0177611866101181,-0.003556,0.00210379097243261));
#7112=CARTESIAN_POINT('',(0.0177611866101181,-0.003556,0.00210379097243261));
#7113=CARTESIAN_POINT('',(0.0177611866101181,-0.003556,0.00210379097243261));
#7114=CARTESIAN_POINT('',(0.0177611866101181,-0.003556,0.00251606967585581));
#7115=CARTESIAN_POINT('',(0.0181529975764919,-0.003556,0.00251606967585581));
#7116=CARTESIAN_POINT('',(0.0177611866101181,-0.003556,-5.70172674946873E-5));
#7117=CARTESIAN_POINT('',(0.0177611866101181,-0.003556,-0.00221782550742198));
#7118=CARTESIAN_POINT('',(0.0177611866101181,-0.003556,-0.00221782550742198));
#7119=CARTESIAN_POINT('',(0.0177611866101181,-0.003556,-5.70172674946873E-5));
#7120=CARTESIAN_POINT('',(0.0185477325053014,-0.003556,-0.00450144016964555));
#7121=CARTESIAN_POINT('',(0.0185477325053014,-0.00381,-0.00450144016964555));
#7122=CARTESIAN_POINT('',(0.0180233685751792,-0.003556,-0.00396538038978086));
#7123=CARTESIAN_POINT('',(0.0180233685751792,-0.00381,-0.00396538038978086));
#7124=CARTESIAN_POINT('',(0.0177611866101181,-0.003556,-0.00320417550237301));
#7125=CARTESIAN_POINT('',(0.0177611866101181,-0.00381,-0.00320417550237301));
#7126=CARTESIAN_POINT('',(0.0177611866101181,-0.003556,-0.00221782550742198));
#7127=CARTESIAN_POINT('',(0.0177611866101181,-0.00381,-0.00221782550742198));
#7128=CARTESIAN_POINT('',(0.0185477325053014,-0.003556,-0.00450144016964555));
#7129=CARTESIAN_POINT('',(0.0185477325053014,-0.003556,-0.00450144016964555));
#7130=CARTESIAN_POINT('',(0.0185477325053014,-0.003556,-0.00450144016964555));
#7131=CARTESIAN_POINT('',(0.0177611866101181,-0.003556,-0.00369735049984852));
#7132=CARTESIAN_POINT('',(0.0177611866101181,-0.003556,-0.00221782550742198));
#7133=CARTESIAN_POINT('',(0.0208108794304756,-0.003556,-0.00530552983944259));
#7134=CARTESIAN_POINT('',(0.0208108794304756,-0.00381,-0.00530552983944259));
#7135=CARTESIAN_POINT('',(0.019826478743815,-0.003556,-0.00530552983944259));
#7136=CARTESIAN_POINT('',(0.019826478743815,-0.00381,-0.00530552983944259));
#7137=CARTESIAN_POINT('',(0.0190720964354236,-0.003556,-0.00503749994951024));
#7138=CARTESIAN_POINT('',(0.0190720964354236,-0.00381,-0.00503749994951024));
#7139=CARTESIAN_POINT('',(0.0185477325053014,-0.003556,-0.00450144016964555));
#7140=CARTESIAN_POINT('',(0.0185477325053014,-0.00381,-0.00450144016964555));
#7141=CARTESIAN_POINT('',(0.0208108794304756,-0.003556,-0.00530552983944259));
#7142=CARTESIAN_POINT('',(0.0208108794304756,-0.003556,-0.00530552983944259));
#7143=CARTESIAN_POINT('',(0.0208108794304756,-0.003556,-0.00530552983944259));
#7144=CARTESIAN_POINT('',(0.0193342784004847,-0.003556,-0.00530552983944259));
#7145=CARTESIAN_POINT('',(0.0185477325053014,-0.003556,-0.00450144016964555));
#7146=CARTESIAN_POINT('',(0.0225330933050591,-0.003556,-0.00530552983944259));
#7147=CARTESIAN_POINT('',(0.0242553071796426,-0.003556,-0.00530552983944259));
#7148=CARTESIAN_POINT('',(0.0242553071796426,-0.003556,-0.00530552983944259));
#7149=CARTESIAN_POINT('',(0.0225330933050591,-0.003556,-0.00530552983944259));
#7150=CARTESIAN_POINT('',(0.0265184541048167,-0.003556,-0.00450144016964555));
#7151=CARTESIAN_POINT('',(0.0265184541048167,-0.00381,-0.00450144016964555));
#7152=CARTESIAN_POINT('',(0.0259940901746945,-0.003556,-0.00503749994951024));
#7153=CARTESIAN_POINT('',(0.0259940901746945,-0.00381,-0.00503749994951024));
#7154=CARTESIAN_POINT('',(0.0252397078663032,-0.003556,-0.00530552983944259));
#7155=CARTESIAN_POINT('',(0.0252397078663032,-0.00381,-0.00530552983944259));
#7156=CARTESIAN_POINT('',(0.0242553071796426,-0.003556,-0.00530552983944259));
#7157=CARTESIAN_POINT('',(0.0242553071796426,-0.00381,-0.00530552983944259));
#7158=CARTESIAN_POINT('',(0.0265184541048167,-0.003556,-0.00450144016964555));
#7159=CARTESIAN_POINT('',(0.0265184541048167,-0.003556,-0.00450144016964555));
#7160=CARTESIAN_POINT('',(0.0265184541048167,-0.003556,-0.00450144016964555));
#7161=CARTESIAN_POINT('',(0.0257319082096335,-0.003556,-0.00530552983944259));
#7162=CARTESIAN_POINT('',(0.0242553071796426,-0.003556,-0.00530552983944259));
#7163=CARTESIAN_POINT('',(0.027305,-0.003556,-0.00221782550742198));
#7164=CARTESIAN_POINT('',(0.027305,-0.00381,-0.00221782550742198));
#7165=CARTESIAN_POINT('',(0.027305,-0.003556,-0.00320417550237301));
#7166=CARTESIAN_POINT('',(0.027305,-0.00381,-0.00320417550237301));
#7167=CARTESIAN_POINT('',(0.0270428180349389,-0.003556,-0.00396538038978086));
#7168=CARTESIAN_POINT('',(0.0270428180349389,-0.00381,-0.00396538038978086));
#7169=CARTESIAN_POINT('',(0.0265184541048167,-0.003556,-0.00450144016964555));
#7170=CARTESIAN_POINT('',(0.0265184541048167,-0.00381,-0.00450144016964555));
#7171=CARTESIAN_POINT('',(0.027305,-0.003556,-0.00221782550742198));
#7172=CARTESIAN_POINT('',(0.027305,-0.003556,-0.00369735049984852));
#7173=CARTESIAN_POINT('',(0.0265184541048167,-0.003556,-0.00450144016964555));
#7174=CARTESIAN_POINT('',(0.0200243335352924,-0.003556,0.000138888215692225));
#7175=CARTESIAN_POINT('',(0.0200243335352924,-0.00381,0.000138888215692225));
#7176=CARTESIAN_POINT('',(0.0198878819549631,-0.003556,0.000138888215692225));
#7177=CARTESIAN_POINT('',(0.0198878819549631,-0.00381,0.000138888215692225));
#7178=CARTESIAN_POINT('',(0.0198196561647986,-0.003556,6.48145006563772E-5));
#7179=CARTESIAN_POINT('',(0.0198196561647986,-0.00381,6.48145006563772E-5));
#7180=CARTESIAN_POINT('',(0.0198196561647986,-0.003556,-8.33329294153175E-5));
#7181=CARTESIAN_POINT('',(0.0198196561647986,-0.00381,-8.33329294153175E-5));
#7182=CARTESIAN_POINT('',(0.0200243335352924,-0.00381,0.000138888215692225));
#7183=CARTESIAN_POINT('',(0.0198196561647986,-0.00381,0.000138888215692225));
#7184=CARTESIAN_POINT('',(0.0198196561647986,-0.00381,-8.33329294153175E-5));
#7185=CARTESIAN_POINT('',(0.0200243335352924,-0.003556,0.000138888215692225));
#7186=CARTESIAN_POINT('',(0.0198196561647986,-0.003556,0.000138888215692225));
#7187=CARTESIAN_POINT('',(0.0198196561647986,-0.003556,-8.33329294153175E-5));
#7188=CARTESIAN_POINT('',(0.,-0.003556,3.46944695195361E-18));
#7189=CARTESIAN_POINT('',(0.0252465304453196,-0.003556,0.00865346682823388));
#7190=CARTESIAN_POINT('',(0.0252465304453196,-0.00381,0.00865346682823388));
#7191=CARTESIAN_POINT('',(0.0252465304453196,-0.00381,0.00824118812481068));
#7192=CARTESIAN_POINT('',(0.0252465304453196,-0.00381,0.00906574553165708));
#7193=CARTESIAN_POINT('',(0.0252465304453196,-0.003556,0.00824118812481068));
#7194=CARTESIAN_POINT('',(0.0252465304453196,-0.003556,0.00824118812481068));
#7195=CARTESIAN_POINT('',(0.0252465304453196,-0.003556,0.00865346682823388));
#7196=CARTESIAN_POINT('',(0.0252465304453196,-0.003556,0.00906574553165708));
#7197=CARTESIAN_POINT('',(0.0252465304453196,-0.003556,0.00906574553165708));
#7198=CARTESIAN_POINT('',(0.0238254847016056,-0.003556,0.0069517206906998));
#7199=CARTESIAN_POINT('',(0.0238254847016056,-0.00381,0.0069517206906998));
#7200=CARTESIAN_POINT('',(0.0247728485307483,-0.003556,0.0069517206906998));
#7201=CARTESIAN_POINT('',(0.0247728485307483,-0.00381,0.0069517206906998));
#7202=CARTESIAN_POINT('',(0.0252465304453196,-0.003556,0.00738154316873676));
#7203=CARTESIAN_POINT('',(0.0252465304453196,-0.00381,0.00738154316873676));
#7204=CARTESIAN_POINT('',(0.0252465304453196,-0.003556,0.00824118812481068));
#7205=CARTESIAN_POINT('',(0.0252465304453196,-0.00381,0.00824118812481068));
#7206=CARTESIAN_POINT('',(0.0238254847016056,-0.00381,0.0069517206906998));
#7207=CARTESIAN_POINT('',(0.0252465304453196,-0.00381,0.0069517206906998));
#7208=CARTESIAN_POINT('',(0.0252465304453196,-0.00381,0.00824118812481068));
#7209=CARTESIAN_POINT('',(0.0238254847016056,-0.00381,0.0069517206906998));
#7210=CARTESIAN_POINT('',(0.0238254847016056,-0.003556,0.0069517206906998));
#7211=CARTESIAN_POINT('',(0.0238254847016056,-0.003556,0.0069517206906998));
#7212=CARTESIAN_POINT('',(0.0238254847016056,-0.003556,0.0069517206906998));
#7213=CARTESIAN_POINT('',(0.0252465304453196,-0.003556,0.0069517206906998));
#7214=CARTESIAN_POINT('',(0.0252465304453196,-0.003556,0.00824118812481068));
#7215=CARTESIAN_POINT('',(0.0225330933050591,-0.003556,0.0069517206906998));
#7216=CARTESIAN_POINT('',(0.0225330933050591,-0.00381,0.0069517206906998));
#7217=CARTESIAN_POINT('',(0.0212407019085125,-0.00381,0.0069517206906998));
#7218=CARTESIAN_POINT('',(0.0212407019085125,-0.003556,0.0069517206906998));
#7219=CARTESIAN_POINT('',(0.0212407019085125,-0.003556,0.0069517206906998));
#7220=CARTESIAN_POINT('',(0.0225330933050591,-0.003556,0.0069517206906998));
#7221=CARTESIAN_POINT('',(0.0198196561647986,-0.003556,0.00824118812481068));
#7222=CARTESIAN_POINT('',(0.0198196561647986,-0.00381,0.00824118812481068));
#7223=CARTESIAN_POINT('',(0.0198196561647986,-0.003556,0.00738154316873676));
#7224=CARTESIAN_POINT('',(0.0198196561647986,-0.00381,0.00738154316873676));
#7225=CARTESIAN_POINT('',(0.0202933380793699,-0.003556,0.0069517206906998));
#7226=CARTESIAN_POINT('',(0.0202933380793699,-0.00381,0.0069517206906998));
#7227=CARTESIAN_POINT('',(0.0212407019085125,-0.003556,0.0069517206906998));
#7228=CARTESIAN_POINT('',(0.0212407019085125,-0.00381,0.0069517206906998));
#7229=CARTESIAN_POINT('',(0.0198196561647986,-0.00381,0.00824118812481068));
#7230=CARTESIAN_POINT('',(0.0198196561647986,-0.00381,0.0069517206906998));
#7231=CARTESIAN_POINT('',(0.0212407019085125,-0.00381,0.0069517206906998));
#7232=CARTESIAN_POINT('',(0.0198196561647986,-0.00381,0.00824118812481068));
#7233=CARTESIAN_POINT('',(0.0198196561647986,-0.003556,0.00824118812481068));
#7234=CARTESIAN_POINT('',(0.0198196561647986,-0.003556,0.00824118812481068));
#7235=CARTESIAN_POINT('',(0.0198196561647986,-0.003556,0.00824118812481068));
#7236=CARTESIAN_POINT('',(0.0198196561647986,-0.003556,0.0069517206906998));
#7237=CARTESIAN_POINT('',(0.0212407019085125,-0.003556,0.0069517206906998));
#7238=CARTESIAN_POINT('',(0.0198196561647986,-0.003556,0.00865346682823388));
#7239=CARTESIAN_POINT('',(0.0198196561647986,-0.00381,0.00865346682823388));
#7240=CARTESIAN_POINT('',(0.0198196561647986,-0.00381,0.00906574553165708));
#7241=CARTESIAN_POINT('',(0.0198196561647986,-0.003556,0.00906574553165708));
#7242=CARTESIAN_POINT('',(0.0198196561647986,-0.003556,0.00906574553165708));
#7243=CARTESIAN_POINT('',(0.0198196561647986,-0.003556,0.00865346682823388));
#7244=CARTESIAN_POINT('',(0.0200725789154802,-0.003556,0.00991808058164194));
#7245=CARTESIAN_POINT('',(0.0200725789154802,-0.00381,0.00991808058164194));
#7246=CARTESIAN_POINT('',(0.0199039637483591,-0.003556,0.00974946541452087));
#7247=CARTESIAN_POINT('',(0.0199039637483591,-0.00381,0.00974946541452087));
#7248=CARTESIAN_POINT('',(0.0198196561647986,-0.003556,0.00946535373119258));
#7249=CARTESIAN_POINT('',(0.0198196561647986,-0.00381,0.00946535373119258));
#7250=CARTESIAN_POINT('',(0.0198196561647986,-0.003556,0.00906574553165708));
#7251=CARTESIAN_POINT('',(0.0198196561647986,-0.00381,0.00906574553165708));
#7252=CARTESIAN_POINT('',(0.0200725789154802,-0.00381,0.00991808058164194));
#7253=CARTESIAN_POINT('',(0.0198196561647986,-0.00381,0.00966515783096033));
#7254=CARTESIAN_POINT('',(0.0198196561647986,-0.00381,0.00906574553165708));
#7255=CARTESIAN_POINT('',(0.0200725789154802,-0.00381,0.00991808058164194));
#7256=CARTESIAN_POINT('',(0.0200725789154802,-0.003556,0.00991808058164194));
#7257=CARTESIAN_POINT('',(0.0200725789154802,-0.003556,0.00991808058164194));
#7258=CARTESIAN_POINT('',(0.0200725789154802,-0.003556,0.00991808058164194));
#7259=CARTESIAN_POINT('',(0.0198196561647986,-0.003556,0.00966515783096033));
#7260=CARTESIAN_POINT('',(0.0198196561647986,-0.003556,0.00906574553165708));
#7261=CARTESIAN_POINT('',(0.020924913965465,-0.003556,0.0101710033323235));
#7262=CARTESIAN_POINT('',(0.020924913965465,-0.00381,0.0101710033323235));
#7263=CARTESIAN_POINT('',(0.0205253057659295,-0.003556,0.0101710033323235));
#7264=CARTESIAN_POINT('',(0.0205253057659295,-0.00381,0.0101710033323235));
#7265=CARTESIAN_POINT('',(0.0202411940826012,-0.003556,0.010086695748763));
#7266=CARTESIAN_POINT('',(0.0202411940826012,-0.00381,0.010086695748763));
#7267=CARTESIAN_POINT('',(0.0200725789154802,-0.003556,0.00991808058164194));
#7268=CARTESIAN_POINT('',(0.0200725789154802,-0.00381,0.00991808058164194));
#7269=CARTESIAN_POINT('',(0.020924913965465,-0.00381,0.0101710033323235));
#7270=CARTESIAN_POINT('',(0.0203255016661618,-0.00381,0.0101710033323235));
#7271=CARTESIAN_POINT('',(0.0200725789154802,-0.00381,0.00991808058164194));
#7272=CARTESIAN_POINT('',(0.020924913965465,-0.00381,0.0101710033323235));
#7273=CARTESIAN_POINT('',(0.020924913965465,-0.003556,0.0101710033323235));
#7274=CARTESIAN_POINT('',(0.020924913965465,-0.003556,0.0101710033323235));
#7275=CARTESIAN_POINT('',(0.020924913965465,-0.003556,0.0101710033323235));
#7276=CARTESIAN_POINT('',(0.0203255016661618,-0.003556,0.0101710033323235));
#7277=CARTESIAN_POINT('',(0.0200725789154802,-0.003556,0.00991808058164194));
#7278=CARTESIAN_POINT('',(0.0225330933050591,-0.003556,0.0101710033323235));
#7279=CARTESIAN_POINT('',(0.0225330933050591,-0.00381,0.0101710033323235));
#7280=CARTESIAN_POINT('',(0.0241412726446531,-0.00381,0.0101710033323235));
#7281=CARTESIAN_POINT('',(0.0241412726446531,-0.003556,0.0101710033323235));
#7282=CARTESIAN_POINT('',(0.0241412726446531,-0.003556,0.0101710033323235));
#7283=CARTESIAN_POINT('',(0.0225330933050591,-0.003556,0.0101710033323235));
#7284=CARTESIAN_POINT('',(0.024993607694638,-0.003556,0.00991808058164194));
#7285=CARTESIAN_POINT('',(0.024993607694638,-0.00381,0.00991808058164194));
#7286=CARTESIAN_POINT('',(0.0248249925275169,-0.003556,0.010086695748763));
#7287=CARTESIAN_POINT('',(0.0248249925275169,-0.00381,0.010086695748763));
#7288=CARTESIAN_POINT('',(0.0245408808441887,-0.003556,0.0101710033323235));
#7289=CARTESIAN_POINT('',(0.0245408808441887,-0.00381,0.0101710033323235));
#7290=CARTESIAN_POINT('',(0.0241412726446531,-0.003556,0.0101710033323235));
#7291=CARTESIAN_POINT('',(0.0241412726446531,-0.00381,0.0101710033323235));
#7292=CARTESIAN_POINT('',(0.024993607694638,-0.00381,0.00991808058164194));
#7293=CARTESIAN_POINT('',(0.0247406849439564,-0.00381,0.0101710033323235));
#7294=CARTESIAN_POINT('',(0.0241412726446531,-0.00381,0.0101710033323235));
#7295=CARTESIAN_POINT('',(0.024993607694638,-0.00381,0.00991808058164194));
#7296=CARTESIAN_POINT('',(0.024993607694638,-0.003556,0.00991808058164194));
#7297=CARTESIAN_POINT('',(0.024993607694638,-0.003556,0.00991808058164194));
#7298=CARTESIAN_POINT('',(0.024993607694638,-0.003556,0.00991808058164194));
#7299=CARTESIAN_POINT('',(0.0247406849439564,-0.003556,0.0101710033323235));
#7300=CARTESIAN_POINT('',(0.0241412726446531,-0.003556,0.0101710033323235));
#7301=CARTESIAN_POINT('',(0.0298488473189942,-0.003556,0.00576166797940019));
#7302=CARTESIAN_POINT('',(0.0298488473189942,-0.003556,0.00655698576189035));
#7303=CARTESIAN_POINT('',(0.0298488473189942,-0.003556,0.00655698576189035));
#7304=CARTESIAN_POINT('',(0.0298488473189942,-0.003556,0.00576166797940019));
#7305=CARTESIAN_POINT('',(0.0298488473189942,-0.003556,0.00496635019691004));
#7306=CARTESIAN_POINT('',(0.0298488473189942,-0.003556,0.00496635019691004));
#7307=CARTESIAN_POINT('',(0.0294745801272342,-0.003556,0.0069517206906998));
#7308=CARTESIAN_POINT('',(0.0294745801272342,-0.00381,0.0069517206906998));
#7309=CARTESIAN_POINT('',(0.0297240915884075,-0.003556,0.0069517206906998));
#7310=CARTESIAN_POINT('',(0.0297240915884075,-0.00381,0.0069517206906998));
#7311=CARTESIAN_POINT('',(0.0298488473189942,-0.003556,0.00682014238109665));
#7312=CARTESIAN_POINT('',(0.0298488473189942,-0.00381,0.00682014238109665));
#7313=CARTESIAN_POINT('',(0.0298488473189942,-0.003556,0.00655698576189035));
#7314=CARTESIAN_POINT('',(0.0298488473189942,-0.00381,0.00655698576189035));
#7315=CARTESIAN_POINT('',(0.0294745801272342,-0.003556,0.0069517206906998));
#7316=CARTESIAN_POINT('',(0.0294745801272342,-0.003556,0.0069517206906998));
#7317=CARTESIAN_POINT('',(0.0294745801272342,-0.003556,0.0069517206906998));
#7318=CARTESIAN_POINT('',(0.0298488473189942,-0.003556,0.0069517206906998));
#7319=CARTESIAN_POINT('',(0.0298488473189942,-0.003556,0.00655698576189035));
#7320=CARTESIAN_POINT('',(0.0278839445622539,-0.003556,0.0069517206906998));
#7321=CARTESIAN_POINT('',(0.0262933089972735,-0.003556,0.0069517206906998));
#7322=CARTESIAN_POINT('',(0.0262933089972735,-0.003556,0.0069517206906998));
#7323=CARTESIAN_POINT('',(0.0278839445622539,-0.003556,0.0069517206906998));
#7324=CARTESIAN_POINT('',(0.0262933089972735,-0.003556,0.00698827022114512));
#7325=CARTESIAN_POINT('',(0.0262933089972735,-0.003556,0.00702481975159044));
#7326=CARTESIAN_POINT('',(0.0262933089972735,-0.003556,0.00702481975159044));
#7327=CARTESIAN_POINT('',(0.0262933089972735,-0.003556,0.00698827022114512));
#7328=CARTESIAN_POINT('',(0.0270520772493184,-0.003556,0.00775581036049683));
#7329=CARTESIAN_POINT('',(0.0270520772493184,-0.00381,0.00775581036049683));
#7330=CARTESIAN_POINT('',(0.0268834620821973,-0.003556,0.00740688417651218));
#7331=CARTESIAN_POINT('',(0.0268834620821973,-0.00381,0.00740688417651218));
#7332=CARTESIAN_POINT('',(0.0266305393315157,-0.003556,0.00716322064021005));
#7333=CARTESIAN_POINT('',(0.0266305393315157,-0.00381,0.00716322064021005));
#7334=CARTESIAN_POINT('',(0.0262933089972735,-0.003556,0.00702481975159044));
#7335=CARTESIAN_POINT('',(0.0262933089972735,-0.00381,0.00702481975159044));
#7336=CARTESIAN_POINT('',(0.0270520772493184,-0.003556,0.00775581036049683));
#7337=CARTESIAN_POINT('',(0.0270520772493184,-0.003556,0.00775581036049683));
#7338=CARTESIAN_POINT('',(0.0270520772493184,-0.003556,0.00775581036049683));
#7339=CARTESIAN_POINT('',(0.0267991544986368,-0.003556,0.00723242108451986));
#7340=CARTESIAN_POINT('',(0.0262933089972735,-0.003556,0.00702481975159044));
#7341=CARTESIAN_POINT('',(0.0247983356757906,-0.003556,0.00885306434948227));
#7342=CARTESIAN_POINT('',(0.027305,-0.003556,0.00886106816116329));
#7343=CARTESIAN_POINT('',(0.0273049260976242,-0.00355600025,0.00886106792519205));
#7344=CARTESIAN_POINT('',(0.0247983356757906,-0.003556,0.00885306434948227));
#7345=CARTESIAN_POINT('',(0.027305,-0.003556,0.00924410724023024));
#7346=CARTESIAN_POINT('',(0.027305,-0.003556,0.00962714631929719));
#7347=CARTESIAN_POINT('',(0.027305,-0.003556,0.00962714631929719));
#7348=CARTESIAN_POINT('',(0.027305,-0.003556,0.00924410724023024));
#7349=CARTESIAN_POINT('',(0.0265184541048167,-0.003556,0.0118069603150561));
#7350=CARTESIAN_POINT('',(0.0265184541048167,-0.00381,0.0118069603150561));
#7351=CARTESIAN_POINT('',(0.0270428180349389,-0.003556,0.0113147599717258));
#7352=CARTESIAN_POINT('',(0.0270428180349389,-0.00381,0.0113147599717258));
#7353=CARTESIAN_POINT('',(0.027305,-0.003556,0.0105881553064728));
#7354=CARTESIAN_POINT('',(0.027305,-0.00381,0.0105881553064728));
#7355=CARTESIAN_POINT('',(0.027305,-0.003556,0.00962714631929719));
#7356=CARTESIAN_POINT('',(0.027305,-0.00381,0.00962714631929719));
#7357=CARTESIAN_POINT('',(0.0265184541048167,-0.003556,0.0118069603150561));
#7358=CARTESIAN_POINT('',(0.0265184541048167,-0.003556,0.0118069603150561));
#7359=CARTESIAN_POINT('',(0.0265184541048167,-0.003556,0.0118069603150561));
#7360=CARTESIAN_POINT('',(0.027305,-0.003556,0.0110686598000606));
#7361=CARTESIAN_POINT('',(0.027305,-0.003556,0.00962714631929719));
#7362=CARTESIAN_POINT('',(0.0242553071796426,-0.003556,0.0125452608300515));
#7363=CARTESIAN_POINT('',(0.0242553071796426,-0.00381,0.0125452608300515));
#7364=CARTESIAN_POINT('',(0.0252397078663032,-0.003556,0.0125452608300515));
#7365=CARTESIAN_POINT('',(0.0252397078663032,-0.00381,0.0125452608300515));
#7366=CARTESIAN_POINT('',(0.0259940901746945,-0.003556,0.0122991606583864));
#7367=CARTESIAN_POINT('',(0.0259940901746945,-0.00381,0.0122991606583864));
#7368=CARTESIAN_POINT('',(0.0265184541048167,-0.003556,0.0118069603150561));
#7369=CARTESIAN_POINT('',(0.0265184541048167,-0.00381,0.0118069603150561));
#7370=CARTESIAN_POINT('',(0.0242553071796426,-0.003556,0.0125452608300515));
#7371=CARTESIAN_POINT('',(0.0242553071796426,-0.003556,0.0125452608300515));
#7372=CARTESIAN_POINT('',(0.0242553071796426,-0.003556,0.0125452608300515));
#7373=CARTESIAN_POINT('',(0.0257319082096335,-0.003556,0.0125452608300515));
#7374=CARTESIAN_POINT('',(0.0265184541048167,-0.003556,0.0118069603150561));
#7375=CARTESIAN_POINT('',(0.0225330933050591,-0.003556,0.0125452608300515));
#7376=CARTESIAN_POINT('',(0.0208108794304756,-0.003556,0.0125452608300515));
#7377=CARTESIAN_POINT('',(0.0208108794304756,-0.003556,0.0125452608300515));
#7378=CARTESIAN_POINT('',(0.0225330933050591,-0.003556,0.0125452608300515));
#7379=CARTESIAN_POINT('',(0.0185477325053014,-0.003556,0.0118069603150561));
#7380=CARTESIAN_POINT('',(0.0185477325053014,-0.00381,0.0118069603150561));
#7381=CARTESIAN_POINT('',(0.0190720964354236,-0.003556,0.0122991606583864));
#7382=CARTESIAN_POINT('',(0.0190720964354236,-0.00381,0.0122991606583864));
#7383=CARTESIAN_POINT('',(0.019826478743815,-0.003556,0.0125452608300515));
#7384=CARTESIAN_POINT('',(0.019826478743815,-0.00381,0.0125452608300515));
#7385=CARTESIAN_POINT('',(0.0208108794304756,-0.003556,0.0125452608300515));
#7386=CARTESIAN_POINT('',(0.0208108794304756,-0.00381,0.0125452608300515));
#7387=CARTESIAN_POINT('',(0.0185477325053014,-0.003556,0.0118069603150561));
#7388=CARTESIAN_POINT('',(0.0185477325053014,-0.003556,0.0118069603150561));
#7389=CARTESIAN_POINT('',(0.0185477325053014,-0.003556,0.0118069603150561));
#7390=CARTESIAN_POINT('',(0.0193342784004847,-0.003556,0.0125452608300515));
#7391=CARTESIAN_POINT('',(0.0208108794304756,-0.003556,0.0125452608300515));
#7392=CARTESIAN_POINT('',(0.0177611866101181,-0.003556,0.00962714631929719));
#7393=CARTESIAN_POINT('',(0.0177611866101181,-0.00381,0.00962714631929719));
#7394=CARTESIAN_POINT('',(0.0177611866101181,-0.003556,0.0105881553064728));
#7395=CARTESIAN_POINT('',(0.0177611866101181,-0.00381,0.0105881553064728));
#7396=CARTESIAN_POINT('',(0.0180233685751792,-0.003556,0.0113147599717258));
#7397=CARTESIAN_POINT('',(0.0180233685751792,-0.00381,0.0113147599717258));
#7398=CARTESIAN_POINT('',(0.0185477325053014,-0.003556,0.0118069603150561));
#7399=CARTESIAN_POINT('',(0.0185477325053014,-0.00381,0.0118069603150561));
#7400=CARTESIAN_POINT('',(0.0177611866101181,-0.003556,0.00962714631929719));
#7401=CARTESIAN_POINT('',(0.0177611866101181,-0.003556,0.00962714631929719));
#7402=CARTESIAN_POINT('',(0.0177611866101181,-0.003556,0.00962714631929719));
#7403=CARTESIAN_POINT('',(0.0177611866101181,-0.003556,0.0110686598000606));
#7404=CARTESIAN_POINT('',(0.0185477325053014,-0.003556,0.0118069603150561));
#7405=CARTESIAN_POINT('',(0.0177611866101181,-0.003556,0.00924410724023024));
#7406=CARTESIAN_POINT('',(0.0177611866101181,-0.003556,0.00886106816116329));
#7407=CARTESIAN_POINT('',(0.0177612605124939,-0.003556,0.00886106792519205));
#7408=CARTESIAN_POINT('',(0.0177611866101181,-0.003556,0.00924410724023024));
#7409=CARTESIAN_POINT('',(0.0202678509343275,-0.003556,0.00885306434948225));
#7410=CARTESIAN_POINT('',(0.0180141093607997,-0.003556,0.00775581036049683));
#7411=CARTESIAN_POINT('',(0.0180141093607997,-0.003556,0.00775581036049683));
#7412=CARTESIAN_POINT('',(0.0202678509343275,-0.003556,0.00885306434948225));
#7413=CARTESIAN_POINT('',(0.0187728776128446,-0.003556,0.00702481975159044));
#7414=CARTESIAN_POINT('',(0.0187728776128446,-0.00381,0.00702481975159044));
#7415=CARTESIAN_POINT('',(0.0184356472786024,-0.003556,0.00716322064021005));
#7416=CARTESIAN_POINT('',(0.0184356472786024,-0.00381,0.00716322064021005));
#7417=CARTESIAN_POINT('',(0.0181827245279208,-0.003556,0.00740688417651218));
#7418=CARTESIAN_POINT('',(0.0181827245279208,-0.00381,0.00740688417651218));
#7419=CARTESIAN_POINT('',(0.0180141093607997,-0.003556,0.00775581036049683));
#7420=CARTESIAN_POINT('',(0.0180141093607997,-0.00381,0.00775581036049683));
#7421=CARTESIAN_POINT('',(0.0187728776128446,-0.003556,0.00702481975159044));
#7422=CARTESIAN_POINT('',(0.0187728776128446,-0.003556,0.00702481975159044));
#7423=CARTESIAN_POINT('',(0.0187728776128446,-0.003556,0.00702481975159044));
#7424=CARTESIAN_POINT('',(0.0182670321114814,-0.003556,0.00723242108451986));
#7425=CARTESIAN_POINT('',(0.0180141093607997,-0.003556,0.00775581036049683));
#7426=CARTESIAN_POINT('',(0.0187728776128446,-0.003556,0.00698827022114512));
#7427=CARTESIAN_POINT('',(0.0187728776128446,-0.003556,0.0069517206906998));
#7428=CARTESIAN_POINT('',(0.0187728776128446,-0.003556,0.0069517206906998));
#7429=CARTESIAN_POINT('',(0.0187728776128446,-0.003556,0.00698827022114512));
#7430=CARTESIAN_POINT('',(0.0184629375946683,-0.003556,0.0069517206906998));
#7431=CARTESIAN_POINT('',(0.0181529975764919,-0.003556,0.0069517206906998));
#7432=CARTESIAN_POINT('',(0.0181529975764919,-0.003556,0.0069517206906998));
#7433=CARTESIAN_POINT('',(0.0184629375946683,-0.003556,0.0069517206906998));
#7434=CARTESIAN_POINT('',(0.0177611866101181,-0.003556,0.00655698576189035));
#7435=CARTESIAN_POINT('',(0.0177611866101181,-0.00381,0.00655698576189035));
#7436=CARTESIAN_POINT('',(0.0177611866101181,-0.003556,0.00682014238109665));
#7437=CARTESIAN_POINT('',(0.0177611866101181,-0.00381,0.00682014238109665));
#7438=CARTESIAN_POINT('',(0.0178917902655761,-0.003556,0.0069517206906998));
#7439=CARTESIAN_POINT('',(0.0178917902655761,-0.00381,0.0069517206906998));
#7440=CARTESIAN_POINT('',(0.0181529975764919,-0.003556,0.0069517206906998));
#7441=CARTESIAN_POINT('',(0.0181529975764919,-0.00381,0.0069517206906998));
#7442=CARTESIAN_POINT('',(0.0177611866101181,-0.003556,0.00655698576189035));
#7443=CARTESIAN_POINT('',(0.0177611866101181,-0.003556,0.00655698576189035));
#7444=CARTESIAN_POINT('',(0.0177611866101181,-0.003556,0.00655698576189035));
#7445=CARTESIAN_POINT('',(0.0177611866101181,-0.003556,0.0069517206906998));
#7446=CARTESIAN_POINT('',(0.0181529975764919,-0.003556,0.0069517206906998));
#7447=CARTESIAN_POINT('',(0.0177611866101181,-0.003556,0.00576166797940019));
#7448=CARTESIAN_POINT('',(0.0177611866101181,-0.003556,0.00496635019691004));
#7449=CARTESIAN_POINT('',(0.0177611866101181,-0.003556,0.00496635019691004));
#7450=CARTESIAN_POINT('',(0.0177611866101181,-0.003556,0.00576166797940019));
#7451=CARTESIAN_POINT('',(0.0181529975764919,-0.003556,0.00457453923053621));
#7452=CARTESIAN_POINT('',(0.0181529975764919,-0.00381,0.00457453923053621));
#7453=CARTESIAN_POINT('',(0.0178917902655761,-0.003556,0.00457453923053621));
#7454=CARTESIAN_POINT('',(0.0178917902655761,-0.00381,0.00457453923053621));
#7455=CARTESIAN_POINT('',(0.0177611866101181,-0.003556,0.00470514288599415));
#7456=CARTESIAN_POINT('',(0.0177611866101181,-0.00381,0.00470514288599415));
#7457=CARTESIAN_POINT('',(0.0177611866101181,-0.003556,0.00496635019691004));
#7458=CARTESIAN_POINT('',(0.0177611866101181,-0.00381,0.00496635019691004));
#7459=CARTESIAN_POINT('',(0.0181529975764919,-0.003556,0.00457453923053621));
#7460=CARTESIAN_POINT('',(0.0181529975764919,-0.003556,0.00457453923053621));
#7461=CARTESIAN_POINT('',(0.0181529975764919,-0.003556,0.00457453923053621));
#7462=CARTESIAN_POINT('',(0.0177611866101181,-0.003556,0.00457453923053621));
#7463=CARTESIAN_POINT('',(0.0177611866101181,-0.003556,0.00496635019691004));
#7464=CARTESIAN_POINT('',(0.023813788851863,-0.003556,0.00457453923053621));
#7465=CARTESIAN_POINT('',(0.0294745801272342,-0.003556,0.00457453923053621));
#7466=CARTESIAN_POINT('',(0.0294745801272342,-0.003556,0.00457453923053621));
#7467=CARTESIAN_POINT('',(0.023813788851863,-0.003556,0.00457453923053621));
#7468=CARTESIAN_POINT('',(0.0298488473189942,-0.003556,0.00496635019691004));
#7469=CARTESIAN_POINT('',(0.0298488473189942,-0.00381,0.00496635019691004));
#7470=CARTESIAN_POINT('',(0.0298488473189942,-0.003556,0.00470514288599415));
#7471=CARTESIAN_POINT('',(0.0298488473189942,-0.00381,0.00470514288599415));
#7472=CARTESIAN_POINT('',(0.0297240915884075,-0.003556,0.00457453923053621));
#7473=CARTESIAN_POINT('',(0.0297240915884075,-0.00381,0.00457453923053621));
#7474=CARTESIAN_POINT('',(0.0294745801272342,-0.003556,0.00457453923053621));
#7475=CARTESIAN_POINT('',(0.0294745801272342,-0.00381,0.00457453923053621));
#7476=CARTESIAN_POINT('',(0.0298488473189942,-0.003556,0.00496635019691004));
#7477=CARTESIAN_POINT('',(0.0298488473189942,-0.003556,0.00457453923053621));
#7478=CARTESIAN_POINT('',(0.0294745801272342,-0.003556,0.00457453923053621));
#7479=CARTESIAN_POINT('',(0.0252465304453196,-0.003556,0.00906574553165708));
#7480=CARTESIAN_POINT('',(0.0252465304453196,-0.00381,0.00906574553165708));
#7481=CARTESIAN_POINT('',(0.0252465304453196,-0.003556,0.00946535373119258));
#7482=CARTESIAN_POINT('',(0.0252465304453196,-0.00381,0.00946535373119258));
#7483=CARTESIAN_POINT('',(0.0251622228617591,-0.003556,0.00974946541452087));
#7484=CARTESIAN_POINT('',(0.0251622228617591,-0.00381,0.00974946541452087));
#7485=CARTESIAN_POINT('',(0.024993607694638,-0.003556,0.00991808058164194));
#7486=CARTESIAN_POINT('',(0.024993607694638,-0.00381,0.00991808058164194));
#7487=CARTESIAN_POINT('',(0.0252465304453196,-0.00381,0.00906574553165708));
#7488=CARTESIAN_POINT('',(0.0252465304453196,-0.00381,0.00966515783096033));
#7489=CARTESIAN_POINT('',(0.024993607694638,-0.00381,0.00991808058164194));
#7490=CARTESIAN_POINT('',(0.0252465304453196,-0.003556,0.00906574553165708));
#7491=CARTESIAN_POINT('',(0.0252465304453196,-0.003556,0.00966515783096033));
#7492=CARTESIAN_POINT('',(0.024993607694638,-0.003556,0.00991808058164194));
#7493=CARTESIAN_POINT('',(0.,-0.003556,3.46944695195361E-18));
#7494=CARTESIAN_POINT('',(0.027305,-0.003556,-0.0212674407755226));
#7495=CARTESIAN_POINT('',(0.027305,-0.003556,-0.0194896716146622));
#7496=CARTESIAN_POINT('',(0.027305,-0.003556,-0.0194896716146622));
#7497=CARTESIAN_POINT('',(0.027305,-0.003556,-0.0212674407755226));
#7498=CARTESIAN_POINT('',(0.027305,-0.003556,-0.0230452099363829));
#7499=CARTESIAN_POINT('',(0.027305,-0.003556,-0.0230452099363829));
#7500=CARTESIAN_POINT('',(0.0247962402302332,-0.003556,-0.0165510893668585));
#7501=CARTESIAN_POINT('',(0.0247962402302332,-0.00381,-0.0165510893668585));
#7502=CARTESIAN_POINT('',(0.0264687467434111,-0.003556,-0.0165510893668585));
#7503=CARTESIAN_POINT('',(0.0264687467434111,-0.00381,-0.0165510893668585));
#7504=CARTESIAN_POINT('',(0.027305,-0.003556,-0.0175306167827931));
#7505=CARTESIAN_POINT('',(0.027305,-0.00381,-0.0175306167827931));
#7506=CARTESIAN_POINT('',(0.027305,-0.003556,-0.0194896716146622));
#7507=CARTESIAN_POINT('',(0.027305,-0.00381,-0.0194896716146622));
#7508=CARTESIAN_POINT('',(0.0247962402302332,-0.003556,-0.0165510893668585));
#7509=CARTESIAN_POINT('',(0.0247962402302332,-0.003556,-0.0165510893668585));
#7510=CARTESIAN_POINT('',(0.0247962402302332,-0.003556,-0.0165510893668585));
#7511=CARTESIAN_POINT('',(0.027305,-0.003556,-0.0165510893668585));
#7512=CARTESIAN_POINT('',(0.027305,-0.003556,-0.0194896716146622));
#7513=CARTESIAN_POINT('',(0.0233474168433808,-0.003556,-0.0169443623144501));
#7514=CARTESIAN_POINT('',(0.0233474168433808,-0.00381,-0.0169443623144501));
#7515=CARTESIAN_POINT('',(0.0237148614561244,-0.003556,-0.016682180349389));
#7516=CARTESIAN_POINT('',(0.0237148614561244,-0.00381,-0.016682180349389));
#7517=CARTESIAN_POINT('',(0.0241978025850752,-0.003556,-0.0165510893668585));
#7518=CARTESIAN_POINT('',(0.0241978025850752,-0.00381,-0.0165510893668585));
#7519=CARTESIAN_POINT('',(0.0247962402302332,-0.003556,-0.0165510893668585));
#7520=CARTESIAN_POINT('',(0.0247962402302332,-0.00381,-0.0165510893668585));
#7521=CARTESIAN_POINT('',(0.0233474168433808,-0.003556,-0.0169443623144501));
#7522=CARTESIAN_POINT('',(0.0233474168433808,-0.003556,-0.0169443623144501));
#7523=CARTESIAN_POINT('',(0.0233474168433808,-0.003556,-0.0169443623144501));
#7524=CARTESIAN_POINT('',(0.0238985837624962,-0.003556,-0.0165510893668585));
#7525=CARTESIAN_POINT('',(0.0247962402302332,-0.003556,-0.0165510893668585));
#7526=CARTESIAN_POINT('',(0.0222699366858528,-0.003556,-0.0183113147531051));
#7527=CARTESIAN_POINT('',(0.0222699366858528,-0.00381,-0.0183113147531051));
#7528=CARTESIAN_POINT('',(0.0226208121781278,-0.003556,-0.0176621950923962));
#7529=CARTESIAN_POINT('',(0.0226208121781278,-0.00381,-0.0176621950923962));
#7530=CARTESIAN_POINT('',(0.0229799722306372,-0.003556,-0.0172065442795112));
#7531=CARTESIAN_POINT('',(0.0229799722306372,-0.00381,-0.0172065442795112));
#7532=CARTESIAN_POINT('',(0.0233474168433808,-0.003556,-0.0169443623144501));
#7533=CARTESIAN_POINT('',(0.0233474168433808,-0.00381,-0.0169443623144501));
#7534=CARTESIAN_POINT('',(0.0222699366858528,-0.003556,-0.0183113147531051));
#7535=CARTESIAN_POINT('',(0.0222699366858528,-0.003556,-0.0183113147531051));
#7536=CARTESIAN_POINT('',(0.0222699366858528,-0.003556,-0.0183113147531051));
#7537=CARTESIAN_POINT('',(0.0227962499242654,-0.003556,-0.0173376352620418));
#7538=CARTESIAN_POINT('',(0.0233474168433808,-0.003556,-0.0169443623144501));
#7539=CARTESIAN_POINT('',(0.0217085358982127,-0.003556,-0.0192557546198121));
#7540=CARTESIAN_POINT('',(0.0211471351105725,-0.003556,-0.0202001944865192));
#7541=CARTESIAN_POINT('',(0.0211471351105725,-0.003556,-0.0202001944865192));
#7542=CARTESIAN_POINT('',(0.0217085358982127,-0.003556,-0.0192557546198121));
#7543=CARTESIAN_POINT('',(0.0203050339291124,-0.003556,-0.0210042841563162));
#7544=CARTESIAN_POINT('',(0.0203050339291124,-0.00381,-0.0210042841563162));
#7545=CARTESIAN_POINT('',(0.0205798863980612,-0.003556,-0.0210042841563162));
#7546=CARTESIAN_POINT('',(0.0205798863980612,-0.00381,-0.0210042841563162));
#7547=CARTESIAN_POINT('',(0.0208605867918813,-0.003556,-0.0207362542663839));
#7548=CARTESIAN_POINT('',(0.0208605867918813,-0.00381,-0.0207362542663839));
#7549=CARTESIAN_POINT('',(0.0211471351105725,-0.003556,-0.0202001944865192));
#7550=CARTESIAN_POINT('',(0.0211471351105725,-0.00381,-0.0202001944865192));
#7551=CARTESIAN_POINT('',(0.0203050339291124,-0.003556,-0.0210042841563162));
#7552=CARTESIAN_POINT('',(0.0203050339291124,-0.003556,-0.0210042841563162));
#7553=CARTESIAN_POINT('',(0.0203050339291124,-0.003556,-0.0210042841563162));
#7554=CARTESIAN_POINT('',(0.0207173126325356,-0.003556,-0.0210042841563162));
#7555=CARTESIAN_POINT('',(0.0211471351105725,-0.003556,-0.0202001944865192));
#7556=CARTESIAN_POINT('',(0.0202582505301424,-0.003556,-0.0210042841563162));
#7557=CARTESIAN_POINT('',(0.0202114671311724,-0.003556,-0.0210042841563162));
#7558=CARTESIAN_POINT('',(0.0202114671311724,-0.003556,-0.0210042841563162));
#7559=CARTESIAN_POINT('',(0.0202582505301424,-0.003556,-0.0210042841563162));
#7560=CARTESIAN_POINT('',(0.0197436331414723,-0.003556,-0.0200890839139654));
#7561=CARTESIAN_POINT('',(0.0197436331414723,-0.00381,-0.0200890839139654));
#7562=CARTESIAN_POINT('',(0.0197436331414723,-0.003556,-0.020699217408866));
#7563=CARTESIAN_POINT('',(0.0197436331414723,-0.00381,-0.020699217408866));
#7564=CARTESIAN_POINT('',(0.0198995778047057,-0.003556,-0.0210042841563162));
#7565=CARTESIAN_POINT('',(0.0198995778047057,-0.00381,-0.0210042841563162));
#7566=CARTESIAN_POINT('',(0.0202114671311724,-0.003556,-0.0210042841563162));
#7567=CARTESIAN_POINT('',(0.0202114671311724,-0.00381,-0.0210042841563162));
#7568=CARTESIAN_POINT('',(0.0197436331414723,-0.003556,-0.0200890839139654));
#7569=CARTESIAN_POINT('',(0.0197436331414723,-0.003556,-0.0200890839139654));
#7570=CARTESIAN_POINT('',(0.0197436331414723,-0.003556,-0.0200890839139654));
#7571=CARTESIAN_POINT('',(0.0197436331414723,-0.003556,-0.0210042841563162));
#7572=CARTESIAN_POINT('',(0.0202114671311724,-0.003556,-0.0210042841563162));
#7573=CARTESIAN_POINT('',(0.0197436331414723,-0.003556,-0.0187879206301121));
#7574=CARTESIAN_POINT('',(0.0197436331414723,-0.003556,-0.0174867573462587));
#7575=CARTESIAN_POINT('',(0.0197436331414723,-0.003556,-0.0174867573462587));
#7576=CARTESIAN_POINT('',(0.0197436331414723,-0.003556,-0.0187879206301121));
#7577=CARTESIAN_POINT('',(0.0196603002120569,-0.003556,-0.0171870511966071));
#7578=CARTESIAN_POINT('',(0.0196603002120569,-0.00381,-0.0171870511966071));
#7579=CARTESIAN_POINT('',(0.0197158554983339,-0.003556,-0.0172367585580127));
#7580=CARTESIAN_POINT('',(0.0197158554983339,-0.00381,-0.0172367585580127));
#7581=CARTESIAN_POINT('',(0.0197436331414723,-0.003556,-0.0173366606078966));
#7582=CARTESIAN_POINT('',(0.0197436331414723,-0.00381,-0.0173366606078966));
#7583=CARTESIAN_POINT('',(0.0197436331414723,-0.003556,-0.0174867573462587));
#7584=CARTESIAN_POINT('',(0.0197436331414723,-0.00381,-0.0174867573462587));
#7585=CARTESIAN_POINT('',(0.0196603002120569,-0.003556,-0.0171870511966071));
#7586=CARTESIAN_POINT('',(0.0196603002120569,-0.003556,-0.0171870511966071));
#7587=CARTESIAN_POINT('',(0.0196603002120569,-0.003556,-0.0171870511966071));
#7588=CARTESIAN_POINT('',(0.0197436331414723,-0.003556,-0.0172616122387155));
#7589=CARTESIAN_POINT('',(0.0197436331414723,-0.003556,-0.0174867573462587));
#7590=CARTESIAN_POINT('',(0.0193693659497122,-0.003556,-0.0171124901544987));
#7591=CARTESIAN_POINT('',(0.0193693659497122,-0.00381,-0.0171124901544987));
#7592=CARTESIAN_POINT('',(0.0195077668383318,-0.003556,-0.0171124901544987));
#7593=CARTESIAN_POINT('',(0.0195077668383318,-0.00381,-0.0171124901544987));
#7594=CARTESIAN_POINT('',(0.01960474492578,-0.003556,-0.0171373438352015));
#7595=CARTESIAN_POINT('',(0.01960474492578,-0.00381,-0.0171373438352015));
#7596=CARTESIAN_POINT('',(0.0196603002120569,-0.003556,-0.0171870511966071));
#7597=CARTESIAN_POINT('',(0.0196603002120569,-0.00381,-0.0171870511966071));
#7598=CARTESIAN_POINT('',(0.0193693659497122,-0.003556,-0.0171124901544987));
#7599=CARTESIAN_POINT('',(0.0193693659497122,-0.003556,-0.0171124901544987));
#7600=CARTESIAN_POINT('',(0.0193693659497122,-0.003556,-0.0171124901544987));
#7601=CARTESIAN_POINT('',(0.0195769672826416,-0.003556,-0.0171124901544987));
#7602=CARTESIAN_POINT('',(0.0196603002120569,-0.003556,-0.0171870511966071));
#7603=CARTESIAN_POINT('',(0.0187611817631021,-0.003556,-0.0171124901544987));
#7604=CARTESIAN_POINT('',(0.0181529975764919,-0.003556,-0.0171124901544987));
#7605=CARTESIAN_POINT('',(0.0181529975764919,-0.003556,-0.0171124901544987));
#7606=CARTESIAN_POINT('',(0.0187611817631021,-0.003556,-0.0171124901544987));
#7607=CARTESIAN_POINT('',(0.0177611866101181,-0.003556,-0.0174867573462587));
#7608=CARTESIAN_POINT('',(0.0177611866101181,-0.00381,-0.0174867573462587));
#7609=CARTESIAN_POINT('',(0.0177611866101181,-0.003556,-0.0172372458850853));
#7610=CARTESIAN_POINT('',(0.0177611866101181,-0.00381,-0.0172372458850853));
#7611=CARTESIAN_POINT('',(0.0178917902655761,-0.003556,-0.0171124901544987));
#7612=CARTESIAN_POINT('',(0.0178917902655761,-0.00381,-0.0171124901544987));
#7613=CARTESIAN_POINT('',(0.0181529975764919,-0.003556,-0.0171124901544987));
#7614=CARTESIAN_POINT('',(0.0181529975764919,-0.00381,-0.0171124901544987));
#7615=CARTESIAN_POINT('',(0.0177611866101181,-0.003556,-0.0174867573462587));
#7616=CARTESIAN_POINT('',(0.0177611866101181,-0.003556,-0.0174867573462587));
#7617=CARTESIAN_POINT('',(0.0177611866101181,-0.003556,-0.0174867573462587));
#7618=CARTESIAN_POINT('',(0.0177611866101181,-0.003556,-0.0171124901544987));
#7619=CARTESIAN_POINT('',(0.0181529975764919,-0.003556,-0.0171124901544987));
#7620=CARTESIAN_POINT('',(0.0177611866101181,-0.003556,-0.0190496152681006));
#7621=CARTESIAN_POINT('',(0.0177611866101181,-0.003556,-0.0206124731899424));
#7622=CARTESIAN_POINT('',(0.0177611866101181,-0.003556,-0.0206124731899424));
#7623=CARTESIAN_POINT('',(0.0177611866101181,-0.003556,-0.0190496152681006));
#7624=CARTESIAN_POINT('',(0.0183781426840352,-0.003556,-0.0227820533171766));
#7625=CARTESIAN_POINT('',(0.0183781426840352,-0.00381,-0.0227820533171766));
#7626=CARTESIAN_POINT('',(0.0179668386347572,-0.003556,-0.0223200672523478));
#7627=CARTESIAN_POINT('',(0.0179668386347572,-0.00381,-0.0223200672523478));
#7628=CARTESIAN_POINT('',(0.0177611866101181,-0.003556,-0.021596873876603));
#7629=CARTESIAN_POINT('',(0.0177611866101181,-0.00381,-0.021596873876603));
#7630=CARTESIAN_POINT('',(0.0177611866101181,-0.003556,-0.0206124731899424));
#7631=CARTESIAN_POINT('',(0.0177611866101181,-0.00381,-0.0206124731899424));
#7632=CARTESIAN_POINT('',(0.0183781426840352,-0.003556,-0.0227820533171766));
#7633=CARTESIAN_POINT('',(0.0183781426840352,-0.003556,-0.0227820533171766));
#7634=CARTESIAN_POINT('',(0.0183781426840352,-0.003556,-0.0227820533171766));
#7635=CARTESIAN_POINT('',(0.0177611866101181,-0.003556,-0.0220890742199333));
#7636=CARTESIAN_POINT('',(0.0177611866101181,-0.003556,-0.0206124731899424));
#7637=CARTESIAN_POINT('',(0.0203050339291124,-0.003556,-0.0234750324144199));
#7638=CARTESIAN_POINT('',(0.0203050339291124,-0.00381,-0.0234750324144199));
#7639=CARTESIAN_POINT('',(0.0194317438150056,-0.003556,-0.0234750324144199));
#7640=CARTESIAN_POINT('',(0.0194317438150056,-0.00381,-0.0234750324144199));
#7641=CARTESIAN_POINT('',(0.0187894467333132,-0.003556,-0.0232440393820054));
#7642=CARTESIAN_POINT('',(0.0187894467333132,-0.00381,-0.0232440393820054));
#7643=CARTESIAN_POINT('',(0.0183781426840352,-0.003556,-0.0227820533171766));
#7644=CARTESIAN_POINT('',(0.0183781426840352,-0.00381,-0.0227820533171766));
#7645=CARTESIAN_POINT('',(0.0203050339291124,-0.003556,-0.0234750324144199));
#7646=CARTESIAN_POINT('',(0.0203050339291124,-0.003556,-0.0234750324144199));
#7647=CARTESIAN_POINT('',(0.0203050339291124,-0.003556,-0.0234750324144199));
#7648=CARTESIAN_POINT('',(0.0189950987579522,-0.003556,-0.0234750324144199));
#7649=CARTESIAN_POINT('',(0.0183781426840352,-0.003556,-0.0227820533171766));
#7650=CARTESIAN_POINT('',(0.0217465474098758,-0.003556,-0.0230262041805513));
#7651=CARTESIAN_POINT('',(0.0217465474098758,-0.00381,-0.0230262041805513));
#7652=CARTESIAN_POINT('',(0.0213722802181157,-0.003556,-0.0233254230031304));
#7653=CARTESIAN_POINT('',(0.0213722802181157,-0.00381,-0.0233254230031304));
#7654=CARTESIAN_POINT('',(0.0208917757245279,-0.003556,-0.0234750324144199));
#7655=CARTESIAN_POINT('',(0.0208917757245279,-0.00381,-0.0234750324144199));
#7656=CARTESIAN_POINT('',(0.0203050339291124,-0.003556,-0.0234750324144199));
#7657=CARTESIAN_POINT('',(0.0203050339291124,-0.00381,-0.0234750324144199));
#7658=CARTESIAN_POINT('',(0.0217465474098758,-0.003556,-0.0230262041805513));
#7659=CARTESIAN_POINT('',(0.0217465474098758,-0.003556,-0.0230262041805513));
#7660=CARTESIAN_POINT('',(0.0217465474098758,-0.003556,-0.0230262041805513));
#7661=CARTESIAN_POINT('',(0.0211851466222357,-0.003556,-0.0234750324144199));
#7662=CARTESIAN_POINT('',(0.0203050339291124,-0.003556,-0.0234750324144199));
#7663=CARTESIAN_POINT('',(0.0227962499242654,-0.003556,-0.0216212402302332));
#7664=CARTESIAN_POINT('',(0.0227962499242654,-0.00381,-0.0216212402302332));
#7665=CARTESIAN_POINT('',(0.0224707154397657,-0.003556,-0.0222586640411996));
#7666=CARTESIAN_POINT('',(0.0224707154397657,-0.00381,-0.0222586640411996));
#7667=CARTESIAN_POINT('',(0.0221208146016359,-0.003556,-0.0227269853579723));
#7668=CARTESIAN_POINT('',(0.0221208146016359,-0.00381,-0.0227269853579723));
#7669=CARTESIAN_POINT('',(0.0217465474098758,-0.003556,-0.0230262041805513));
#7670=CARTESIAN_POINT('',(0.0217465474098758,-0.00381,-0.0230262041805513));
#7671=CARTESIAN_POINT('',(0.0227962499242654,-0.003556,-0.0216212402302332));
#7672=CARTESIAN_POINT('',(0.0227962499242654,-0.003556,-0.0216212402302332));
#7673=CARTESIAN_POINT('',(0.0227962499242654,-0.003556,-0.0216212402302332));
#7674=CARTESIAN_POINT('',(0.0223079481975159,-0.003556,-0.0225773759466828));
#7675=CARTESIAN_POINT('',(0.0217465474098758,-0.003556,-0.0230262041805513));
#7676=CARTESIAN_POINT('',(0.0233108673129355,-0.003556,-0.0206958061193577));
#7677=CARTESIAN_POINT('',(0.0238254847016056,-0.003556,-0.0197703720084823));
#7678=CARTESIAN_POINT('',(0.0238254847016056,-0.003556,-0.0197703720084823));
#7679=CARTESIAN_POINT('',(0.0233108673129355,-0.003556,-0.0206958061193577));
#7680=CARTESIAN_POINT('',(0.0246851296576795,-0.003556,-0.0190013698879128));
#7681=CARTESIAN_POINT('',(0.0246851296576795,-0.00381,-0.0190013698879128));
#7682=CARTESIAN_POINT('',(0.0243849361809553,-0.003556,-0.0190013698879128));
#7683=CARTESIAN_POINT('',(0.0243849361809553,-0.00381,-0.0190013698879128));
#7684=CARTESIAN_POINT('',(0.024098387862264,-0.003556,-0.0192577039281026));
#7685=CARTESIAN_POINT('',(0.024098387862264,-0.00381,-0.0192577039281026));
#7686=CARTESIAN_POINT('',(0.0238254847016056,-0.003556,-0.0197703720084823));
#7687=CARTESIAN_POINT('',(0.0238254847016056,-0.00381,-0.0197703720084823));
#7688=CARTESIAN_POINT('',(0.0246851296576795,-0.003556,-0.0190013698879128));
#7689=CARTESIAN_POINT('',(0.0246851296576795,-0.003556,-0.0190013698879128));
#7690=CARTESIAN_POINT('',(0.0246851296576795,-0.003556,-0.0190013698879128));
#7691=CARTESIAN_POINT('',(0.0242348394425932,-0.003556,-0.0190013698879128));
#7692=CARTESIAN_POINT('',(0.0238254847016056,-0.003556,-0.0197703720084823));
#7693=CARTESIAN_POINT('',(0.0247319130566495,-0.003556,-0.0190013698879128));
#7694=CARTESIAN_POINT('',(0.0247786964556195,-0.003556,-0.0190013698879128));
#7695=CARTESIAN_POINT('',(0.0247786964556195,-0.003556,-0.0190013698879128));
#7696=CARTESIAN_POINT('',(0.0247319130566495,-0.003556,-0.0190013698879128));
#7697=CARTESIAN_POINT('',(0.0253400972432596,-0.003556,-0.0199194940926992));
#7698=CARTESIAN_POINT('',(0.0253400972432596,-0.00381,-0.0199194940926992));
#7699=CARTESIAN_POINT('',(0.0253400972432596,-0.003556,-0.0193074112895082));
#7700=CARTESIAN_POINT('',(0.0253400972432596,-0.00381,-0.0193074112895082));
#7701=CARTESIAN_POINT('',(0.0251529636473796,-0.003556,-0.0190013698879128));
#7702=CARTESIAN_POINT('',(0.0251529636473796,-0.00381,-0.0190013698879128));
#7703=CARTESIAN_POINT('',(0.0247786964556195,-0.003556,-0.0190013698879128));
#7704=CARTESIAN_POINT('',(0.0247786964556195,-0.00381,-0.0190013698879128));
#7705=CARTESIAN_POINT('',(0.0253400972432596,-0.003556,-0.0199194940926992));
#7706=CARTESIAN_POINT('',(0.0253400972432596,-0.003556,-0.0199194940926992));
#7707=CARTESIAN_POINT('',(0.0253400972432596,-0.003556,-0.0199194940926992));
#7708=CARTESIAN_POINT('',(0.0253400972432596,-0.003556,-0.0190013698879128));
#7709=CARTESIAN_POINT('',(0.0247786964556195,-0.003556,-0.0190013698879128));
#7710=CARTESIAN_POINT('',(0.0253400972432596,-0.003556,-0.021482352014541));
#7711=CARTESIAN_POINT('',(0.0253400972432596,-0.003556,-0.0230452099363829));
#7712=CARTESIAN_POINT('',(0.0253400972432596,-0.003556,-0.0230452099363829));
#7713=CARTESIAN_POINT('',(0.0253400972432596,-0.003556,-0.021482352014541));
#7714=CARTESIAN_POINT('',(0.0254248921538928,-0.003556,-0.0233449160860346));
#7715=CARTESIAN_POINT('',(0.0254248921538928,-0.00381,-0.0233449160860346));
#7716=CARTESIAN_POINT('',(0.0253683622134707,-0.003556,-0.0232952087246289));
#7717=CARTESIAN_POINT('',(0.0253683622134707,-0.00381,-0.0232952087246289));
#7718=CARTESIAN_POINT('',(0.0253400972432596,-0.003556,-0.023195306674745));
#7719=CARTESIAN_POINT('',(0.0253400972432596,-0.00381,-0.023195306674745));
#7720=CARTESIAN_POINT('',(0.0253400972432596,-0.003556,-0.0230452099363829));
#7721=CARTESIAN_POINT('',(0.0253400972432596,-0.00381,-0.0230452099363829));
#7722=CARTESIAN_POINT('',(0.0254248921538928,-0.003556,-0.0233449160860346));
#7723=CARTESIAN_POINT('',(0.0254248921538928,-0.003556,-0.0233449160860346));
#7724=CARTESIAN_POINT('',(0.0254248921538928,-0.003556,-0.0233449160860346));
#7725=CARTESIAN_POINT('',(0.0253400972432596,-0.003556,-0.0232703550439261));
#7726=CARTESIAN_POINT('',(0.0253400972432596,-0.003556,-0.0230452099363829));
#7727=CARTESIAN_POINT('',(0.0257143644350197,-0.003556,-0.023419477128143));
#7728=CARTESIAN_POINT('',(0.0257143644350197,-0.00381,-0.023419477128143));
#7729=CARTESIAN_POINT('',(0.0255779128546905,-0.003556,-0.023419477128143));
#7730=CARTESIAN_POINT('',(0.0255779128546905,-0.00381,-0.023419477128143));
#7731=CARTESIAN_POINT('',(0.0254814220943148,-0.003556,-0.0233946234474402));
#7732=CARTESIAN_POINT('',(0.0254814220943148,-0.00381,-0.0233946234474402));
#7733=CARTESIAN_POINT('',(0.0254248921538928,-0.003556,-0.0233449160860346));
#7734=CARTESIAN_POINT('',(0.0254248921538928,-0.00381,-0.0233449160860346));
#7735=CARTESIAN_POINT('',(0.0257143644350197,-0.003556,-0.023419477128143));
#7736=CARTESIAN_POINT('',(0.0257143644350197,-0.003556,-0.023419477128143));
#7737=CARTESIAN_POINT('',(0.0257143644350197,-0.003556,-0.023419477128143));
#7738=CARTESIAN_POINT('',(0.0255096870645259,-0.003556,-0.023419477128143));
#7739=CARTESIAN_POINT('',(0.0254248921538928,-0.003556,-0.0233449160860346));
#7740=CARTESIAN_POINT('',(0.026313776734323,-0.003556,-0.023419477128143));
#7741=CARTESIAN_POINT('',(0.0269131890336262,-0.003556,-0.023419477128143));
#7742=CARTESIAN_POINT('',(0.0269131890336262,-0.003556,-0.023419477128143));
#7743=CARTESIAN_POINT('',(0.026313776734323,-0.003556,-0.023419477128143));
#7744=CARTESIAN_POINT('',(0.027305,-0.003556,-0.0230452099363829));
#7745=CARTESIAN_POINT('',(0.027305,-0.00381,-0.0230452099363829));
#7746=CARTESIAN_POINT('',(0.027305,-0.003556,-0.0232947213975563));
#7747=CARTESIAN_POINT('',(0.027305,-0.00381,-0.0232947213975563));
#7748=CARTESIAN_POINT('',(0.0271743963445421,-0.003556,-0.023419477128143));
#7749=CARTESIAN_POINT('',(0.0271743963445421,-0.00381,-0.023419477128143));
#7750=CARTESIAN_POINT('',(0.0269131890336262,-0.003556,-0.023419477128143));
#7751=CARTESIAN_POINT('',(0.0269131890336262,-0.00381,-0.023419477128143));
#7752=CARTESIAN_POINT('',(0.027305,-0.003556,-0.0230452099363829));
#7753=CARTESIAN_POINT('',(0.027305,-0.003556,-0.023419477128143));
#7754=CARTESIAN_POINT('',(0.0269131890336262,-0.003556,-0.023419477128143));
#7755=CARTESIAN_POINT('',(0.,-0.003556,3.46944695195361E-18));
#7756=CARTESIAN_POINT('',(0.,-0.00381,3.46944695195361E-18));
#7757=CARTESIAN_POINT('',(0.,-0.00381,3.46944695195361E-18));
#7758=CARTESIAN_POINT('',(0.0119645846266363,-0.0316204861815124,0.000151030767475859));
#7759=MECHANICAL_DESIGN_GEOMETRIC_PRESENTATION_REPRESENTATION('',(#4538,
#4539),#7760);
#7760=(
GEOMETRIC_REPRESENTATION_CONTEXT(3)
GLOBAL_UNCERTAINTY_ASSIGNED_CONTEXT((#7763))
GLOBAL_UNIT_ASSIGNED_CONTEXT((#7768,#7767,#7766))
REPRESENTATION_CONTEXT('Assembly 1','TOP_LEVEL_ASSEMBLY_PART')
);
#7761=(
GEOMETRIC_REPRESENTATION_CONTEXT(3)
GLOBAL_UNCERTAINTY_ASSIGNED_CONTEXT((#7764))
GLOBAL_UNIT_ASSIGNED_CONTEXT((#7768,#7767,#7766))
REPRESENTATION_CONTEXT('Part 1','COMPONENT_PART')
);
#7762=(
GEOMETRIC_REPRESENTATION_CONTEXT(3)
GLOBAL_UNCERTAINTY_ASSIGNED_CONTEXT((#7765))
GLOBAL_UNIT_ASSIGNED_CONTEXT((#7768,#7767,#7766))
REPRESENTATION_CONTEXT('Part 1','COMPONENT_PART')
);
#7763=UNCERTAINTY_MEASURE_WITH_UNIT(LENGTH_MEASURE(1.E-8),#7768,
'DISTANCE_ACCURACY_VALUE','Maximum Tolerance applied to model');
#7764=UNCERTAINTY_MEASURE_WITH_UNIT(LENGTH_MEASURE(2.E-5),#7768,
'DISTANCE_ACCURACY_VALUE','Maximum Tolerance applied to model');
#7765=UNCERTAINTY_MEASURE_WITH_UNIT(LENGTH_MEASURE(2.E-5),#7768,
'DISTANCE_ACCURACY_VALUE','Maximum Tolerance applied to model');
#7766=(
NAMED_UNIT(*)
SI_UNIT($,.STERADIAN.)
SOLID_ANGLE_UNIT()
);
#7767=(
NAMED_UNIT(*)
PLANE_ANGLE_UNIT()
SI_UNIT($,.RADIAN.)
);
#7768=(
LENGTH_UNIT()
NAMED_UNIT(*)
SI_UNIT($,.METRE.)
);
#7769=PRODUCT_DEFINITION_SHAPE('','',#7774);
#7770=PRODUCT_DEFINITION_SHAPE('','',#7775);
#7771=PRODUCT_DEFINITION_SHAPE(' ','NAUO PRDDFN',#81);
#7772=PRODUCT_DEFINITION_SHAPE('','',#7776);
#7773=PRODUCT_DEFINITION_SHAPE(' ','NAUO PRDDFN',#82);
#7774=PRODUCT_DEFINITION('','',#7780,#7777);
#7775=PRODUCT_DEFINITION('','',#7781,#7778);
#7776=PRODUCT_DEFINITION('','',#7782,#7779);
#7777=PRODUCT_DEFINITION_CONTEXT('',#7796,'design');
#7778=PRODUCT_DEFINITION_CONTEXT('',#7796,'design');
#7779=PRODUCT_DEFINITION_CONTEXT('',#7796,'design');
#7780=PRODUCT_DEFINITION_FORMATION_WITH_SPECIFIED_SOURCE('','',#7786,
 .NOT_KNOWN.);
#7781=PRODUCT_DEFINITION_FORMATION_WITH_SPECIFIED_SOURCE('','',#7787,
 .NOT_KNOWN.);
#7782=PRODUCT_DEFINITION_FORMATION_WITH_SPECIFIED_SOURCE('','',#7788,
 .NOT_KNOWN.);
#7783=PRODUCT_RELATED_PRODUCT_CATEGORY('','',(#7786));
#7784=PRODUCT_RELATED_PRODUCT_CATEGORY('','',(#7787));
#7785=PRODUCT_RELATED_PRODUCT_CATEGORY('','',(#7788));
#7786=PRODUCT('Assembly 1','Assembly 1','Assembly 1',(#7792));
#7787=PRODUCT('Part 1','Part 1','Part 1',(#7793));
#7788=PRODUCT('Part 1','Part 1','Part 1',(#7794));
#7789=PRODUCT_CATEGORY('','');
#7790=PRODUCT_CATEGORY('','');
#7791=PRODUCT_CATEGORY('','');
#7792=PRODUCT_CONTEXT('',#7796,'mechanical');
#7793=PRODUCT_CONTEXT('',#7796,'mechanical');
#7794=PRODUCT_CONTEXT('',#7796,'mechanical');
#7795=APPLICATION_PROTOCOL_DEFINITION('international standard',
'ap242_managed_model_based_3d_engineering',2020,#7796);
#7796=APPLICATION_CONTEXT('managed model based 3d engineering');
ENDSEC;
END-ISO-10303-21;
